/*
 Navicat Premium Data Transfer

 Source Server         : localhost
 Source Server Type    : MySQL
 Source Server Version : 100406
 Source Host           : localhost:3306
 Source Schema         : spiritbooks

 Target Server Type    : MySQL
 Target Server Version : 100406
 File Encoding         : 65001

 Date: 22/06/2021 21:50:56
*/

SET NAMES utf8mb4;
SET FOREIGN_KEY_CHECKS = 0;

-- ----------------------------
-- Table structure for adjustmenthistory
-- ----------------------------
DROP TABLE IF EXISTS `adjustmenthistory`;
CREATE TABLE `adjustmenthistory`  (
  `NoTransaksi` varchar(55) CHARACTER SET latin1 COLLATE latin1_swedish_ci NOT NULL,
  `TglTransaksi` date NOT NULL,
  `TglPencatatan` datetime(6) NOT NULL,
  `KodeUser` varchar(255) CHARACTER SET latin1 COLLATE latin1_swedish_ci NOT NULL,
  `TypeAdjustment` int(1) NOT NULL COMMENT '1: IN, 2 :Out',
  `TotalAdjustment` double(16, 2) NOT NULL,
  `CreatedBy` varchar(255) CHARACTER SET latin1 COLLATE latin1_swedish_ci NOT NULL,
  `Createdon` datetime(6) NOT NULL,
  `Keterangan` varchar(255) CHARACTER SET latin1 COLLATE latin1_swedish_ci NOT NULL,
  PRIMARY KEY (`NoTransaksi`) USING BTREE
) ENGINE = InnoDB CHARACTER SET = latin1 COLLATE = latin1_swedish_ci ROW_FORMAT = Dynamic;

-- ----------------------------
-- Records of adjustmenthistory
-- ----------------------------

-- ----------------------------
-- Table structure for inbox
-- ----------------------------
DROP TABLE IF EXISTS `inbox`;
CREATE TABLE `inbox`  (
  `id` int(11) NOT NULL AUTO_INCREMENT,
  `userid` varchar(50) CHARACTER SET latin1 COLLATE latin1_swedish_ci NOT NULL,
  `DeviceID` varchar(50) CHARACTER SET latin1 COLLATE latin1_swedish_ci NOT NULL,
  `MessageDate` datetime(0) NOT NULL,
  `Message` text CHARACTER SET latin1 COLLATE latin1_swedish_ci NOT NULL,
  `Read` bit(1) NOT NULL,
  PRIMARY KEY (`id`) USING BTREE
) ENGINE = InnoDB AUTO_INCREMENT = 6 CHARACTER SET = latin1 COLLATE = latin1_swedish_ci ROW_FORMAT = Dynamic;

-- ----------------------------
-- Records of inbox
-- ----------------------------
INSERT INTO `inbox` VALUES (1, 'aistest', '1eaf7d1ed9aee723', '2021-06-15 05:47:29', '', b'1');
INSERT INTO `inbox` VALUES (2, 'aistest', '1eaf7d1ed9aee723', '2021-06-15 05:47:33', 'v', b'1');
INSERT INTO `inbox` VALUES (3, 'aistest', '1eaf7d1ed9aee723', '2021-06-15 06:41:14', 'test', b'1');
INSERT INTO `inbox` VALUES (4, 'aistest', '1eaf7d1ed9aee723', '2021-06-15 07:10:42', 'test', b'1');
INSERT INTO `inbox` VALUES (5, 'aistest', '1eaf7d1ed9aee723', '2021-06-15 10:12:16', 'boleh silahkan', b'1');

-- ----------------------------
-- Table structure for lastlocation
-- ----------------------------
DROP TABLE IF EXISTS `lastlocation`;
CREATE TABLE `lastlocation`  (
  `id` int(11) NOT NULL AUTO_INCREMENT,
  `userid` varchar(55) CHARACTER SET latin1 COLLATE latin1_swedish_ci NOT NULL,
  `kodebuku` varchar(255) CHARACTER SET latin1 COLLATE latin1_swedish_ci NOT NULL,
  `lastlocation` text CHARACTER SET latin1 COLLATE latin1_swedish_ci NOT NULL,
  PRIMARY KEY (`id`) USING BTREE
) ENGINE = InnoDB AUTO_INCREMENT = 1 CHARACTER SET = latin1 COLLATE = latin1_swedish_ci ROW_FORMAT = Dynamic;

-- ----------------------------
-- Records of lastlocation
-- ----------------------------

-- ----------------------------
-- Table structure for outbox
-- ----------------------------
DROP TABLE IF EXISTS `outbox`;
CREATE TABLE `outbox`  (
  `id` int(11) NOT NULL AUTO_INCREMENT,
  `userid` varchar(50) CHARACTER SET latin1 COLLATE latin1_swedish_ci NOT NULL,
  `DeviceID` varchar(50) CHARACTER SET latin1 COLLATE latin1_swedish_ci NOT NULL,
  `MessageDate` datetime(0) NOT NULL,
  `Message` text CHARACTER SET latin1 COLLATE latin1_swedish_ci NOT NULL,
  `Read` bit(1) NOT NULL,
  `ReplyBy` varchar(255) CHARACTER SET latin1 COLLATE latin1_swedish_ci NULL DEFAULT NULL,
  PRIMARY KEY (`id`) USING BTREE
) ENGINE = InnoDB AUTO_INCREMENT = 4 CHARACTER SET = latin1 COLLATE = latin1_swedish_ci ROW_FORMAT = Dynamic;

-- ----------------------------
-- Records of outbox
-- ----------------------------
INSERT INTO `outbox` VALUES (1, 'aistest', 'XX', '2021-06-15 09:43:27', 'asd', b'1', 'aistest');
INSERT INTO `outbox` VALUES (2, 'aistest', 'XX', '2021-06-15 09:46:19', 'memilih jadi kere salah', b'1', 'aistest');
INSERT INTO `outbox` VALUES (3, 'aistest', 'XX', '2021-06-15 10:12:04', 'coba ini saya chat lgi', b'1', 'aistest');

-- ----------------------------
-- Table structure for permission
-- ----------------------------
DROP TABLE IF EXISTS `permission`;
CREATE TABLE `permission`  (
  `id` int(11) NOT NULL AUTO_INCREMENT,
  `permissionname` varchar(255) CHARACTER SET latin1 COLLATE latin1_swedish_ci NULL DEFAULT NULL,
  `link` varchar(255) CHARACTER SET latin1 COLLATE latin1_swedish_ci NULL DEFAULT NULL,
  `ico` varchar(255) CHARACTER SET latin1 COLLATE latin1_swedish_ci NULL DEFAULT NULL,
  `menusubmenu` varchar(255) CHARACTER SET latin1 COLLATE latin1_swedish_ci NULL DEFAULT NULL,
  `multilevel` bit(1) NULL DEFAULT NULL,
  `separator` bit(1) NULL DEFAULT NULL,
  `order` int(255) NULL DEFAULT NULL,
  `status` bit(1) NULL DEFAULT NULL,
  `AllowMobile` bit(1) NULL DEFAULT NULL,
  `MobileRoute` varchar(255) CHARACTER SET latin1 COLLATE latin1_swedish_ci NULL DEFAULT NULL,
  `MobileLogo` int(255) NULL DEFAULT NULL,
  PRIMARY KEY (`id`) USING BTREE
) ENGINE = InnoDB AUTO_INCREMENT = 17 CHARACTER SET = latin1 COLLATE = latin1_swedish_ci ROW_FORMAT = Dynamic;

-- ----------------------------
-- Records of permission
-- ----------------------------
INSERT INTO `permission` VALUES (1, 'User Management', NULL, 'fa-user', '0', b'1', b'0', 0, b'1', NULL, NULL, NULL);
INSERT INTO `permission` VALUES (2, 'Daftar Pengguna Aplikasi', 'Home/user', NULL, '1', b'1', b'0', 1, b'1', NULL, NULL, NULL);
INSERT INTO `permission` VALUES (3, 'Daftar Pengguna Aplikasi', NULL, NULL, '1', b'1', b'0', 2, b'0', NULL, NULL, NULL);
INSERT INTO `permission` VALUES (4, 'Management Content', NULL, 'fa-folder-open', '0', b'1', b'0', 3, b'1', NULL, NULL, NULL);
INSERT INTO `permission` VALUES (5, 'Kategori Buku', 'Home/kategori', NULL, '4', b'1', b'0', 4, b'1', NULL, NULL, NULL);
INSERT INTO `permission` VALUES (6, 'Daftar Buku', 'Home/buku', NULL, '4', b'1', b'0', 5, b'1', NULL, NULL, NULL);
INSERT INTO `permission` VALUES (7, 'Transaksi', NULL, 'fa-briefcase', '0', b'1', b'0', 6, b'1', NULL, NULL, NULL);
INSERT INTO `permission` VALUES (8, 'Daftar Media Pembayaran', 'Home/metodepembayaran', NULL, '7', b'1', b'0', 7, b'1', NULL, NULL, NULL);
INSERT INTO `permission` VALUES (9, 'Daftar Penjualan Buku', 'Home/daftartransaksi', NULL, '7', b'1', b'0', 8, b'1', NULL, NULL, NULL);
INSERT INTO `permission` VALUES (10, 'Laporan', NULL, 'fa-bar-chart-o', '0', b'1', b'0', 9, b'1', NULL, NULL, NULL);
INSERT INTO `permission` VALUES (11, 'Laporan Penjualan', 'Home/rptPenjualan', NULL, '10', b'1', b'0', 10, b'1', NULL, NULL, NULL);
INSERT INTO `permission` VALUES (12, 'Laporan Uang Masuk', NULL, NULL, '10', b'1', b'0', 11, b'0', NULL, NULL, NULL);
INSERT INTO `permission` VALUES (13, 'Saldo Akun', 'Home/saldoperaccount', NULL, '7', b'1', b'0', 12, b'1', NULL, NULL, NULL);
INSERT INTO `permission` VALUES (14, 'Daftar Pembayaran Top Up', 'Home/pembayaran', NULL, '7', b'1', b'0', 13, b'1', NULL, NULL, NULL);
INSERT INTO `permission` VALUES (15, 'Help Desk', 'Home/chat', 'fa-phone', '0', b'0', b'0', 14, b'1', NULL, NULL, NULL);
INSERT INTO `permission` VALUES (16, 'Promo', NULL, 'fa-dollar', '0', b'0', b'0', 15, b'0', NULL, NULL, NULL);

-- ----------------------------
-- Table structure for permissionrole
-- ----------------------------
DROP TABLE IF EXISTS `permissionrole`;
CREATE TABLE `permissionrole`  (
  `roleid` int(11) NOT NULL,
  `permissionid` int(11) NOT NULL
) ENGINE = InnoDB CHARACTER SET = latin1 COLLATE = latin1_swedish_ci ROW_FORMAT = Dynamic;

-- ----------------------------
-- Records of permissionrole
-- ----------------------------
INSERT INTO `permissionrole` VALUES (1, 1);
INSERT INTO `permissionrole` VALUES (1, 2);
INSERT INTO `permissionrole` VALUES (1, 3);
INSERT INTO `permissionrole` VALUES (1, 4);
INSERT INTO `permissionrole` VALUES (1, 5);
INSERT INTO `permissionrole` VALUES (1, 6);
INSERT INTO `permissionrole` VALUES (1, 7);
INSERT INTO `permissionrole` VALUES (1, 8);
INSERT INTO `permissionrole` VALUES (1, 9);
INSERT INTO `permissionrole` VALUES (1, 10);
INSERT INTO `permissionrole` VALUES (1, 11);
INSERT INTO `permissionrole` VALUES (1, 12);
INSERT INTO `permissionrole` VALUES (2, 1);
INSERT INTO `permissionrole` VALUES (2, 2);
INSERT INTO `permissionrole` VALUES (2, 3);
INSERT INTO `permissionrole` VALUES (2, 4);
INSERT INTO `permissionrole` VALUES (2, 5);
INSERT INTO `permissionrole` VALUES (2, 6);
INSERT INTO `permissionrole` VALUES (2, 7);
INSERT INTO `permissionrole` VALUES (2, 8);
INSERT INTO `permissionrole` VALUES (2, 9);
INSERT INTO `permissionrole` VALUES (2, 10);
INSERT INTO `permissionrole` VALUES (2, 11);
INSERT INTO `permissionrole` VALUES (2, 12);
INSERT INTO `permissionrole` VALUES (1, 13);
INSERT INTO `permissionrole` VALUES (1, 14);
INSERT INTO `permissionrole` VALUES (1, 15);
INSERT INTO `permissionrole` VALUES (1, 16);
INSERT INTO `permissionrole` VALUES (2, 13);
INSERT INTO `permissionrole` VALUES (2, 14);
INSERT INTO `permissionrole` VALUES (2, 15);
INSERT INTO `permissionrole` VALUES (2, 16);

-- ----------------------------
-- Table structure for roles
-- ----------------------------
DROP TABLE IF EXISTS `roles`;
CREATE TABLE `roles`  (
  `id` int(11) NOT NULL AUTO_INCREMENT,
  `rolename` varchar(255) CHARACTER SET latin1 COLLATE latin1_swedish_ci NULL DEFAULT NULL,
  PRIMARY KEY (`id`) USING BTREE
) ENGINE = InnoDB AUTO_INCREMENT = 6 CHARACTER SET = latin1 COLLATE = latin1_swedish_ci ROW_FORMAT = Dynamic;

-- ----------------------------
-- Records of roles
-- ----------------------------
INSERT INTO `roles` VALUES (1, 'SuperAdmin');
INSERT INTO `roles` VALUES (2, 'Admin');
INSERT INTO `roles` VALUES (3, 'Publisher');
INSERT INTO `roles` VALUES (4, 'User');
INSERT INTO `roles` VALUES (5, 'Manager');

-- ----------------------------
-- Table structure for tbuku
-- ----------------------------
DROP TABLE IF EXISTS `tbuku`;
CREATE TABLE `tbuku`  (
  `id` int(11) NOT NULL AUTO_INCREMENT,
  `KodeItem` varchar(255) CHARACTER SET utf8mb4 COLLATE utf8mb4_general_ci NOT NULL,
  `kategoriID` int(11) NOT NULL,
  `judul` varchar(50) CHARACTER SET utf8mb4 COLLATE utf8mb4_general_ci NOT NULL,
  `description` varchar(255) CHARACTER SET utf8mb4 COLLATE utf8mb4_general_ci NOT NULL,
  `releasedate` date NOT NULL,
  `releaseperiod` varchar(6) CHARACTER SET utf8mb4 COLLATE utf8mb4_general_ci NOT NULL,
  `picture` varchar(255) CHARACTER SET utf8mb4 COLLATE utf8mb4_general_ci NOT NULL,
  `picture_base64` text CHARACTER SET utf8mb4 COLLATE utf8mb4_general_ci NOT NULL,
  `harga` double(19, 2) NOT NULL,
  `ppn` double(19, 2) NOT NULL,
  `otherprice` double(10, 2) NOT NULL,
  `epub` varchar(255) CHARACTER SET utf8mb4 COLLATE utf8mb4_general_ci NOT NULL,
  `epub_full` varchar(255) CHARACTER SET utf8mb4 COLLATE utf8mb4_general_ci NOT NULL,
  `avgrate` double(10, 2) NOT NULL DEFAULT 0,
  `status_publikasi` int(255) NOT NULL COMMENT '1: Publish, 2:draft,3:discard,0:pasive',
  `createdby` varchar(255) CHARACTER SET utf8mb4 COLLATE utf8mb4_general_ci NOT NULL,
  `createdon` datetime(6) NOT NULL,
  PRIMARY KEY (`id`) USING BTREE
) ENGINE = InnoDB AUTO_INCREMENT = 4 CHARACTER SET = utf8mb4 COLLATE = utf8mb4_general_ci ROW_FORMAT = Dynamic;

-- ----------------------------
-- Records of tbuku
-- ----------------------------
INSERT INTO `tbuku` VALUES (2, '100001', 1, 'Tenanglah Kini Hatiku', 'Di dunia yang makin cepat, tuntutan pun makin berat dan persaingan makin ketat. Banyak orang lalu meledak. Mereka lelah, tertekan dan putus asa karena semua ternyata sia-sia. Anda mengalaminya? Di tengah berbagai gejolak hidup, mari temukan ketenangan. Di', '2021-06-17', '202106', 'https://project.aiscoder.com/spiritweb/localData/image/100001.jpg', 'data:image/jpeg;base64,/9j/4AAQSkZJRgABAQEBLAEsAAD/4gxYSUNDX1BST0ZJTEUAAQEAAAxITGlubwIQAABtbnRyUkdCIFhZWiAHzgACAAkABgAxAABhY3NwTVNGVAAAAABJRUMgc1JHQgAAAAAAAAAAAAAAAAAA9tYAAQAAAADTLUhQICAAAAAAAAAAAAAAAAAAAAAAAAAAAAAAAAAAAAAAAAAAAAAAAAAAAAAAAAAAAAAAABFjcHJ0AAABUAAAADNkZXNjAAABhAAAAGx3dHB0AAAB8AAAABRia3B0AAACBAAAABRyWFlaAAACGAAAABRnWFlaAAACLAAAABRiWFlaAAACQAAAABRkbW5kAAACVAAAAHBkbWRkAAACxAAAAIh2dWVkAAADTAAAAIZ2aWV3AAAD1AAAACRsdW1pAAAD+AAAABRtZWFzAAAEDAAAACR0ZWNoAAAEMAAAAAxyVFJDAAAEPAAACAxnVFJDAAAEPAAACAxiVFJDAAAEPAAACAx0ZXh0AAAAAENvcHlyaWdodCAoYykgMTk5OCBIZXdsZXR0LVBhY2thcmQgQ29tcGFueQAAZGVzYwAAAAAAAAASc1JHQiBJRUM2MTk2Ni0yLjEAAAAAAAAAAAAAABJzUkdCIElFQzYxOTY2LTIuMQAAAAAAAAAAAAAAAAAAAAAAAAAAAAAAAAAAAAAAAAAAAAAAAAAAAAAAAAAAAAAAAAAAWFlaIAAAAAAAAPNRAAEAAAABFsxYWVogAAAAAAAAAAAAAAAAAAAAAFhZWiAAAAAAAABvogAAOPUAAAOQWFlaIAAAAAAAAGKZAAC3hQAAGNpYWVogAAAAAAAAJKAAAA+EAAC2z2Rlc2MAAAAAAAAAFklFQyBodHRwOi8vd3d3LmllYy5jaAAAAAAAAAAAAAAAFklFQyBodHRwOi8vd3d3LmllYy5jaAAAAAAAAAAAAAAAAAAAAAAAAAAAAAAAAAAAAAAAAAAAAAAAAAAAAAAAAAAAAABkZXNjAAAAAAAAAC5JRUMgNjE5NjYtMi4xIERlZmF1bHQgUkdCIGNvbG91ciBzcGFjZSAtIHNSR0IAAAAAAAAAAAAAAC5JRUMgNjE5NjYtMi4xIERlZmF1bHQgUkdCIGNvbG91ciBzcGFjZSAtIHNSR0IAAAAAAAAAAAAAAAAAAAAAAAAAAAAAZGVzYwAAAAAAAAAsUmVmZXJlbmNlIFZpZXdpbmcgQ29uZGl0aW9uIGluIElFQzYxOTY2LTIuMQAAAAAAAAAAAAAALFJlZmVyZW5jZSBWaWV3aW5nIENvbmRpdGlvbiBpbiBJRUM2MTk2Ni0yLjEAAAAAAAAAAAAAAAAAAAAAAAAAAAAAAAAAAHZpZXcAAAAAABOk/gAUXy4AEM8UAAPtzAAEEwsAA1yeAAAAAVhZWiAAAAAAAEwJVgBQAAAAVx/nbWVhcwAAAAAAAAABAAAAAAAAAAAAAAAAAAAAAAAAAo8AAAACc2lnIAAAAABDUlQgY3VydgAAAAAAAAQAAAAABQAKAA8AFAAZAB4AIwAoAC0AMgA3ADsAQABFAEoATwBUAFkAXgBjAGgAbQByAHcAfACBAIYAiwCQAJUAmgCfAKQAqQCuALIAtwC8AMEAxgDLANAA1QDbAOAA5QDrAPAA9gD7AQEBBwENARMBGQEfASUBKwEyATgBPgFFAUwBUgFZAWABZwFuAXUBfAGDAYsBkgGaAaEBqQGxAbkBwQHJAdEB2QHhAekB8gH6AgMCDAIUAh0CJgIvAjgCQQJLAlQCXQJnAnECegKEAo4CmAKiAqwCtgLBAssC1QLgAusC9QMAAwsDFgMhAy0DOANDA08DWgNmA3IDfgOKA5YDogOuA7oDxwPTA+AD7AP5BAYEEwQgBC0EOwRIBFUEYwRxBH4EjASaBKgEtgTEBNME4QTwBP4FDQUcBSsFOgVJBVgFZwV3BYYFlgWmBbUFxQXVBeUF9gYGBhYGJwY3BkgGWQZqBnsGjAadBq8GwAbRBuMG9QcHBxkHKwc9B08HYQd0B4YHmQesB78H0gflB/gICwgfCDIIRghaCG4IggiWCKoIvgjSCOcI+wkQCSUJOglPCWQJeQmPCaQJugnPCeUJ+woRCicKPQpUCmoKgQqYCq4KxQrcCvMLCwsiCzkLUQtpC4ALmAuwC8gL4Qv5DBIMKgxDDFwMdQyODKcMwAzZDPMNDQ0mDUANWg10DY4NqQ3DDd4N+A4TDi4OSQ5kDn8Omw62DtIO7g8JDyUPQQ9eD3oPlg+zD88P7BAJECYQQxBhEH4QmxC5ENcQ9RETETERTxFtEYwRqhHJEegSBxImEkUSZBKEEqMSwxLjEwMTIxNDE2MTgxOkE8UT5RQGFCcUSRRqFIsUrRTOFPAVEhU0FVYVeBWbFb0V4BYDFiYWSRZsFo8WshbWFvoXHRdBF2UXiReuF9IX9xgbGEAYZRiKGK8Y1Rj6GSAZRRlrGZEZtxndGgQaKhpRGncanhrFGuwbFBs7G2MbihuyG9ocAhwqHFIcexyjHMwc9R0eHUcdcB2ZHcMd7B4WHkAeah6UHr4e6R8THz4faR+UH78f6iAVIEEgbCCYIMQg8CEcIUghdSGhIc4h+yInIlUigiKvIt0jCiM4I2YjlCPCI/AkHyRNJHwkqyTaJQklOCVoJZclxyX3JicmVyaHJrcm6CcYJ0kneierJ9woDSg/KHEooijUKQYpOClrKZ0p0CoCKjUqaCqbKs8rAis2K2krnSvRLAUsOSxuLKIs1y0MLUEtdi2rLeEuFi5MLoIuty7uLyQvWi+RL8cv/jA1MGwwpDDbMRIxSjGCMbox8jIqMmMymzLUMw0zRjN/M7gz8TQrNGU0njTYNRM1TTWHNcI1/TY3NnI2rjbpNyQ3YDecN9c4FDhQOIw4yDkFOUI5fzm8Ofk6Njp0OrI67zstO2s7qjvoPCc8ZTykPOM9Ij1hPaE94D4gPmA+oD7gPyE/YT+iP+JAI0BkQKZA50EpQWpBrEHuQjBCckK1QvdDOkN9Q8BEA0RHRIpEzkUSRVVFmkXeRiJGZ0arRvBHNUd7R8BIBUhLSJFI10kdSWNJqUnwSjdKfUrESwxLU0uaS+JMKkxyTLpNAk1KTZNN3E4lTm5Ot08AT0lPk0/dUCdQcVC7UQZRUFGbUeZSMVJ8UsdTE1NfU6pT9lRCVI9U21UoVXVVwlYPVlxWqVb3V0RXklfgWC9YfVjLWRpZaVm4WgdaVlqmWvVbRVuVW+VcNVyGXNZdJ114XcleGl5sXr1fD19hX7NgBWBXYKpg/GFPYaJh9WJJYpxi8GNDY5dj62RAZJRk6WU9ZZJl52Y9ZpJm6Gc9Z5Nn6Wg/aJZo7GlDaZpp8WpIap9q92tPa6dr/2xXbK9tCG1gbbluEm5rbsRvHm94b9FwK3CGcOBxOnGVcfByS3KmcwFzXXO4dBR0cHTMdSh1hXXhdj52m3b4d1Z3s3gReG54zHkqeYl553pGeqV7BHtje8J8IXyBfOF9QX2hfgF+Yn7CfyN/hH/lgEeAqIEKgWuBzYIwgpKC9INXg7qEHYSAhOOFR4Wrhg6GcobXhzuHn4gEiGmIzokziZmJ/opkisqLMIuWi/yMY4zKjTGNmI3/jmaOzo82j56QBpBukNaRP5GokhGSepLjk02TtpQglIqU9JVflcmWNJaflwqXdZfgmEyYuJkkmZCZ/JpomtWbQpuvnByciZz3nWSd0p5Anq6fHZ+Ln/qgaaDYoUehtqImopajBqN2o+akVqTHpTilqaYapoum/adup+CoUqjEqTepqaocqo+rAqt1q+msXKzQrUStuK4trqGvFq+LsACwdbDqsWCx1rJLssKzOLOutCW0nLUTtYq2AbZ5tvC3aLfguFm40blKucK6O7q1uy67p7whvJu9Fb2Pvgq+hL7/v3q/9cBwwOzBZ8Hjwl/C28NYw9TEUcTOxUvFyMZGxsPHQce/yD3IvMk6ybnKOMq3yzbLtsw1zLXNNc21zjbOts83z7jQOdC60TzRvtI/0sHTRNPG1EnUy9VO1dHWVdbY11zX4Nhk2OjZbNnx2nba+9uA3AXcit0Q3ZbeHN6i3ynfr+A24L3hROHM4lPi2+Nj4+vkc+T85YTmDeaW5x/nqegy6LzpRunQ6lvq5etw6/vshu0R7ZzuKO6070DvzPBY8OXxcvH/8ozzGfOn9DT0wvVQ9d72bfb794r4Gfio+Tj5x/pX+uf7d/wH/Jj9Kf26/kv+3P9t////2wBDAAMCAgMCAgMDAwMEAwMEBQgFBQQEBQoHBwYIDAoMDAsKCwsNDhIQDQ4RDgsLEBYQERMUFRUVDA8XGBYUGBIUFRT/2wBDAQMEBAUEBQkFBQkUDQsNFBQUFBQUFBQUFBQUFBQUFBQUFBQUFBQUFBQUFBQUFBQUFBQUFBQUFBQUFBQUFBQUFBT/wAARCAiYBgQDASIAAhEBAxEB/8QAHgAAAAcBAQEBAAAAAAAAAAAAAAECAwQFBgcICQr/xABwEAABAwMCBAIEBQkQCw8BAg8BAAIDBAURBiEHEjFBE1EIImFxCRQygZEVFiNCobGy0dIXJDZSVmJyc3R1kpOUlbPBGTM0NTc4U1WCouEYJSZDREVGVGNkg6O0wtMn8FdlhIXEKHbD8SmkR+LjObX/xAAdAQAABwEBAQAAAAAAAAAAAAAAAQIDBAUGBwgJ/8QATBEAAQMCBAIFBwkGBAUFAQADAQACAwQRBRIhMUFRBhMiYXEUMoGRobHRBxUWFyNSU5LBNEJUYnLhJDM18DaCk6KyCBhDRPElc8Im/9oADAMBAAIRAxEAPwCdxM4k6vpOJGq4INVXyCCK7VcccUdyma1jRM4BoAdgADbCzQ4pa0/Vff8A+dJ/ykriof8A6n6v/fmt/p3rKhehaSmgNPGTGPNHAch3LyjW1dQKmUCQ+ceJ5nvWn/NT1r+q+/8A86TflIfmqa1/Vff/AOdJvylmce5EQpfklP8Aht9Q+CheWVH4jvWfitP+aprT9V9//nOb8pA8VNan/pff/wCdJvylmAEMDyCHklP+G31D4IeWVH4jvWfitOOKetM/ovv/APOk35SH5qetM/owv/8AOk35SzHKk98ovJKf8NvqHwR+WVH4jvWfitT+anrX9V9//nSb8pF+anrX9V9//nSf8pZhBH5JT/ht9Q+CHllT+I71n4rT/mp61/Vff/50n/KQ/NU1r+q+/wD86T/lLMIsIvJKf8NvqHwR+WVH4jvWfitP+aprX9WF/wD50m/KR/mp61/Vff8A+dJ/yll8IEZQ8kp/w2+ofBDyyo/EPrPxWoPFTWvbV9//AJ0m/KQHFTWv6r7/APzpP+Usvj2IsIeSU/4bfUPgh5ZUfiO9Z+K1P5qetP1X3/8AnSf8pD81TWv6r7//ADpN+Ust0Q7oeSU/4bfUPgh5ZUfiO9Z+K1P5qmtT/wBL7/8AzpN+Ui/NT1r+q+/fzpP+Usv0QQ8kp/w2+ofBDyyp/Ed6z8VqfzVNa/qvv/8AOk35SI8VNa/qvv5//Kk/5Sy5OSgh5JT/AIbfUPgh5ZUfiO9Z+K1H5qetf1X38/8A5Un/ACkPzVNa/qvv386T/lLL5QzhF5JT/ht9Q+CHllT+I71n4rUfmqa1/Vffv50n/KRfmqa1/Vff/wCdJ/ylmO3RBDySn/Db6h8EPLKj8R3rPxWn/NU1r+q+/wD86T/lIfmp61/Vhf8A+dJ/yll0EPJKf8NvqHwR+WVH4jvWfitT+aprUf8AS+//AM6T/lIfmqa1/Vffv50n/KWWR4yN0PJKf8NvqHwQ8sqPxHes/FaY8VNa5/Rhf8fvpP8AlIxxU1qP+l9//nSf8pZfAQxlDySn/Db6h8EPLKj8R3rPxWo/NU1r+q+//wA6T/lIfmp60H/S+/8A86T/AJSy+PNDCLySn/DHqHwQ8sqPxHes/Faj81PWv6r7/wDzpP8AlIfmp61/Vff/AOdJ/wApZfAQ6I/JKf8ADb6h8EPLKj8R3rPxWmdxU1qD+i+//wA6T/lIfmp62/Vhf/50n/KWYIyjwCh5JT/ht9Q+CV5ZUfiO9Z+K0v5qutf1X3/+dJ/ykPzVdbfqwv8A/Ok/5SzHKiLd/Yh5JT/ht9Q+CHllR+IfWfitP+arrb9WF/8A50n/ACkPzVNbfqwv/wDOk/5SzAGESHklP+G31D4IeWVH4h9Z+K1H5qmtv1YX/wDnSf8AKQ/NU1t+rC//AM6T/lLLgHCGN0PJKf8ADb6h8EfldR+IfWfitR+arrX9WF//AJ0n/KRfmq62/Vff/wCdJ/yll8YQReSU/wCG31D4IeV1H4h9Z+K1H5qutv1YX/8AnSf8pH+atrb9V9//AJ0n/KWWIwEO/QI/JKf8NvqHwQ8sqPxD6z8VqfzVdbfqwv8A/Ok/5SH5qutv1YX/APnSf8pZbCHL7Ai8lp/w2+ofBDyuo/EPrPxWp/NV1t+rC/8A86T/AJSH5qmtv1YX/wDnSf8AKWW5T5IcvsQ8lp/w2+ofBDyuo/EPrPxWo/NV1t+q+/8A86T/AJSH5qutv1X3/wDnSf8AKWWIIQQ8kp/wx6h8EPK6j8Q+s/Fan81XW36r7/8AzpP+Uh+atrX9V9//AJ0n/KWW3QwcdEPJKf8ADHqHwQ8rqPxD6z8VqfzVdbfqvv8A/Ok/5SH5q2tv1X3/APnSf8pZb3ot0PJKf8NvqHwQ8rqPxHes/Far81XW36r7/wDzpP8AlIfmra2/Vff/AOdJ/wApZVHgoeSU/wCG31D4IeV1H4jvWfitT+arrb9V9/8A50n/ACkf5q2tv1X3/wDnSf8AKWV3QBKHktP+G31D4IeV1H4jvWfitT+arrb9WF//AJ0n/KRHirrb9WGoP50n/KWXz7EM57IeS0/4bfUPgj8sqPxHes/Fag8Vdbfqw1B/Ok/5SM8Vtbfqw1B/Ok/5Sy2fYh17IeS0/wCG31D4IeWVH4jvWfitT+atrUD9GF//AJ0n/KRfmra2J/Rhf/50n/KWX+ZDHsQ8lp/wx6h8EPLKj8R3rPxWp/NV1t+rDUH86TflIfmra2/Vhfz/APlSf8pZUjfohg+SHklP+G31D4IeWVH4jvWfitV+arrX9WF//nSf8pD81bW36sL/APzpP+Ust17IfMh5LT/ht9Q+CHllR+IfWfitT+atrb9WF/8A50n/ACkPzVdbfqwv/wDOk/5SyuD5IYKHklP+G31D4IeV1H4h9Z+K1X5qutv1Y3/+dJ/ykPzVda5/Rhf/AOdJ/wApZXHsQwfJDySn/DHqHwQ8rqPxD6z8Vq/zVda/qwv/APOk/wCUiPFbW36sL/8AzpP+Usrj2IYKHklP+G31D4IeV1H4h9Z+K1X5q2tv1X3/APnSf8pD81bW2d9YX/8AnSf8pZXHsQO5Q8lp/wANvqHwQ8rqPxHes/Far81XWp/6YX/+dJ/ykPzVda/qwv8A/Ok/5SyuCgh5JT/hj1D4IeV1H4h9Z+K1X5qutv1YX/8AnSf8pEeKutj/ANML/wDzpP8AlLLfMh0Q8kp/wx6h8EPLKj8Q+s/FaocVdbY31hf/AOdJ/wApD81bW36sL/8AzpP+UsrnZBDySn/Db6h8EPLKj8Q+s/Far81XW36sL/8AzpP+Uj/NV1t+rC//AM6T/lLKIfMh5JT/AIbfUPgh5XUfiH1n4rV/mq61/Vhf/wCdJ/ykX5qutv1YX/8AnSf8pZU7IZQ8kp/w2+ofBDyyo/EPrPxWr/NV1r+rC/8A86T/AJSL81XW36sL/wDzpP8AlLKgoycdkPJaf8NvqHwQ8sqPxD6z8VqRxV1t+rC//wA6T/lIfmq62z+jC/8A86T/AJSypKHvCPySn/Db6h8EPK6j8R3rPxWq/NW1t21hf/50n/KQ/NV1t+rDUH86T/lLLfMhjHZF5LT/AIbfUPgh5ZUfiO9Z+K1H5qutv1YX/wDnSf8AKQPFXWv6sNQfzpP+Usvg+SLHsQ8kp/w2+ofBDyyo/EPrPxWp/NX1r+rC/wD86T/lIfmra2/Vhf8A+dJ/ylltvJBDySn/AA2+ofBH5ZUfiO9Z+K1X5qutf1YX/wDnSf8AKSfzVdbfqx1B/Ok/5Sy/zIIeSU/4bfUPgh5ZUfiO9Z+K1P5qutv1Y6g/nWf8pEeK2tgf0Y6g/nSf8pZZAhDySn/DHqHwQ8sqPxD6z8Vp/wA1bW5/6Y6g/nSf8pH+atrb9WGoP50n/KWWIx2QAz2Q8lp/w2+ofBH5ZUfiH1n4rU/mra2/VjqD+dJ/ykBxW1t+rHUH86z/AJSyxwiAz0Q8lp/w2+ofBDyuo/EPrPxWs/NV1sP+mF/+e6T/AJSL81bW2f0YX/8AnSf8pZfsiHuR+SU/4bfUPgi8rqPxD6z8VqvzVdbfqwv/APOk/wCUh+arrb9WF/8A50n/ACllcIIvJKf8MeofBDyyo/EPrPxWq/NW1r+rC/8A86T/AJSH5q2tf1YX/wDnSf8AKWWQwh5JT/hj1D4I/LKj8Q+s/FagcVtak/owv/8AOk/5SP8ANW1r+rHUH86T/lLKnZBDySn/AA2+ofBF5ZUfiH1n4rVfmra1/Vhf/wCdJ/ykPzVta/qwv/8AOk/5SyqCHklP+GPUPgj8rqPxD6z8VqvzVda/qwv/APOk/wCUh+arrX9WF/8A50n/ACllUEPJKf8ADb6h8EXldR+IfWfitV+atrX9WF//AJ0n/KQ/NV1r+rC//wA6T/lLKoIeSU/4bfUPgh5XUfiH1n4rVfmq61/Vhf8A+dJ/ykPzVda/qwv/APOk/wCUsqgh5JT/AIbfUPgh5XUfiH1n4rVfmq61/Vhf/wCdJ/ykPzVdbfqwv/8AOk/5SyqG6HklP+G31D4I/K6j8Q+s/Far81XWv6sL/wDzpP8AlIfmq61/Vhf/AOdJ/wApZVBDySn/AAx6h8EPK6j8Q+s/Far81XWv6sL/APzpP+Uh+arrX9WF/wD50n/KWVQQ8kp/w2+ofBF5XUfiH1n4rVfmq61/Vhf/AOdJ/wApD81XWv6sL/8AzpP+Usqgh5JT/ht9Q+CHldR+IfWfitV+arrX9WF//nSf8pD81XWv6sL/APzpP+Usqgh5JT/ht9Q+CHldR+IfWfitV+arrb9WF/8A50n/ACkPzVdbfqwv/wDOk/5SyqLm9iHklP8Ahj1D4I/K6j8Q+s/Fav8ANW1r+rC//wA6T/lIfmra1/Vhf/50n/KWU5/YgDnsh5JT/hj1D4IeV1H4jvWfitX+arrb9WF//nSf8pD81XW36sL/APzpP+Usr0CSh5JT/hj1D4IeV1H4h9Z+K1n5q2tv1YX/APnSb8pD81bWw/6Yag/nSf8AKWVHT2ob47IeSU/4Y9Q+CHldR+IfWfitV+avrb9WOoP50n/KQ/NX1t+rHUH86T/lLK7osoeSU/4Y9Q+CHldR+I71n4rVnitrb9WF/wD50n/KSfzV9bfqwv8A/Ok/5Sy+EXLlF5JT/hj1D4IeV1H4h9Z+K1I4r62/VhqD+dJ/ykr81bW36sL/APzpP+Uspyo8IeSU/wCGPUPgi8rqPxD6z8VqjxW1sf8Aphf/AOdJ/wApD81fW36sL/8AzpP+Usqgj8kp/wAMeofBDyuo/EPrPxWqPFbWxH6MdQfzpP8AlIfmra2H/TC//wA6z/lLKoIeSU/4Y9Q+CHldR+IfWfitX+atrb9WF/8A50n/ACkX5qutv1Y6g/nWf8pZZERlDySn/DHqHwQ8rqPxD6z8VqjxW1sP+mOoD/8AlSf8pF+axrb9WF//AJ0n/KWVwUR2ReSU/wCGPUPgj8rqPxD6z8VqzxY1t+rG/wD86T/lIDivrb9WOoP50n/KWUB9iP5kPJKf8MeofBDyuo/EPrPxWrPFbWw3+vC//wA6T/lIvzV9bfqwv/8AOk/5SyrkAAUfklP+G31D4IeV1H4h9Z+K1Q4r61/Vhf8A+dJ/ykf5q2tv1Y3/APnSf8pZPPsRYKHklP8Ahj1D4IeV1H4h9Z+K1v5q+tf1Y3/+dJ/ykPzVtbfqw1Bj99J/yllBjHQIDKHklP8Ahj1D4IeV1H4h9Z+K1f5q2tv1YX/+dJ/ykPzVtbY/RhqD+dJ/yllSdkAh5JT/AIbfUPgi8sqPxD6z8VqvzV9bfqwv/wDOk/5SP81bW36sL/8AzpP+UsoDlBDySn/Db6h8EPK6j8Q+s/Far81bW36sL/8AzpP+Uh+avrU/9ML/AJ/fSf8AKWVzlEBuh5JT/hj1D4IeV1H4h9Z+K1n5q2tv1YX/APnSf8pD81bW36sL/wDzpP8AlLK5QJQ8kp/w2+ofBDyuo/EPrPxWq/NV1t+rC/8A86T/AJSH5q2tv1YX/wDnSf8AKWUR/Mj8kp/w2+ofBDyuo/EPrPxWpHFbW36sL/8AzpP+Uh+atrb9WF//AJ0n/KWVQQ8kp/w2+ofBDyuo/EPrPxWq/NW1t+rC/wD86T/lIfmra2/Vhf8A+dJ/yllUEXklP+GPUPgh5XUfiH1n4rVDirrb9WF//nSf8pA8Vtaj/phf/wCdJ/yllUEPJKf8MeofBDyuo/EPrPxWq/NW1r+rC/8A86T/AJSH5qutf1Yag/nSf8pZVBDyWn/DHqHwQ8sqPxD6z8VqvzVda/qwv/8AOk/5SH5qutf1YX/+dJ/yllUEPJKf8NvqHwQ8sqPxD6z8Vq/zVdbfqwv/APOk/wCUi/NV1t+rC/8A86T/AJSyyJDySn/Db6h8EPK6j8Q+s/Far81bWv6sNQfzpP8AlIjxW1t+rHUH86T/AJSyyCHklP8Ahj1D4I/K6j8Q+s/Fak8VtbAfox1B/Os/5SL81fW/6sdQfzpP+UssRlDCHklP+G31D4IeV1H4h9Z+K1Q4r63/AFYag/nSf8pH+arrbH6ML/8AzpP+UsqjQ8kp/wAMeofBF5XUfiH1n4r1FwG11qS56QrJazUN1q5W172B89bI9wHhxnGS7pufpQVF6PBxout/fB/9HEgshUwQiZwDBvyC3VHUSmnYS87cyuX8Vf8AChq/9+a3+nesstTxVH/1P1f+/Nb/AE71llsKT9mj/pHuC59XftUv9R95RkYCCCJS7qCjRI0EEEWNsIEI0SCCLGeyHKUZHtwjRo7pIaiIwloI0LpCCUhgII7pB6bIA7pTgiwiQRd+iPCCBRo0WN0OVGBhBBBERhFhHndGESCSiS0RGUVkEXVElYQ5dkLIJKMBHhFyoWQQRE4R8qGMIIIBEgh7ESCCAQHRH70EEOndDr3QRdEEEZGAiQQRoIIIDKCCCLGeyHKjRokd0nACPGUO6NBC6TjISS0JeyPGT7EELpsNz8yLCdIARII7psBFjCdQwgjum+w3QJwl4BQLchBC6QP/ALBDPsR8iMsQQSR02R9soiOU+1HyoIJPVHshyokEaCGO6PGAi7IIIIdkYGQEWMoIIIAfMhjKMeSCCLHsQR4QwUEEnojAzujyfJAFBBEUEMZQ6oI0RQ7o9/mQxlBBBBDzygAgggggRhDCCCGcoIwBhF7igggiwEeDhDoggiwEAMI0EEEWAhjyQG2yNBBFy+1DGyNBBBJwco9/JGgggiPRJS0EEEkHCLGT1S0nCCCCG5R4Q80EEW/mhlKxhEeqCCGUXRH7ihg5QQRHzQzlHhDCCCJDG6GEAUEEMhDCHdAoIIFBAIfOgjRbIAI8IBBEhhFjPdH1Q6II0AiRokEEeOiPKHZJQRIzgoIkZGEEaBOUSMdUCMIIIgEaJGEELokEaJBC6CCNDoghdEh0RokELoII8EoII0SCGEEELoIDdDGUEEEeESNDCCJFhEW+1KJQOyCCQW7YRgYRo+iCO6IjKGOiCPCCK6LCCMDKJBBBBBBBHdDuhndHhDCCF0SCCCCCCCCCCJBBBGgjRII0SCJBAjKCCCNFyhGgggggRlBBBBBDv7ERSuyBKCK6SBhDvkJYAKLlQQukjPdH7krlRcuEEd0QCCPBREIIkEMoBBBGhjdBBDplBBBBAlBBBBGiQQRIIIIII0EEEEESCCCCCCCCCCCCCCCCCNDdBGDhAFBFdEgj2ygghdEgjARkIIXXoT0eP0F1v74P/o4kEPR5H/Aut/fB/wDRxILGVX+e/wAVv6MjydnguY8VDnidq8f/AIZrf6d6ypGMFario3HE/V+P88Vv9O9ZY9AFqqT9mj/pHuCwld+1S/1O95RAZKBGEEYbzBS1BSe6NL5EnCFkLokEZakorI0MZRokMokEaCCJHdBGi3RoIIIkN/mRoIIIIIkMIXQQwEOUIII7oIuVAtRnZBC6O6ThBLQQQukIJSGAghdJQSsIuVGjuiQIyjwUCMIIJJblEGpSCJGiwhhGhhBBJ5UCEpBCyCSiS0ELIJHVGN0eERGEVkESGUeESCCCHRDqgPoRIII9wiwjCCCCB2RIIIIIyi8kaCCLCBQQQQQQOyNBBBFhAoIwR5II7oveiI9iVkIYzughdJwhypRRIIXSeTKHIlIZQR3SOXBQwlojugjScbI+XKVhAbBBEkFuEWPYllAII7pGDkIYI75SiNkOXCCF0nCHTZGQg0eYQRpKMDulcqBYAghdJxlABGG+1DBQQRAIEYRjOUMesgiQycIs5GMJXKi5Tn2IIIh13CHdAghEN0EaB6o8BFjujwggiOEEeModEEESCUMeSIoIIicFDsjGO6M9EEElBDCMDIQRokWEZ9iCCCCLG6NAdUEEXRGgQUEEEEEWUaCCCCLv0R53wggggggggiwgAEMIYQQR4RYyjQQQScbocqPCNBBJ5UEpFvlBBF2QR9UeEEEhHsjwEeEEEkIdijwhjdBBEh0R4Qwggi6oYRkFDlQQRYQR8qHKggiQAR47IsboII8hEjwgEEESCPCGEEElHnZHhERhBGiBKNAhDoggh0QJyhnBQxlBBBBABDugiRI8oYQQQQyiQRoI0EPehlAFBEh7UZOUXbCCCCBQ6oID6UEEeBlFhA7FEggjQwhnKGUEEMIIxvlJJ3wgjQQJwjBzlBwyggiQQAwjCCCA3QICPoiwCgiQCGEfKhhBBFhKRDqUaCCCCGcoIIIIIIIIIYCGAggggi5UWEpBBBJx7EWCloII7pOESWggiukIYSiECEEElBGB5okEEEEEEEEEEEEEEErlSUEEEfKhjdEgggjwj6BJRk5QQR75QJwiBwgTlBBehfR630XW/vg/+jjQQ9Hk50XW/vg/+jiQWNqj9s/xW+o/2dnguacU/wDCdq79+K3+messW/OtTxS/wnav/fis/pnrLkdFqaT9mj/pHuCwlef8XL/UfeUksCMDCNBTFBugicjQIyggkkbIg1LIygghdNkZKGAl8qGEEd0jAQ5UrlQxuiQuk8qLCUUELIXSUErAQ7oWR3SEaUR7EMBCyF0lBHhDlRWQuiQR8qIjCFkaCCGEEEESNBEiQQyjRIDdGgjQQ6Iu6F0EMZQwjRI7oIiEWCloII7pGEMpaJGhdJQSsDCLlQR3RII+VFhEgiwhj6EaCNGiA80WUpBEgkgeaGClIIWQScYCAGUpJB3whZBFhDOEoDCHKhZBF2Re9LGyBGULIJJG6JKwgWorIJKAQSuyCCTlBKLQix7ELIIkECjx5IWQRIIIIkEaJH2QCCCLyQ3Q9iCCNESjOwQQwghdAjZEQjQQQuiwgRlGcoII0W4QBKMDCCCCL76HzI0EEEQz5IDzR4Qwggi6ndDsUeEMBBBJIygAcYR4KGEEaSd9kANkYCMjCCCbKUBtuldkSCF0EMZQQHVBEi5QEC3PdKOAESCNIAR5KXgIsAlBC6SEXKnMYQxughdIxhAJff2IYQQukEd0SWEC0HsghdIwgnOUYScII7pOyPlwjDc9UZaEELpCCVyocqCF0jPsRoy3HVEPagjQz7ECeyGNuiGPYgggDlDKGNkeN0EESIo8Y9qGN0EEWdkMowDhDGUEEWUaHTsi+8gghlGjDchDl9qCK6LKLKVyocqCF0nO6NHyocqCF0WUEoD2IvmQQuiRYSyMoiMoIXRYyEWUsDAwkoI0Mokr5keAgiukZQS+UIco8kELpBGUWMpfKhy5QQumy3KPCXye1FyoI7okMbo8YR4QQSO6CUhjJQQScoJRCLKCCSjR4yhhBBEChgoAZ6bo8IIIs7IH2Iz7uiL5kEEPehhDlyjGQMYQRouiGUePmQO6CJEgRk+SCMoIJIyMo9wj6+9DGUEERGyHTsjwgevRBBGgi6I0EEERGUaCCCJDOyGEaCCII0EEEEEEEEEEnmQ5kMFDlKCCHMhnKHKhhBBAHCPmSUEEErmQ5klBBBK5kMpKCCCMlEggggggggggggggggggggggggglB2BjCCCSggjQQRIIz7AiQQXoX0ef0F1v74P/AKOJBH6PI/4F1v74P/o4kFi6r/Pf4rf0f7OzwXNeKf8AhN1d+/FZ/TPWXwVqeKZ/+purv34rP6Z6y57Fauk/Zo/6R7gsFX/tUv8AU73lJQSs7odVMUBJQSuVFyoIXRIIYR4QQRIIIII7oIYQQQQuhhBBBBC6LlCHKEaCCF0XKiLUpBBC6QRgoJeEnG/sQRokOiVgIcoQQSCj7eSVyhJwgjQwiwEYQQQRYQ5UaBKJBEG7IsJXRFn6ULI0WEMbpSI/cQshdFj50EoYQ2KKyF0hGlYCLG6FkLpKNKO6TgoI0OyCA3PRA9UEEEWEEZCO6CLAQ5UaCK6CSWocqUj5Ud0LpHKUWMFLwUMYQR3ScbIktBBC6QglI0ELpCCVgIYCCO6ThAjKPlQ5UaF0SCPlREYQQui6IBGh3QRpPUo8Ao0AggklqHfZKQwiQSSER3S8IiNkLIIgCiS8IsIWQSUOqUQiI3RIIkaGECELIIsI0CgOqCCLCNGeiLuhZBEdkEEESO6CCPogghdFlBBHhBC6LCCCCCF0EMIIII7oYCGEMIskdUEEeMoYCIOBRoIIse1DCBJGUGnIQQQwShhHhDKCCGEn3pQOUWUEEOqGCjOwRdQgghnsiRgI9kEEkI8I8IY2QQSeiPAQxjsh0QQRdUA1GQgMoIIEYRdUpDCCCTyhDlwj6e5FlBGhgYRcqVjZDsggk4I6IjlKwUeNkEEgHCHN7EvAx0RYCCCIHKGd0eEXKgghlGhy+1J3GUEEpBJOR3QJyghZKQSQ7dHnKCCNBEhkIII0WEMhDKCCNBBBBEgggiI6II0aCIbo8fQgiQRZRkIII0k5PZHj2o0EEEkAglH3RoAZQQRYRABLwEOUIIJOB5IYCM4QAB6oIrohgd0eMoYCAQQQIRYRo+hQQScBGgevRBBGiQwjRHPZBBDlCLlRj2o0EEjlyj5UaNBC6TyosFLQQQukcpAQS0WEEd0lBKwhhBC6T3QSuUIYCCF0lBK5UXKghdEizslcqGEEaJBDvhBBBBBDugUEEXdDGeqNqBGQOyCCLARYHmlYG6AQQSeVDlSu6GOqCCTgoYKUi3QQRYKJLScd0EEOVHnsjQPRBBJxlDCGNsoDqggjHRDCGAh0KJBDH0IkpBGgia7CN2+MIYRFEgvQvo8u/wCBdb++D/6ONBF6PO2i6398H/0caCxtUPt3+K31H+zs8FzfimP/AKmau/fis/pnrLrU8Uh/9TdXfvxWf0z1liFqqP8AZo/6R7gsFXftUv8AUfeUEMeSCCmKCgRhEEeShsUEEkpSBRIIIHZAe5Ajv1RoIJOPJDr7ESPcokLIYKJGcoAoIIkEokIZRoJKCUAhj2IIJKCMgIsIIIIIIIIIIIIIIXQwk4KUggjukgboy1GgghdFypJbhLQwgjuk42yhhKQwggk4RJaLAQQSUEsjKIBBBJwcIJaLAQQSUMJRaiIQRpPL3QwN0ojb2okSCIDCNHhAjCCCLCCCBRoIAkFAnPZDdAe9BBADCS4ApW6GEVkLpGCEEvCCFkd0jojxtlGB5hGQghdJQQ5e6GPYiRoIIIIXQQQQwURzlC6CGAhhBBGghgIYRoIIJJbn2IcvtSkSCO6LlQ5UpBBC6QR3wgRuloIIXTZByjS0WEELpOEMJWED06II7pGEMBKwgRjzQQukkIsJWEMd0EElKwgggjScHKGCl4wESFkEnoiBylho7oYwUEElBGWo8IIJGEMJRCGEVkEkjZAA5Rlvkhg+SCCLGdkAAEYQwggiCBARoH2IIIIiEEY3QQRIsJWCi5SUEAhhBDHZAIkaLfPsR4QCPdBC6SdvNAblGgghdF1RhAjZH1QQuiPZAodEEELoh0QIRoIIXQQwggghdBDCM79NkWUELoEIsIwECCgjuiIQx7UfsQwghdFyo8IIdEEV0WMoYRoFBC6IboFowjwgghdER9CLA2Sjuiwgjui5EQAylotsdEELobIsI+pR4QQRYRJWEEEEWEXRGUMIIIYRdErCJBBEgjwhjdBBDAQ6IduiHbZBBDCA6IIYKCCJH29qJDKCCPZA7bobIHCCCHVEQgggghvhDCCCCCPGEMZRIZQQR7dUWPNBBBBFgBGgPagEEaTgoYPmlIIIXSdwgHZS+6G3uQQRIshKPVEQEEEWUMocoQ5R7UEEaCTg+5AA43QQSkEEWSgiRosI0XMEEaGAhgIZQJQQRFABGMI0ELoiNikJzCLCCF0lBKcMhIAKCO6PCABR4wEBlBC6SAjR8qIboI0MHqgj3CLqgghhBBGG53QQScI+XKPlRoIrpOCjA3QJKJBBGRnoi79EOYlETv1QQXoX0es/WXW/vg/+jiQQ9Hr9Bdbt/wA4P/o4kFjKr/Pf4rf0f7OzwXN+KQ/+pmrf34rP6Z6zGCVq+KA/+perfL6r1n9M9ZYhaqk/Z4/6R7gufVh/xMn9R95SC3KHLhLO5RYUxQ7psjf2owMpeEWEEd0k7FDGEot9qHKghdJQBHkjDcIcu6CCTgEoDYJWAixlBBAHKHcIY9iGEEaIhU191ZbdOSxMr5jE6UEtw3OQFd8q5PxmjEt4srHfJc1wPu5mqjxmtkw+jdURAXFt1pejuGxYtiLKSYkNIO2+gWq/NQ09/wBbd/AKMcUNO5/ux38Ar3hp34NXgxctP2ysmpb0Zqimilfy3FwHM5gJ2x7VYf2Mngp/1W9/zk78S5v9L6/7rfUuwfQHC/vv9Y+C8Ax8S9PSux8eDM93NKv6C50l0jEtJUx1DPON2ce9e0bn8F1wcrqZzKafUVukI2khr2OIPufG4Lxd6Tnoq6i9EW+0F3tt0detM1shZBWmPkc1w3MUzQcZI6EdfZhTaXphMJAKmMZe7dV1b8n1M6MmjlIfwB2KlEbIse1V9pvVPdbNTXEPbFDMwOPMfknuPmOQodRriw07yx90py4dQH5+8ulmspwwPc8AHUXK42MPq3PdGyMktNjYE6q8IRjcKsodT2m5uDaa4QTP/SteMp+uu9Dayz45Vw0vPnl8R4GcdcfSltqYXNzh4tzuE06jqGv6p0ZDuVjdTD0RY2VSdW2XP99KX+NCObVlnhhEz7nTCMnAd4g3SPK6ffrB6wnPm+rvbqneo/BWmEFUUes7JXyiOC5U75D0bzgEqTVagtlBN4VRXwQS4yWPeAUYq6dzc4kFvEInUNUx2R0TgeVipyCq/rusg/50pf40IHVtlI/vpS/xoQ8rp/xB6wj+b6v8J3qKtEFVHVtlP/OlL/GD8aL67bL/AJ0pf4wIeV0/4g9YQ+b6v8J3qKtkFVDVdmccC6UpJ6DxB+NNVWs7HRycktzp2v7tDwSERrKYC5kHrCNuHVjjlETr+B+CukFCt17oLs3NHVxVOOvI4EhSpp46aMySvbGwdXOOAE+2WN7c7XAjmoz4ZY39W9pDuVtUonCLdUj9dWCOTkN0p+bps7I+lSHaqs7Q0m50wDhkfZBuFHFbTHaQesKWcOrG2vC7XuKtUMYVT9dtl/zpTfxgUwXSjNI2q+MxfFnDIl5xyke9ONqYXXyvBt3hNPpKhls0ZF+4qVhFsqKbXNghdyuulOSP0rs/eTlLrKx1bgyK6U7nnoC8AlNCupScokbfxCfOG1obmMLrf0lXRSOb51Gq7vRW+NklTVQwxvOGue8AO9yinVll/wA6U38YE66phYbOeAfEJllHUyDMyMkeBVmTzFBVrtUWdkJmNypvDBwXeIExS60sVXN4cVzgc87AF+Mps1lMCAZBc94Tow+sILhE6w7irrCCDCHDmBBB6EJWFMGuyryLaFUN61larBVimrZzFKWh4AaTsf8A9ygfmnaf/wCuO/gFZrWFrgvfFWxW+pDjT1T4IZA04PK6Qg4Pzr6U/wBjJ4Kf9Vvf85O/EuXYj0nrKSrkgja2zTZdswnoZh9dQQ1UrnZni5sV4Dt+vrLcqplPT1JfK/oOUph/EvT7Hlrqt3MDg+oVC4t6BtXC30nNSaVsbZWWm11hhpxPJzvDfCa7d3fclbj0GfR+0n6QnETU9q1bHVy0lFRioiFHUGF3OZMbkDfZR3dK60U7ZQ1tySPUApTeg+HGqdCXusGg78yVkzxN09/1t38Aq4seoqHUUUstDKZWRu5XEjGCvWvG74PXhHoPhLqvUNqpru2422gkqIDLXl7A8dMjG68KcGHBlpuJJAAmGSf2KscG6R1VfWNp5gA0g7dyqekHRKhwzD3VVO5xcCBr3ldIQVPVavs1E8smuVOx46t5wSmY9dWGUgC6QD3uwt2a6lacpkbfxC5i3DK1zcwhdbwKvshFyqNHdKSamdUR1MT4GgudI1wwAOpUMars3+dKb+NCddUwtALnjXvCZbSVDyQ2Mm2+hVrg+ap75qu26dmjjrpjE+Rpc0BpOQnDqyyta5xudNgDJ+yBcu4pXqhvt0oH0VQyojZGWuLD0OVQ4vizKKlMsDml2ml7rT4BgL8RrWwVTHNZY3NiPaQt0OJun/8Arbv4BUu2a4s96rWUlJUGSZ4JALSOm696UPwZ/BaooaeV9Leud8bXHFyd1Iz5L536j0fb9AekjqDTtpbI2222unp4BM/nfyBpxk9ysdRdKa2oqY4XtbZxAXQMR6FYdS0cs8bnXa0kardkYKCg1+oLZbCRVV0EDvJzwCoH1+WBzsfVOD35XSn1lNGcr5AD4hcdjw+slbmZE4juBV4jAyFDobzQXP8AuSshqP2DwUzLqa0QyujkuNOyRp5XNdIMghOeUQhocXix7wmxSVBcWCM3HCxVidkaqxqmzOIAudMSdv7YPxpqq1jZKKQxy3KAPHVocCQmzWU7RcyD1hOtw+rccoidfwKuUFCt96oLuM0dVFUY6hjgcKbjZSWSMkbmYbjuUSSJ8LskjSDyOiCCAGe6JOJpGggiQQRoIIkEECMoYQRokESLG/RKQRoJOCj2RoIkEnfyR7I0EaCLGyThKRoI0nGyGEZQCCF0XRDOUpBBEkIEJaCCO6RgE+SMNyj2yh1QQui5Qi5EeAlIIJvCNKQQQuklJxlOZz7kXREjukgIY8kftQ2QRpPKhypRG/TqgM49yOyJJAyhhKwAiCCNEBlBKRdtkLIJJ6o8ow3Iyhj2IrIJKB+6jwjwhZBEUSUAjQsgkI+pR8qIjCFkEESUAhj5kLIJKMIcqGCiQQ6okeEEEEESPBQx7EEEQCCPCJBBDJHREN0OndADdBHZGjRZyjzsjRJOd+iPGUWd+6NEjRYBRoIIIIZRZCH3UaCNDqgeiHZEAggiPREHbpZb7EAAghdFnJR9UMezZDCCF0TumUgFOYRFoQR3CRzIZKXyDPRDHsQRXCTzIcyPA74R8o7II9EnIQ5h5pXKNkWMoIIDdBGAAgeqCJEggeqPOUEEWEYGUSPsggjwCiwhjZBBBEglFEeyCCJDKPbqgfoQQRIIxhAIIIkOqPYIdEEESCHdGQggiwhyg9t0YG6LdBBFjCPGUePNAoIJOMI0eBhDGcoIXRIYR9EM5QQRIId0MIIIIIyN9kWN0EEEQAR4QwggiwD3Q5QjQQRosI0EEESIHdBGgggiIBRYA80pBBGkjHkjwjQQQXoP0ev0F1v74P8A6ONBD0ev0F1v74P/AKONBYyq/wA9/iugUX7OzwXO+KB/+perP33rP6Z6y/ktTxP34l6s2/53rP6ZyzDgtVSfs8f9I9wXOqz9pk/qPvKTjzCGNkaIqYoiLCSBuloII7pPLuhjCUh1QQumz3QwnMIEDyQQum8b7oYS+XdERgoI0nCGN0vl3QIygium8brlPGIf7+2P3H8Jq6yW4C5PxkGL7Yvc78JqyfSj/TH+I963vQg//wBqLwd7l9wNG/oRsf7hg/o2r5r+npxY4maT9Iittul79e6C2Chp3Mp6Au8PnIdnGB1X0o0d+hGx/uGD+jasxWcb9DUPEtmgqy901NqqSNskdFOOUyB2SA0nYnY7Lh69LA2K438H7qnidqvhZdajiS24PLK4NtlTdITFUSw8gLsggEtDuhI338lG+EuqaCH0Y62OsLPjEtypm0od18TLicf6PMvTt7qqygtNVPbqE3GsjjLoqQSNj8V3ZvMdgvjZ6aHHnX3FfiJLZtY2x2maeyyOjgsTXEtiJ6yOd9u4jHrdMdER0CNupuqL0d/Rw1x6S1ebVZZPiWn6A/nq41OfAg5jnlAHynnc4+8vbFi+Ch0PTUTBddV3itqyPXfC2ONgPsGCce9egPQ70DQ8PPRu0JRUcLI5a62w3SqeB60k1QwSuLj3IDg33NC4p6YPAbjvxq19H9aN7ZbNH0ULBTU0VzNMZJcZfI9rSMnOwz0A26lKc5zrZjdJa1rCQwAXXP8AiP8ABQwQW2ap0Pq6eS4RtLmUl1jbyvPZoe3dvvIK8G67tWo9Nagk0vqiCakudomdBJBUD14ycd+42BB7g5X2n9F7TPEPRvCymsvEquZc75RzPZFWCo8d8kG3IHvO5I3GTvjC8XfCvaEo7drTQmraaFsdVdIJ6Gre0Y5zC6N0bj5nErhnyaB2Rh72tLWmwO4RdWx7w57QSNjxC0OlfgrdN6h0vaLrJre6xPrqOGpdG2njIaXsDiBt2ysrwr+C9r9S6gv8+qb1U2bTtJc6mktzY42/G6yGOVzGTOzsxrw0EeYOemM/RLhn/g30p+9NJ/QtXgn0qvT617wz9IO46X0uaGmsNilihqIpqcSOrHFjXyZcd2gc3KOXHTO+UgpYuTorjiT8FNZW6cqajRWpq5t6hjL4qe5Na6GYjflLmjLSeme3kvB+iNBVesOLto0Xe5ai31U9xbbKlzhmSBweWuGD3BBC+8en7mb3YLbcSzkNXTR1HIO3M0Ox91fJXWNHDQfCOTQwMEcf10QPwPNzWOP3SSjJIFgdEGgE3I1C71X/AAT2mqOhqKhuubs4xROkANPFvgZ8l4G4eaDh1rxasekJqqSnp7hdWW51SwAuY10nJzAHbK+9d7/vJX/ueT8Er4fcBt/Sj0b/APrND/TpJSmm97r2bc/goNNUFtq6luubq4wxPkDTTxb4BOOi8e+jRwEouO/Gt+h626VFsphDUy/GoGNc/wCxdBg7br7Z6j/Q/c/3LL+AV8ofg7v8cKT9yXD74QKJpNiuj8VfguGaW0fPW6Tv9z1BfTLHFT0MsMbGO5nAEucBsANyfYtZoP4KLT8Vkgfq7VVfUXZ7QZIrcxrIYz5AkEnHmvZ3FzXQ4ZcM9Sap8EVDrVRSVDIndHPA9UH2ZIXjH0HvTT19xr4zVultXy0VXQ1dHLVU3xenETqZ7CDygj5TS0kb5OQN0eiIEkXXDPSs9CC6ejPbYNY6XvM92082ZsUzpWhs9K4/JLsbOaemfxrl3CPhjrP0steQ6ftLm0tLBGJaupdnwaaMYBe7zJPQL6r+mZRxV3owcQ4p2B7BbucAju2RjgfpAXB/godPUtNwd1Ve2xt+OVl5NLI/G/JFCxzR7syuUltTNHGYWvIadwoj6SnllbUvjBe3Y21TVv8AgoNCx2psVZqu9TV5b608TY2tDvY3HT3rnFj+Cvq3cRbrarvqSoZpptIKigutJC3ne/nwYpGu6OA3yOq7b8Ip6RmrOBulNMUGjq0Wq5XuaYy3ARte+KKIM9VgcCAXF/XGRjbqpXwe3pH6n476Mv1Hq+obcLvZpo2trxG1jp43g45w0AZBHUAZyo2mymdq115L9L30GrP6NfDWg1Pb9S114mqbnHQGCpiYxoDo5H82R3+xj6VgPRl9FLV3pQVEngVwtOmLaRFNcJwXNDjvyRs+2djv2Xt34VX/ABebL/8ArHT/APp6heSPRU9Ijjhpazs0dwx03RagoopnTuhktzpSHOO5fI17fulGHObcA6FEWNeASLkL1Fa/go+H9PTNFdqi91k+PWe0RsGfYAFW6o+Cd0rUUEpsGsLnR1oafDFZEySLP67GD9BTGvuDPpR+ktPa3aiudu4eWynj5XUduuEsbJXE5Mj2RucS7GAA47Y9pXrH0fuGN24Q8N6LTV51VVavrKZ73GuqslzQ45EYLnElo7ZKKyBJ5r4scZOGuqODGsKzRWptp6JwkiLXF0Usbh6sjCftSM/OCOy9n8LPgxdPcQeG+mdTT6zudJNdrfDWPgjgjLYy9gcQCR0GVT/C0W6ng4haFq2RhtRUW6oZI8DdwbI3l+jmP0r3f6NP+L7w7/eKk/omoy5z3do3SQ1sbewLeC8H6I+C8uV94gahp7ve6i16Pt1WaejqjE01Vc0NBLwPktbkkZ74XRNbfBRaZlsU7tLapuNPd2MJiFe1r4ZHY2DsAEfMoHps+nBrvhDxiZpLRklFRUtBBFNUyVFMJnVD3b8pz0aB5YO/Ve3+GOrH694b6V1NJCIH3m1UtwdE05DDLE15aPdzItEo3svizpaS86G1vcdEahY6Gto5n05jecmORnUA+RAyF0MBPemnSx2/01br4DRH4s9LI/G2XOY3mPz5TeCuzdE6qSoo3MkN8hsPCy89dO6KKlxBskQtnbc+N1zi9f4atLfuil/pV9zSV8Mr1/hq0t+6KX+lX3NC5rjX+pT/ANS7D0d/0em/pXy49Jv0OuMeuPSG1lqnTOmnVFsr6wS0tU2shYXt8Nrc4c4Ebg9Quq/B7+jRxF4J8QtS3TWdi+pVJW29sMUhqYpOZ4kyRhjj2XofWvplcJ+Huqbjp2+6mbRXe3yeFUwGF7uR2AcZA8iFe8KfST4fca7rWW7SF8bdaukiE00Yic3lYTjO481SXNst9ForcbapPpQ/4vWv/wB6ZvvL4ucJdC6q4tapotEaWY6WsuMhc5vNysY0D1nvd2a0DJ/GV9o/Si/xetffvTN95fHX0euMGtODeuXXDQVHT1t+r4DQiGakNS57C5ri1rQQRksbuPJGHuYbtNkOrZI2zwDx1XuDR3wTunYKGJ+ptY3Cqri0GRlvhZHED5AuyVe1/wAFHw9nhcKXU19pZMbO+xvH0EKuqLt6X/HDQ01lmsFq0PHW8ofdoZX0VU1ncAGRzhnuRv8ASuneiT6LutuBN4r7pqviJUaidX05idaGyyywB3MCJOaR2eYYxs3ud0ndLuRxXgP0oPRI1T6LEsNZHc/qvpe5l1MyujYWFri0/Y5W9ASMkHvg+Su/Q29De1ek9YNR3G46grLK+1VMUDGUsTHh4e1xJPN+xXu/4RC3wVvonaulmja99LLRzQkj5D/jMbMj/Re4fOuNfBKfoH1/+76b+jejc5xs0nQJLWtaC5osTv3rKah+CubTa40xbLRqetqLLVsqprtcKmBgNM2MxCNjAOr3mR2M7AMJ7LMel16DWh/R94ZM1NbdUXF9e6ojpoaKraxwqHO6kEYIwASvanpn8eq70eeCtRqCzshffKysjt1CZ28zGSPDnF5HfDI3nHnhfKHjL6SPEHjvTWSn1rcWVsNvL5Kbw6dsIcXHdxDcAnbGQEVuSUDqLlfQih9AO8T0VPIONutGB8bXcoqTgZHTqvnDxX0/cNC8Z9S2KkuNZdq+kr5KNtbLl1RUOPq5Pm45wvu/af71Un7Sz8EL4k8etTVmjPSy1Xfrc2J1wtmoHVlOJ4xIzxGPDmEtPXBAOEdywhzTYosokBa8XBXprhH8FfW36y0104g6lntVbUtEjrbb2NfJFnfle92QXeeOnmV0+T4Kjhu+LlbqG+sf+n5oz9zCzfC/j36XPEm0iSi0JZjSVMZENyrqV9HjI2eC6TBx1+SrLg16GXGO08SbbrfW3FaqgnpqttVNSU9ZNUunAdl0T+ZwZyO+SRuMHoiJublADLoNFxn0iPg5Lxwe0vWau0Vf577Q25hnqaaeMMqY4xuXtLdnAdSMdMrgvowcF6f0jeMMGlrndJ7YyqgnqX1VO1rn8zGl3Q7blfb680UNzs9dSVDBJT1EEkUjHdHNc0gg/MV8k/g5GCP0s6VrRhraSuAH/huSi51g2+iJrW3L7a8+K6hxZ+C5j0poesuGk7/c9RagEsENLb5IY2skL5WMcXOHQNa4uJ7Bq1ug/godPw2WF2rtV11RdntBljtrGshjPcNLgSceffyXs7i1rlvDLhlqjVZhFS6z26asZCTgSPawlrSewLsD514u9B/00+IHGrjJVaW1fLRVlFWUs1TT/FqYQmnczflBHVuNt8n2pKMXtdcO9K70Hrp6M1qh1npe8z3fTrJ2Q1DpmBs9I5xwwuxs5hOG57EjzWJ0hfvrjsVPWHAlPqyAdnDqvp96ZVFDXei/xHjmYHsbaZJQD+mZhzT8xAK+TXBtxdYqsE7Nm2+hbronVSR1hpwey4HTvC5p06oopsPFUR22kC/cV0HYoiEED7V2JefkOXZFynKPthDJwgghy4RYQyjCFkEQb8yCVlBCyF0hA7hLOEOqKyF0gIbpeAiwELIXSc59iACVyoseaCO6CJHjZDqggi7od0aCJBFlA9EaJBBBDKBRo7oIu+UEaCF0EQ2RoIsoXQQRosoIXQRou6HVD2IIII0XRBC6CGEMId0aF0Eko8IFBC6NFhDCNDIQugi5UCEpEhdC6TgoYOUtFlC6F0WChgofOjR3QuiwUR+lH3Q9nRFdGi+4i6lKwEOXCNC6JBHgIcoKCF0SCPlQIQQuiRJTWjCLAJRIXQREZR4whjHZEgiICLASkWCCgjRcqPARgFK5QjRXTfKhhK5cI+VBC6Ty+1DlSi3KHKghdIDUeAlEbIsZQQui5QgQEeMdkCPYgjSSEWCj5t8YR59iJBEOu+6MhAHKHVGgiwgQECiCCCVjzREI8oEDCCCTyhABDohndEgghhBBBBDCLzKNBBHdF1HtQCNDGUELoFD6ED0Q7IIXRd+qHdH26IDBQQuh1RdEZ6oZQQuh0REg5R/MgggixlHnKCGEESIbIHco8boII7osfMhlDCPCCF0WQh5IwMIIIXRd0EZQ6IIXRIz0QQQQuiQ6FHjZBBC6I+5HnCB3QwMIIXRHCAR4QwghdEUSVjzQDdkEd0Q3CGcIw0osIIIAlAnIQR8qCJJwgl8qLkCCF0nugUos8kOVBHdJCGErlKGCCgiuvQXo9NP1l1v74P8A6ONBH6PWfrMrf3wf/RxoLGVX+e/xXQaL9nZ4LnfE4Z4las/fes/pnLLkbrUcTv8ACTqzz+q9Z/TPWYxkrVUn7PH/AEj3Bc6rP2mT+o+8oiM9kPmR9EROVMUNFjKB39iMDbohhBHdJ7o0exRYQQugghjCGMoIIsodUfdDCCCCCJGggguS8Zv7/WL3H8Jq60uScamyC62iSNjnljHHYZ7tWU6TgnDHgcx71vOhLg3Goi420PuX3A0cf+CFj/cMH9G1fJ74RK7Vdh9LWa5UE76atpKOjngmYcOY9vMQR84Wttfwo2vrVbKSiZo21vZTQsha4vkyQ1oGensXnXjFxVuvpGcWI9SXm2x2yerZFSPipg4sa1uQDk+9cTbDJIQ1rTcr0m6oiiaZHOFh3r6/+jDxrpOPfByy6nhe0V/J8VuMDTvDVMAD2n2HIcPY4Lzb8JxwAbqbRVNxItFKDcrNiG4+G31pKZxwHnz5HEfM72Lx5wC9JXWfom3rUVFaqCK60deWiWjqi4Rh7D6srSO5aSPaCPILrl8+E81nqSzV1quWhLPVW+ugfT1ED3SFskb2lrgdu4JQfDKxxY5puO5FHUQyNEjHgg67r2j6DvFe3cUfR10qynqGOudio4rRXU+fXjdC0MYSPJzGtdn2kdiuY+l7YfSSt2vGXbhTcrhX6Yq4WNdb6CSMPpJQMOy15BLXdcjON842z85OEPGnWnAzVL73o+rloJJPVmpXsL4Z2ZyGvb3x59V61tHws2paWmbFddC2+oqWjDpIap8YcfPlIOPpSCx4GoKdzsv2XA+ldS0vwP8ASxvel6W4XLizFYbrMC51qqR4phHbmkZlufYM4815C9MR/EzT2sbTpLiRrug1lW0LfjUcVBK9/wAT8TAxJzRt5XODQeXfbB2yM9P1n8KDxJ1hQy0Ol9OUNgllBYKmLnqZW57tyAAfbuvJWsLdqF9wZer/ACT1lzucj55ZJ3F8rnZBLnnzOU42mmewvawkDc2TRrKeORsb3gOOwuLr7v8ADMZ4b6U/emk/oWr4zemt/jUcRv3x/wD2bF27T/wn2vNP2K3WuLR1rkioaaOmY9z5MuDGhoJ29i8rcWdd3Li3xFvusK+gFHWXafx5IIA4sYeUNwM+5NmN5/dPqTrZYwdXD1hfdrh/+gPTf72039E1fJ3ivdqexfCIVlfVPEdPDqalL3no0FsQyfZutnZfhQte2WzUFui0da3x0kEdO1znyZcGtDQTt7F5c4j6tvPGrifedUTW8Ulyu83jup4c8jXBgGAT7GpQikcQ1rTfwSOviYC57wB4hfeuaKOuo5IyeaKaMtJHcELw/wAKvg5JOHvHuLXFy1RTVlgt9a+vo6NkDmyueSSwSOJwA0nO3XA6LhnC34S7XvDLTtNp/U2n6fUj6OMRRVdTI6Co5QMAPwCHH2rOcX/hBuI/FtlLBR2+LT9ip6mKompKEveankeHBkknXlJG4CIxvvYtN/BGJWWzBwse8L616i/Q/c/3LL+AV8ofg7v8cKT9yXD74WlrfhStfVlBPSu0bamsljdEXB8mQCMeS84cDuNt64GcUHa3tlpir650c8XxeoDgzEvU5G+yIxv+6fUlCWMA9oesL68el/8A4s/EP97HfhNXzk+DL/xoKL97Kv8AACs+J/wjGtuKOgL5pSt0nbqWkutOaeSaF0hewEg5GR7FwrgBxlvPo+8QotW2q1x3Grjp5acQVIcGYeME7IdW+/mn1ICWOxGYesL6+emDv6MvEP8Aet34TV5A+Ct4y2y1Sai4d3KqZTVVdM2424SOwJXhvLKwfrsNYQP1pXNeKHwjOteKHD++aUrtKW2kpLrTmnlnidIXMaSDkZHsWY9ED0UKr0iqO+3W1auOmbxYaiDweWMl3rhxDw5pBGCzskuDmnUJbS1zTY3X0h9Kv0WrV6T+lLdb6q5yWS6WyZ8tHXxxCUN5wA9rmZHMDyt7g5A3Reit6Ndj9GXTVwslFdjerzXSNqK6re0RuIAIYBGCeVo36k+9efOLdt9LDghoiKa2awh11Std4DpaC3eJWQtxs4gj1vLOCVs/g9NL8RIrdrTV3EZtzFzvdTCIX3bIme1jXZPKfktycAYA9iLihrbdRPhVT/8Ao82X/wDWOn/9PULovoE6Ystg9GXSVTaoofHuMLqmtmYBzPmL3A8x9gA2XKPhXtQUdLwZ0tZXyt+P1t8FTFFncxxQSB7vcDLGP9JePvR89LriH6MtuNBTUTLtpqpd47aCuDgxpPV0bx8nPcJbWPdctF7JDpGMAa5wBO1+K9jenDX+kVV62t9l4ZW+7fWnUUbM1VjYPEfOXOD2yv6sAHLjOBv1647d6InC/VHCng7RW3WVbJW6lqp5Kys8SczGIvOQwvyckDGcHGV42vPwseqK2iMNo0Pb6SseMNmlqXyhp8+UAZ+lc90B8InxW0Tdb/V3Wni1JLdJmzeFWh8bKUhuOWNo6Nxjb2Z7oBjzqAfUiMjBoXD1ro/wtwxrPh4cbfEKv+kjXuX0af8AF94d/vFSf0TV8mfSW9Ke++k1BZfq1pqktdTa3P8ACqKRz3Oc12MtII6ZAK6hoH4SfXGgNE2PTVLpG21FNaqOKjjlkfIHPaxoaCduuyHVvvfKfUgZY8oGYesLFfCI/wCNLqP9op/wF9T/AEbP8Xjhh/8Aqxbf/Sxr4u8ceKt2458RK7V9ztjKCsq2MY6CnDiwcowOq9FaC+Ep1zoHQ+ntM0ukbbUUtmt9Pb4pZHSBz2xRtYHHbqQ3KAjffzT6kZljIAzD1qh9N/8Ax1bh+2UX9G1RyuZcQOK1145ccYNY3S3R2+rq54Gvhpw4saGANG59y6aRldY6HNLaaW4t2v0XCvlCc11XBY37J965te/8NWlv3RS/0q+5oK+EPEOvqLHxDtdzp4DM+jbFO1pBw4teTg49y9O/2VbiB+ou1fw5fxLB40x/zjObHddQ6OSM+Z6YZh5vNcZ9LS2w3f0xdfUs/N4Ulx35Tg/2li7N8FKwRcXNaMHRtraB/GrzNqDX1x4tcbbjrG40LaKru05nkhhBLGHww3AJ/Yq49Hf0iL96Nerb1eLNZoLpNcIfiz2VfM0NaH82RhQXQEUrX5dcx4dwVoypBrHxl4yhrePG5X1y9KH/ABe9ffvTN95eIvgmdMWW46o17eqqKGa92+npIaTnALoo5DKZHN95jYMjp86xXEL4SPXHETRF601V6SttNTXSmdTSSxOkLmB3cZC8+8F+JetuCOp2au0i6WGaEGCoY6MvimjOCWSN7t2B9hChiKRx0afUpxnhY3tPA9IX169La8cT7Lwmnm4U0MldqB07GS/FoxJPHCQeZ0bD1OcdMkdlw/0GuE/GOHXV31/xXq7rEJaN1JR0V3qC6eRznNLnmPPqABpG4BOemFyql+Fp1BHQhlRoK3yVoGC9ta9rCfPHLt7lzO8fCIcWrvxCs+pnRw0tst7nuislOxzaaYOaWnxHdXnB2PQbbZSQxx2BSs7WixcPWvefwgoJ9EfXWB0FH/6yFcQ+CU/QPr/93039G9cK4qfCI6u4tcPL7pC76NtjLfdqcwSPjfJzRnIc1426tcGu+ZYT0afS51N6M1nvVvs1gpbpHdJo5pHVZeCwsBAAx+yQ6t9/NPqQ6yPLbMPWvYfwskjhwd0cwH1XX7JHtFPL+Mr5y6uAbbNMYGB8UP4a696Sfpiao9JfTFqsl50/SWuG31nxxklIXuc53I5mDnthxXJNYwy/UvTXLG4ltIcgNO3rK0po3eTz9k7N96p6uVgq6XtDd3HuX3xtX96qP9pZ+CF8otI6bs2rPhJ57dfY4pqB2oKqbwZgCyWSOJ8kbTnr67W7d8Y7rRU3wp+v6amihboy1FsbAwEvk7DHkvKWotcai1pxVrtbUUMtsv1TXG5RmjJBglB5gWE+WMqs6qRxADT6lbiaJgJc8AeIX3Z1dJdqPSV2k09TxT3qKkkNDBJgMdKGnkB7dcexfOzhZw39JvjNxrsdfxCffbNpu13GOtrDXv8Ai1PyxvDvDijBHPzYwMAt7kqr0j8KprWw2uKi1JpKgu9dE0NdVtlfTveR3czBGfcsfxb+Ec4ncTrTLb7HRQ6StzyPGktxfJO4Z6eIccoPsGfaiyPJtY3RiRgF8wse9fWypBdTSgDJLD95fI74OYf/AKW9OP8Autd+A5a6j+FQ4h09HBDLpG1zyRsa10rnSAvIGC4jHfqvO/CTjxdeDvGOq4gWWwU7p5nVJZb5C7womy5y0HGcAHb3IGN/3T6kBJGAe0PWvrh6X3+LJxI/eeX+pfOL4M3/ABoaD97Kv8BWfE74RnW3FDh/ftKVuk7dSUt3pXUss0TpC9jT3GR1XCuAPGW8ej7xCh1barXHcauOnlpxBUhwYQ8YJyEDG+/mn1JQkjsRmHrC+v8A6X3+LHxJ/eWf8FfJPgyP95Kz9uH3l2Lif8I1rbihw/v2k63SlupKS70j6SSaF0hexrhgkZHVcf4NRvjstaHNLfs2wcMdlrei7HDEmkg7FYLpo9hwd4Dhu3iugOCLCVv2REd121ecUnlIQSs5Rk7dEEEjCGMBL6dt0CMoIXSeyHKlpOTlBC6ItKMNx3St0WSEEV0RHbO6TgoznPkj7EokaTn2o84Q5c90aNBEgOiHTsjBCCCSWjCHKl5BScbokLosIcu/VKIHnhEAMoWQukkYQwllqLBQshdJwUCErGUCELI7pHKi5SUsNR4whZHdN4QPROBu/RJ5PcishdJ+6hnf2JXJshye1BHcIh1REpQCGPYhZEiz5oZQAQOULIIdUAgM53QRIII8IsZKCCCNAjZEdxv1REdEaCNDCPlRcuN0SCHZA9EM/SjyBnuggiQQygfYgghjfcoIsowUEEAjRZQyEEEMIFBGggixhADCGUaCCCCLKCO6CHzIEozuqjUepaPTFGKirccu2ZG35Tz7EzLMyBhkkNmjcqRBBJVSNhhbmcdgFboLlc3GGrle401raYx3c4k/PhW+neK1JdKllNWwfE5XnDXh2WZ8vYqOLpDh8rxGH2vtcED1rTT9FcVgiMrorgbgEEj0LeoKl1ZqRml7WytdCahpkDOVpx1BOfuLHfmzwZ/va/8AhhSarGKKik6qd9nKFQ4BiOIxdfTRZm3tfRdLQXPKPjHQyzBlRRywMJ+WCHALamqbdLTJLQTNcZoj4UgOwJGx+lO02KUta1xpnhxHDimqzBq3DntFZGWBx3O3rSbVe6S8Pq2U0ge6mlMT/f8Ai6/Qp65zw00xdrFc6uWtjMML2cuC7POc9VKvfFSGzXWponUD5HQvLS4OAyoEGLtjpG1FeOrJJGqtKnAXzVz6XCz1oABuD3a+1bxD5lzb82eDP97ZP4YWh01xCtuo5hTt5qapPSKX7b3FPwY3h9TII45RcqLVdG8Vo4zNLCco34+5aj5kPmWY1jrePSUlO19M6o8YEjldjGE9eNXMtOm6a7GndI2ZsbhGDuOYZ/rUt2I0zHSMc/Vgu7uCgswmseyKRrNJTZveVfkIAYXNjxmg/wA3Sfwwh+bNB/m6T+GFV/SLDPxfYVdfRLGbf5B9Y+K6SWZRcntWd0drFmrWVTmU7qfwC0EOOc5z+JXtZU/FKOecjmETHPx54GVdw1MNRCJ4zdp4rOVFFUUlQaWZtnjS3ineTA6ocvtXN/zZoP8AN0n8MI2cZqfmHNbpMex4VL9IsM/F960X0Sxn8A+sLo5bhFgqo07qmh1PA6Skeedny43jDmp6/ahotO0nj1knIDs1g3c4+wK5FXTuh8oDxk58FnzQ1TajyQxnrNrW1VjgoYXLqvjJM6VwpaBjWdnSO3+4p9j4u09VM2K4U3xXmOBLGeZo96pWdIsNfIIxJvxsbetaKToli8URlMV7cAQT6l0FBCGZlRE2SJ4kjeMtc05BCg3u/wBHp+kNRWSiNv2rRu5x8gFoHyxxsMr3ANHFZaOCWaQQxtJcdLcVOQXMK3jJKZiKS3t8PsZXnJ+hTrLxdpqqVsVwpjS8x/trDzNHvVAzpDhsj8gk9Njb1rUydE8Xjj6wxegEE+pdBQ6Jt9Uz4m6pjIljEZkaWnIcMZWb0lruPVdwnpmUroDFHz8znZzuB/WreSsgikZE53aft3qgiw+pnhknYzsx+d3LUIKq1NqWl0xQGoqDzPdtHEOryoektWy6qEkrKB9PTM28V7shx8gkurqdtQKXN2zwSm4ZVPpTWhn2Y0v8Oa0KPHdYO6cV6e2XCopHUEjzC8sLg8YOFGHGWm/zbL/DCrH4/hsbix0ouPFXMfRXF5GB7IDY6jZdEygsvpLXcWq6yanjpX05jZzkucDnfCatGv47tqJ9qbSOjcx72+IXDHqnClsxWke1jmv0ebDvKgPwOvjfIx8djGLu20B4rWoLH6o4ixaZurqJ9G6ZwYH8wcB1VR+bNB/m6T+GFGmx3D4JDFJJYjfdTKfoxitVE2aKElrhcG4XR0MrBWzivDc7hBSigewyvDA4vBxlWOqNfR6ZubKN9I6YvYH8zXAdSnG4zQviM7ZOyCBfXcpl/R7Eo5xTOi7ZBIGmw3Ws6oIMPOxrsYyMo8AdVdAgi4WdLS02KJBYO78VIbTc6ijNC+QwvLeYPAyorOMlOXDnt0gb7HhZ9+P4cx5Y6UXGnFauPoti8rBIyEkEXGoXRkFR6d1jbdSZZTSFs4GTDIMO+bzV50VzBPFUsEkLg4Hks7U0s1HIYqhha4cCggggpCioIIIIIIIIYQQQQQQQQQQQQQQQR5IRI8okEEYRpPdKBRoI0WxKNDZBBFn2IYSsDCIIIkCiCVgIEYRIL0D6Pe+jK398H/0caCP0ex/wMrd/+cH/ANHGgsZVf57/ABXQqL9mj8AuccTh/wDUrVn771n9M9Zoj7y0/E4f/UnVf771f9M5Zjdaqk/Z4/6R7guc1v7TJ/UfeUkghDolhE5vmpih3SUaMN80CEEEk7/7EAlAbIkEaLCLGEaB2QQRIkrCBAKCO6SRlDCMDBQwghdEEl0THn1mh3vCXhDsiIB0KUHFpuCm/i8RP9qZ9CAgiByI2A+5OYQ++kdWzkEvrZPvH1pt0MbiSY2uPmQi+Lxf5Jn0J3dZPVHEq06bLog/45VjbwYT8k+09lFqZ6akYZZyAO9T6Kmra+QQ0rS491/9hac00X+SZ9Cq7pcLJbm89dJRxY/ynLlcY1BxTvd7LmRzfEYD0jg2OPaeqGieFOt+KtYY9NabuuoJC7ldNTwOfG0/rpD6rfnIWArOltOLtpos3edvUur4b0CrHAPrZ8nc0kn1rolVxW0zbyRAHzkf9Xhx904VVU8bqEn7HaJZcdDK9rf6iur6O+DK4vaiYyW5stWnYnfKZV1XiSt/0WAj/WXVrN8EpWljTddfwBx6tpKE7fO5yzcnSfEH6MytHcAtjF0JwiM5pMzzzLj+i8jnjdHnbT7P5SPyE5FxspTtJY+UfrJg7/2he1GfBK2Lk9fXlx5v1tKzCrrl8EpAWkUGv5Gu7fGaIEfcIUYdIcSBvnHqHwU09E8HIt1Z/M74rydScYbBOQJqSemPm6MOH3D/AFLR2vWenrmW/Fq6nDz0a71HfQV03U/wVHES2se6y6ist55dw2XnpifuOXB9f+iFxd4bMllu2ibjLSR7mqt7BVR48z4eSB7wFZQdK6yM/asa70W9yp6noJh8wPUyPZ6bj2rorqamqhzOiimHmWgpbKeJjOVsTGt8g3ZebrVqq8aem5aarmi5TgxSElvuIK6Hp7jTFIWRXen8I9PHh3Hzha6h6T4fUutM3I489vWsBifQrFqJuand1rByJv6vgunfF4v8kz6Fjtc67g0bVU0AtrKx8zC8gyBnKM4H2pWqtt1o7xTCejqI6mI/bMOcew+Xzrh/Fqv+OaxnYDlkDGxj2HGT90qZj9cKOh66mIuSADoVX9FMLOI4n5PWA5WgkgkhX/5trD/zBH/KB+Qi/NsZ/mCP+UD8hemfR9+DgoOMPCOw6xuWqq201F1Y+VtLDAxwawPc0HJ335c/Ouif2JbT+P0eXL+SxrmP0gxH7/sHwXafopg/4Z/M74rw/LxnimifG/T0ZY8Frh8Z6g/6Ckej96QupvR31vLqHTMbKimmb4dZbakl0U8WchriMYI7OHQ9uy7V6WvoMWz0b+HNJqai1NWXiSauZSGCeFrGgOa45yP2K4HwWYya+XCORjZGOpt2uGQfWakxzVGOVUdNUP32NhonJYKPo1RTVlLHoBqLnX1r33p/4WfRU9Kw3zRN/oanHrNt8kFSzPsL3Rn7iZ1N8LPpCno5Pre0Req6rx6guc0NNGD7Sx0hx8y8rz6IsNU8ultVO5x8m4+8jptEWKkfzRWuBpHm3P31o/obVXt1ot4FY/6w6HLfqHX8Qs7xB4ga09KviGNS6pcIaOEeFDBC0tgpoQc+HEDkknuTkk7lbRlLEyBkIjaY2NDWtIyAAn2xNiYGsaGNbsGtGAEZat1hODQ4XEWDtOO5K5hjvSKoxudsjhla3YDh/dRGUNNGcspomk9w0BOmCMnJjaT54ThahhXgiYBYNHqWaM8jjcuPrKa8CLP9qZ9CP4vH/kmfQnMZRnKPq2ch6kXXSfePrTIgi/yTPoR+BH/k2fQloIdWzkPUh1sn3j60gQRtIIjaCO4CWh1QwlBobsEhznO843SHwsecuY1x9oRfF4v8kz6E4UERY0m5CWJHgWDj60gQxtOQxoPmAk/F4yd42/QncIIsjOQQ62TfMfWmvi8Y/wCKZ9CMRsAIDGgHqAOqcPRFyowxo2CHWvdu4+tRzb6V7uY00XN58gyl/F4sAeG3A6DCdACIjdJEUY2aPUlmeU7uPrKbNPFg/Y2/wUQp4j/xTPoT4GEMeSPq2ch6knrpPvH1pn4tF/k2fQgYGHALGnHTI6JwgjolfMh1bOQQ61++Y+tMGnjH/Fs+hAQsYciNoPmAnhkH2IyEBGwcAgZnnQuPrUSSigmOZII3n9c0FLZTxMbytiY0eQaAn1T6n1RRaWoDUVT8vdtHCPlSH2fjTEpgp2GaWwA3KlQCqq5G08N3E7AEqfIyCBjnyNjYwdXOAACyd34laetbnMYfjso2LadgI+k4C5XqbWty1RUHxZDHTk+pTxnDfn8yu38G/QI4q8XaWC4fUtmmbNKA5lZeMxue3zbFjmPz4B7LmVf0su4sooxbmR+i7RhfQWzBJiUpJ+6D+qwNRxnhDsQ2Rrh2MkoB+gN/rRQ8Z4y7EtjYG+bJhn6C1e1LD8ErbhA36ta9qnzY9b4hSNa3/WJTl5+CVtDoHfUjXtaybHq/HaRjm/Py4Wd+kOJXvnHqC130UwfLl6s/md8V5GtXE/T9xcGStdRPO32dg5fpGR9K2FNJBPC2SnfHJG7cOjOQUvi58HfxV4Y009fQ0UOrrZEC50tpyZmtHcwn1j/o8xXnmyaluukqxzYXyRFji2SmlBAyDuC09CtBQdLXseG1jARzAsVlMU6BxysL8PlIP3XG49a9EYRkEqh0hrGk1bR80R8KqYPstO47j2jzC0G4XUaeoiqoxLC67SuI1VLNRTOgqG5XDcJGPYj3R/eR+3CkKLdJRDKV1QA9qNBFnKLG6VhDZBC6LKIko+XbKGMbIIaJOM5yjxgI0EELots4Qxg7dEMI8YCCCI5I2QAGEaCCCSWhDl9qUgghqk8iIAg9EtAoIXSCT7QhlK6lAjIRI0nmQBx7UORAtxsgjRgg+xQrpfKCyw+JW1UcA7Bx3PuHdYzXHEuO0PkobZyy1Y2fL1bGfL2lYHTWldUcVNSx22yW6t1BeJ9xDTsMjgPM9mtHmcALDYt0ohonGGnGd49Q+K6ZgXQqfEWCoqz1cZ2HE/Bb+v4y2yncW0lLPV4+2OGNP07/AHFVu43SF21nYB7Z8/8AtXo3hz8FhrvUFNFU6qvlv0y1wDjSxtNTMB5EghoPzldYp/gl9LiAePru7mbG5jpog3PzhYWTpNikhuH28AF0yHobgsTcpjLu8krxLSca6SRwFVbJYR3MUgfj6QFrLLrWzX4htNVtEp/4qT1XfQevzLv2svgmrpT00kul9bU9XKB6tPcqYs5j+zadvoXkfi76OfELgVWhmqrBUUVMXcsVxg+yU0h7YkGwPsOD7FMpullfCftrPHqKgVnQXC6hp8nJjd43HqK6thADZcZ0fxOqbVJHS3NzqmjOwkO72fjC7BS1cVbTxz08jZYZBlr2nIIXTcMxanxSPNEbEbjiFxnGcBq8ElyTi7Ts4bH+/cncFDCUHexDKu1nElDCV1QwEESRhDYBL5URbsgjuk4yixsjwUYBRI0WCj6Itx2RYQQQx12QwhlGggjwi5UaGQgi1SSwIsY7JRKGEEd0lDlSuyAGPcgjukhqMDKVjyRAIIroihjPsRnPkh0G6CF0OX2osY7o8IsdULIIt1yfjNDMLnb5XAmm8MtHlzZ3+5hda3ChXe2UV1pfi9dGyWJ5wA89/Z7VTYvQnEKR0DXWJt7FosBxIYVXsqXNzAXBtvY8lm9M6o039S6eCGanpS1gBilw05xv16qbNpKwXqujr/AhmeP8kfVcfMgdVRVvBy2zOJp6uaDyacOCx15tF04b3Onlgq+aN5yxzMgOx1DgstLU1VDE0YhStdG22otp32W2go6LEpnnCq17ZXX7Lr6911ueLreTSkQAwBUMAHzOUfhxpy2XHS8U1Vb6eomMjgXyRBx+kpPEi4fVTQFDVgY8aWJ+PLLXLIac1pe7LbG0tFS+LThxcHeEXb+9RquspoMZ66ZuZpYLaX9imUFBWVPR7qKd+V4kNze22+q3etdEWg6fqqiCkio54GGRr4WhvTscdVScK7hM6x3en5jyQtL2H9KSD0+hVFxv+qtXQ/EficrYnnDhHCWg+8nst3pbSh0tperjlcHVU0bnykdAeU4ATkBbW4j5VRxljGtNza19E1Uh+HYR5FiEwkke9paL5rC4vqszwmutbcLvWsqaqaoa2HIEjy4A8wVPWwR1PFIxTMbJG+sDXMeMgjPQhT+DAzeq79o/9wVLqU1beIFWaHJrPjP2Ll683ZUkkpOFU0kl3faHvvrstJFC0Y5WRRWbeIdwGm668dJWY5/3rpCP2lq5Try1U2mNWwfU37EHNZN4bT8h3MRgfRn50u66j1hZmNNbLPTNfs1zmjB+hTdFaOqNV1bLzcaps0HPlw5uZ7nDsfLsp9bUxYq5tHSU5bICDcgCwVVhtHNgTH19dVB8RaRYEuBJ4ck7xeeZRZ3uHrOiJPv2W/slDBcNL2qOphZPH8VhPJI0EfICw3GgAVFsA6cjvvroOmR/wbtX7ki/ACvMOZfF6prtdGrNYtIRgFC9mnadbuWa4g2G3Ueka6aCip4pW8mHsjAI9dqquFVnorjZql9TSQzvEuA6RgcQMe1aXiWMaKuH/h/0jVT8HP7x1X7d/Um5oIhj0bMotkOlh3pynqpz0XmkznN1g1ub8OK2lFa6W2h/xWnip+f5QjaG59+Ei9D/AHmr8/5B/wCCVO7KFe8/Uau/aH/gla+VrWQOa0WFj7lgYJHyVLHPNzcb+K5JwuZbX11Z9Um05Z4Y5PjAGM57ZW+r6bSTqSUTNtwj5Tkt5QR7iN1y/ROkW6tqqmJ07oPCYH5AznfC1c/BgeE7wrgTJ9qHs2+4uaYUazyECKla9uupIuuy443D/nMuqK18buzoAbBVHC1rm6umNMXGkax4Lj+lz6ufam5Gz8R9bvjMjm0rSQMfaRN8vafvlTNAXSosN+nsNSxgEznRlwG7XY8/JNcMqltp1jU0tR6kkrXwjPZwcDj7ih0wZJDTUjz2HSHONrHkp9WZIqisro2gvbE3IdyQd3eK6jbNO220UzYaakiY0DGS3Jd7z3Wc1bw3obzTvmoYmUlc0ZHIMMk9hH9a2efam6ipjpIXzTSNjiYOZznbABdOqMPpJoDFIwZbepcYpMVr6epE8Uji+/Mm/dZcj0Jq6o0zcX2i58zKYuLB4nWF/wCI/wC3zQlsF41xq2ojr+anggdhxG7WM7BvmT5otSSUmvJa2ptsJZX0g5uQf8oiH2wHmPvK64aa2bPG21Vzw2doxDK77cfpT7fJc6p8k0rMPqZSYb3aeDv5T4LrlWZaeGXFaKANqMoDxxaT+8PELa2nTNtslO2KlpI2jG73Ny53tJ7ql1joKivlFLLTQsgr2AuY+MY5z+lI9q1hKaq6qKjppaiZ4ZFE0uc49gF0SooKR9OYnsAbblsuR0uJ18VW2eORxffmde5cy4Z3+WS23K0zuLhHC+SLP2uxyP61S8Or5Taer7nWVT8MbTkNaOrjzDAHtT3DuN9ZerrVNbyxinlcfIc2cBUFj05UaikrWUxBngjMrYz9vuBge3dcpFRUiOlfEMzmlwb3gbLuRpKN0tdHMcjHhhd3E7+taC22+4cTr+6qqi6KhjO5HRrf0rfb7V1+ioobdSR01PGIoY28rWN7Lm3DPWMdEG2Sua2neHERvI5fW7td7V1DzW76PRwOgNQ12aR3nE735LmPSyWqZVNpHNyQs8wDYjn3lcUpKSGu4nugqImzQvqHh0bxkH1T2XUfrMsQ/wCaqX+KC49cqOquGuaqnon+HVSTuDHc3Lg4Pf3ZV79YusP+uO/lLlmMNqDEZgKUy9s62HqW1xikFQ2mca4Q/Zt0JIv36Lp1vsNutMj30VHDTPc3lc6NgaSFyrRv+Eqo/bZvwittoGxXezNrfqrMZTJy+HmUvxjOevzLE6M/wkz/ALbN+EVbV7876F3V9Xd/m8lR4XH1UeJM67rbRjtc0niY0P1ywPALSyLOemF0b639Mf8AU7f/AAGrm/FGLx9aeGDgvjjaD5ZVkeC9SP8AnOL+KP41XU75211V1NOJe1xtp61a1UdM/DKHyirMPY0tfX1Lc01h0/HURup6WhEzTlhY1vMD7FzriwMaqg/aW/fKvtO8LJ7JeaWtfcI5RC/mLBGQT8+VQ8Wv0VU/7S375UvFXSuwwmaARHO3QW179FBwNsDcZAgqTMMjtTfTTbVdfhB8GP8AYhK5UIj9hj3+1CUuhRnsDwXKJb9a7xK4qKWKr4oOhnibNE+pcHMeMg+qeoXT5dGWOVjmutdKAe7YgD9IXNab/Cx/+NO/BK7JnKxXR+CGYVHWMB7Z3C6N0qqqinNJ1Ly37NuxIXFNZadfoW+UtXb5HsheeeIk7scOrfaN/urrtouDbrbKWraABNGHkDscbj6Vz/jNXRPFvow4OmaXSOA+1BwB/WtroumdSaVtkcgw8RAkH27/ANaXhLW02K1NNB/l2BtwBSMckfWYHR1lT/m3IvxLeat8blFhOYRdey265tdIwhgFLx7EMexBC6QRgoYS8exFj6EEEkDCMY9iHKhy7IIIYB8kMBGh26IIIuXKItR75Q+ZBBERhKAwEnJR5QRo0O6LmQJRoI0EWUAcokSVzIifYggjsgvQfo9E/WZW7f8AOD/6ONBD0ev0GVv74P8A6ONBYuqH27/FdCov2ZngFz3ia3/6kar9t3q/6Z6zPL8y0/E3biRqr99qv+mcs0tTSfs8f9I9wXNq0/4mT+o+8pAG2O6Bzv5JeEFMUK6b6b42RHdOYz7kQYiR3SMEoJw46d0XL5o0d0hDqlYHdGGjtughdN4CHU4Sywoi3ogjBSC09kOUpXTqggjuk4QASsIIIXSenVR6+vp7ZSPqKqVsMLBlz3HAQulyprNQTVlXKIaeJvM5x+9715+1trmr1hXEAuhoWH7FAD19p9qzeM4zFhUfN52H6nuWy6OdHJ8em07Mbd3foO9XOt+K1VeXSUlrc+koejpBtJJ+IK64Gei7r30gbkGadtjo7a12J7tWZZTx+frfbH2DJXor0O/g+aviBFR6y4kQTW7Tr8S0Vmdlk9a3qHyd2RnsOruuwxn6IXzUmi+BWjY3VctFp2yUjAyGniaG5x0axg3cfYFxOtr5655mqX39wXprCsIgoGNpMPi1PIXJP6rgPBP4OHhrw2ip63U0J1xfGgOc64NxRsd+th6O/wBPOfIL0LfNaaM4WWpkddX2zT9FC0Njp2FkQaOwaxvQe4LxPxh9OvUOqZZ6DRsTrBa8loq5MOqpB5+TPmyfavMt3vVffqx9Xcq2euqXnLpaiQvcT7yspPi0cfZiF/cu54P8mlbWNEuIv6oHgNXfAL6Far9Pbh/ZHvjtkVfe5GnGYIuRv0uIyFza6/CNVReW27RsXJ2fU1pB+gNP314xKCqH4pUu2NvQun0vydYDAO3GXnvcf0svWb/hD9UudlumbY1vkZnn+pTaH4Re9xuHxvR9FM3uY6xzT+AV5AAJ6DPuQILeoPzpsYhVffVg7oR0dcMvkw9Z+K976e+EO0xWPYy72C4W7PWSItlYPug/cXZtFeknw71+WRW7UVMyof8A8nqz4L/odhfKBKaS1wIPKRuCOylR4vO3zwCs7XfJlhE4JpnOjPjceo6+1fVLit6L/C/jhTyS6h0xRS10g9W7UDRBVjyPiswXe53MPYvCfHD4L7U+lWVFy4e3Eaot7cu+p9TiOsYPIH5L/mwfYqrhr6SmvOF8sbbdeJaugad6GuJliI8hncfMV7F4R+nHpDWxhodSY0tdXYbzzuzSyH2Sfa/6WPeVdQYjBPoeye9cjxnoJi+EAyRt62McW7+kb+9fIespNQ8O75LSVcFbY7nAS2SGZhjcMdi09R9xV8s1Tf7tzyEzVdVKAeUbucTjYL7t8RuC/D/jpZxHqSyUF6ikb9irGAeK0EbFkjdx9K84WD4MXR+leKlh1PbdRVz7Pba2OtfZ6yJsviFh5mM8QYw3mAzkEkZCuDJIWCPMS3lwXNeqibIZcgD9iba+C9RcPNPw8MuFGnrPKGxR2a0wwzEdOaOIc5+cglcE4D+l3eeLPFlml6q0UVJQyNncyeF7i/1ASOu2+F0r0reIEWgODV7k8UMrbhGaKmbncufsfobleKvQll5PSHsQJ+XDUj/yXH+pUtVUuZUxRMO+66n0ewCCrwGvxKpjuWtOQ8iASSPYu7fCjQ83o3Usn6S+Uw+lkq+a/BQ41LVDzpj+EF9NfhOYfF9GN5/SXild/qyD+tfMbgwcaplHnA774WzwM2xOE964V0lF8FqR/Ku3cqGDlGjXoBeT7osZREYSkX3UaF0XZFhKxsiwgjQ6Ig1HgoEIIIBJIwMpR6IY+hBBIwUAMpewCMDughdN4REJwtwchBwygjukY2CJOdAixsUEEgoBKLSjAOEELpG+UMbJQ2O4RfOgjuiHRBGRhHyoIklBGgggiQR5CHuQQUC9XeCw22etqXYjjGcfpj2AXAbhXXPXuo42xxSVdZVSCGnpogXHJOGsaPnWr4x6iNTcIrTE/wCxwAPlA7uPQfMPvr2H8GJ6OEFwkqeK9+pRKyB7qWxxStyOcbSVHzfIb7eY+S410oxR1VUGkjPYZv3n+y9FdCcEZQ0gr5h9pJt3D+66v6HfoG2bhVb6LVeuKKC7aykaJYaWdofDbu4wDsZP13bsu5cXfSU0Zwcaae5Vnxu68uW26jw+X2Z7N+dY/wBLP0jxwisTbLZZGu1PcIzyOG/xWPpzn2+X0r5xXK41V4rp62tqJKqrneXyTSuLnOcepJK5bW4gKc9XHq73L1L0R6DOxtgrq8lsPADd3wHvXrbUHwiV6nneLNpakpoQfVfVzue4j2gAAfSU1ZPhEdQ087RddL0FVCT6xppnRuA9mQcryKhjdUHzjU3vnXaR0F6PhmTyYeNzf13X1F4Relbori3LHQw1LrTeHjagrsNc4+TXdHfMsL6WfoQ6c482uqvdip6eya5jYXR1cTQyOtIHyJgOpPQP6jvsvnvBUS0szJoZHRTRuDmPYcOaR0IK+gPoeekzLr+nGkNS1HPfqaPNLVPO9VGOoP64fdCvKLEuvPVy7rj3S3oH80RGvw4l0Y85p1Le/vHuXyeuVuvnDHWNVb6+mltl5ts5hnp5Rylrh1BHcH7oK7jpjUMGprTDWQ4BOz2d2O7heqvhM/Rxg1FpZnFCyUobdrU1sV1bE3eem6CQ+ZYT1/Sk+QXz84TahNrv4opHYp6z1QD0Dx0+np9C6d0axR1FVCneew/TwPAry30xwRmJURq42/aRi/iOIXbwPYiR4Qwu2LzchygIkeEYGEEEkboYyjwQhgoIJPKWo8ZR90MIIJOEOVLx0REIIJCG5SzsgMII0g4QStu6GMoIJICPlCPGAgggklvkiwl4RYwNkEEnlQwcowCd0DkIkaIjBWD4na1dY6T6n0b+Wtnb6z29Y2fjK21fWx2+hnqpSBHEwvPzLz4yC5a+1bBS0kL6u5XOqZBTwMGXPe9waxoHvICxXSfFHUNOIYjZ7/YF0foVgjcTqzUTi8cftPD1broXo3+jlqD0j9cMtFrBpbbARJcLm9uWU8efuuPYL7C8JeDGh/Rx0V9T7BRU9tpo2B9bc6jHj1LgN3yyHc98DoM7AKD6OnBG0ejrwooLFD4QrGRCouldsPGnxl7if0o6D2BeMvSq9Jmt4pX6osNjqX0+lKR5Z6hLTWOB3e79b5D5yuGVVU2lZndqSvWfR3o9U9I6vyeDssbq53AD4ngF6B4l+nppXS1VLR6copdSVMZIMwd4UGfY7BJ+YLkNT8IZrCSo5odP2qKLPyHOe4/Tt95eU8IYWVkxOpebh1vBekKP5P8AAaWMMfD1h4lxP6WAXt7RnwiFNUVMcOp9NOpIiQHVNBN4gHtLCAce7K9N2HVGjeOGkZhSvodRWarYY56WdgeCD1a9junzhfIZbLhZxWvvCPU8F4stS5nK4ePTE/Y52d2uH9fZSqbFZGutNqFncd+TahqInSYX9nIOF7tPdrqPctF6bnoLu4QePrXQ0MtRo97s1dBkvfbiT1B6ui9p3b0PmvMvDfWjrHXNoKqQmgndgFx/tbj39y+3XD/Wtg46cN4rlDHHVW24wugqqOYA8jsYfG8ez8RXx59LrgLL6P3GK42WBjvqHWfny2SHvC4n1M+bTkfQtvRVr6OZtTAf7heXcVwttZFJh9ayxFwb7gj9Qtt1G3fugW/Ostw01Ab7puNsruappfsTyepH2p+j7y1mAvQ1JUsq4GTs2cLryRX0klBUyUsm7TZN8pRgFKwhgqYoN0nfKNDlOco8FEhdJ3CPJCHKco+VBBMVFbBSNaZ5mRB3QvcBlMC92/b8+0/8YFxnibqT6u390MT+akpMxsx0c77Y/wBXzKRbOBnEe82+Cut+gdT11FUMEkVTTWiokjkaeha4MwR7Qub1vS409Q+KGMOaDa9912HDugIqqSOeomLHOF7W2/2F136s24/8sp/4wfjSTebeD/dtP/GBcu/3PPFP/wC7bVv8x1P5CzGqtEai0NVw0mo7DcrBVTR+LHDc6SSne9mSOYNeASMgjI8lB+mkv4I9ash8nUH8QfUPivQMFTFVsLoJWSszjmY7ITnLjqsNwb/Q3P8Aug/eC3q6Nh9Ua2ljqCLZhey5FitGMOrZaRpuGG10gDHuRdN0snCLbyVgqq6TueuyA6eaVjmKMNHkjQukZQzsl8oRFo8kSFwiByPai6owxAt6oIaIBEdkfKf/ANyIj2I0EFzjiVpu7S18V1t8s8zIgD4LHHMTh9s0e3uukBueyBaQq2voWV8BheSO8cCrjC8SkwqpFRG0O4EHYgrkVNxbu9JEIqugZNKNuc5YT7xhV1X9X+JV0h56cxQM2GGkMjHc5PUrtL6SCQ8z4I3HzLQSlsY1g5WtDR5DYLOuwKqqAIquqLoxwtv4la1vSeipSZ6GiayU/vXvbwCwfEi1mk0RR0dNG+UQyxsAY0k4DXBWPC+B8OkomyxuY/xHbObg9VrO+6PofcrhmFsZXeWA/u5bLPyY1JJhvze5v7xdmvzRY37bqNchm31QAzmJwH0FSxg+9E4K4ezM0t5rPxyFj2v3sQuTcHqSemvFc6WCSIGDAL2EfbBRpqOo/NUbL4Enh/HWnn5Dy4z5rsYA8sIi3PbJWVb0fa2mip+s8x2a9t+5bd3Sp7qyer6r/MZktfbTdQLzaKa+2+WjqmB8bxse7T2I9q5Pbvqvw41G+HwZamieRziNpLZGdnD2hdm5SgWezKsa/Cm1kjJ43ZJG7EcuRVVheNvw+KSllZ1kTxq08+Y5Fcq4rh91baaimhlljdG4+qw5HTr5LoemmlmnrW1wLSKWIFp2IPIFY8vsSsY7JVLh3k9XLVl1y8Abck3W4v5VQQ0AZYRkkG+91meJEbptGV7I2Oe88mGtGSfXaqjhDTy09kqmyxvicZtg9pHb2re8pPtQ5PYlPw4Pr212bUC1kiPFjHhb8MyaOdmvf2It1DvILrPXNAyTA8AAbn1Spwaixg+xWsjM7C3mFSxSdXI1/IgrgGm7xedKzzS0VG4ulbyu8WFx29mMK+k4karnYY2UjWOOwcymdn7pK7Bn3IdFi4ej1TTs6qKrcG8gP7rolR0spKqTrp6Bjn8yeXoXKtA6Puc99F5ujHx8pLx4vynuPfHkpvELQVRPWG8WkHxzh0sTNncw+2b7fNdJwEWPfhWDej9KKQ0hJNzfNxvzVS/pVWuxAVzQBYZcvDLyXIrdxVu9uZ8Wr6Nk8jGn135Y7Yd/NQK686h4iTspYYiymJ/tcYIYPa53ddmkoKad2ZKeJ5/TPYCU5HBHAOWNjYx5MGAoRwOsmaIZ6omPlbUjvKsm9JcPgcailoWtl53uAeYCz2j9HU+laAsGJauQDxZj39g9iyeuuHErqh9ztDPWJ55IGbHP6Zq6egBn2q4qMGpJ6UUuWwbtbcHms/S9Ia+lrXV2fM53nA7EcvhyXGbbxSvNnYKatgbVFgxmbLJPnPf6E1cNQ6h4gObRwU5ZTOIzHEDyn9k4rsk1upah/NLTRSO83MBKcjgigHLFG2Jvk0YVL8xVsjeomqyY+XG3itH9J8Oif5TT0LWzc76A8wFmdP6TZpfTdVAPslTJG50rwPlHlOw9gWO4R0k8F/rXSwyRtMBwXsI+2C60eiLA9ytnYPF1tPJGcoi2HNUTOkE/UVUUwzOntc32XPuIegfqm19zt8eKxozJG3bxPb70vh7q2rq2Ntt0hmE7BiKd7D648nHz9vdb/GUXL5Yyj+aRFWeV078t/OHAovn102H+QVcefL5rr6t+IXHbXRVDeKIlMEgj+MvPOWHHyT3XYCOo9qUW7ocqew3Dhh7ZAHXzOLvWo2L4ucWdE4sy5Ghu+9uKSenzLkGkKOoj4izyPgkawyzesWEDqe67BjKItwUK7DxWywyF1urN/FHhmLHDoaiEMv1rcvguN8Taapdq8zQwSScscZDmsJGQj/ND1X/kf/5YrsZb7PpQ5QFSvwCbr5JoKkszm5A//VooulUHksVNUUjZOrFgSf7LlNl13qWsu1JDUQ4hkkDXn4uRt71H4rUlRNqSJ8UEkoELd2MJHUrrvKB2CBanZMDlmpXU01QXXINzwsmIuksNNXNrKelawBpBAOhv6FyNnErVDGhooY8AY/ud/wCNW+ldc3+7X2mpKykZFTyZ5nCFzSMAnqSui8uEMAbAJcOE1kT2udVuIHDn3bpFRj2HzRvY2gY1xB1vt37Lh18dcLbrasrqWmkdJHOXMJiLmnbCsH8QdWVDfDZAWOd3bTHP3V2ENGUYHsUQdHpo3PMNU5ocSSB3+lTndLKeWONtRRNeWAAEnl6FyTTegbnfroLhfPEbFzc7hKfXl9nsC621vIwBoDWjoAjHXdGPcr7DsNhw1hbHck6kncrLYvjNRi8jXSgBrdGtGwCIouUpeEatlQ3SN+6PZAHLvYjPVBBJ6ouqc6IYQQSMBDGMpeAk4KCF0XLlEWkFLAOUO6CO6SG7IY+dKGQUaCJILc42Q5MJaSQSghdILUCMJZGEXLlGjuk8qAbhGAR2SsZ3KCF0jcIt0s7ocp96CF16B9Hv9Blb++D/AOjjQR+j4P8AgZW/vg/+jjQWNqv85/iug0R/wzPALnvE7/CRqr99qv8ApnLMkZK1HEwZ4kar/far/pnLNcnRaik/Z4/6R7gub1ptUyf1H3lJAQSsHYIiMKYoV0SCPGAhhBBEQCgjIwiQQQQQQQQRYQIzjCNBBGkhuTuEXLkEpaCCF03ykdUUj2QsL3kNY0ZcT0A806Rlcx4yawNupG2alfieobzTOB3azy+dVuIVseH0zqiTh7SrrB8NlxesZSRcdzyHErEcSdcv1TcjTU7iLbTuIY39O79Mf6l7M9AX0KI9RCi4k67oOa2tIltNrqG7TkdJntP2vkO/VcY9Bf0YHekBxIFfeIHDRljc2euOMCqk6spwfb1d5NGNi4FfVDi9xSsvA3QMtzqGRtELBDQ0EWG+I/GGsaOwHfyC8+VlY+qlfU1B3Xr3CsKFOyLDaBlzoABuSqzjzx8sfA3TglqC2pu87CKK3RnDn9uY+TR5r5qcSuKOoOK+oZbtf619RISfCgBIigb+lY3t/Womv9e3jiXqmtv17qTUVlS7OM+rG3sxo7ALOlYCtrnVLso0avYfRPojT9H4RLKA6c7nl3D48UAhuTtufJBe1PQ99FiCqgpNdaupRLzYktlulb6oHaZ4PU/pR269cYi01O+pfkYtFjuOU2AUhqqk9wHEnkP1K5hwZ9DPVfEuCG5XYnTtmkw5r52EzSt82s7e8r1joz0L+GmlYozUWp97qm7ma4SFwz7GjAx7DlTPSM9KvRvo12Rjrq43G9zMJo7LSOAlk9rj0Yz9cR7gV82uK3whvF3iPVzNt93bo+1uJEdHZRyPA/XTH1yfPBA9gWwhoYIBtc968t4t0yxjF3kmUxs4Nbp7dyvrHRcJNE25gbTaSssQHdtBFn6eVHWcJtFXFnLUaTsswP6agiJ+nlXwmunELV+opTNX6hu9fI45L5auR5P3Um2681ZYZRLRX67UMjTkPiqpGkfdVh1WnmaeCxvls2a/XG/9RX2a1Z6HXDHVLJCLH9Sp3f8AHW+QxkH9ict+4vOXEv0A77ZYpavSVyZeoW5Io6geHNjyB6FeVOHfp6cZuHs8XLqmTUFGw+tSX1nxlrx5c5w8f6LgvbPAr4THRXEKantetaI6LvEhDBUmTxaGV37PAMfucCP1ygy0VPNu2x7lqsO6W41hbgYpy5vJ3aHt19S8X3/Tt00tc5bdd6Ge31sRw6GoYWuHt9o9qruy+tnEbhHo7jfp5sd0pYK2ORnNTXGlcPEjz0cx4/8A3FfPLjz6NmoeCNxdLKHXPT8r8U9yjZgDybIPtXfcPZZqrw6Sm7TdWr0F0Z6c0eOkU846ubkdnf0n9Dr4rN8PON+teF8jPqBfKiClacmild4kB/0DsPmwu8W34Q/VFPQ+HWabt9XUgY8ZkrowT58uD99eTEPcocdZPCLMctJX9GMHxN/WVVO0u5jQ+m1lv+L3G3UvGm8R1l9qGtggyKejgGIogfIdz7VrvQzf4fpFaYPmKkfTTyLiS7J6IUnh+kJpU56vmH0wvCVBI59Sx7zc3Caxmigo8BqaamYGsEbrAeBXqP4SiLxfReuR/SXCld91w/rXy14NnGr8ecLl9V/hFofF9FfUJx8ippnf+Zj+tfKTg87Gs4h5xP8AvLq2Dm2Iw/1BeC+kAvg1SP5Su87ZRY2SiM496GOy9CBeSLpIGUMI8YQHsRoXRIYKPlygOiCF0ndGlYRYQQuklAjKVjdFjdBHdFgIH2I0eNvaghdJQwjAQwgggghjdDCCCJDCPCCCCLCGEEaCNFygpJZ5JaLGyCF0gNOUZae6VhDCCO6SCMdERdgZOMAZSwFEvD/BtNa8dWwvcPmaU1I7IxzuQKehaJJWs5kD2rzlWyTao1PKYhzz11VyxjzLnYaPuhfdzhXpKi4T8INP2SBrYqa022NrzjGSGZe4+0nJXxE4H0Mdy4xaLppRmN93psg+yRp/qX224818lp4M6zqYDyyQ2mocwjsfDOF5pmkLnPkO+pXtGjpwTDTN0HZb7gvl7xY15U8SeIN61BUyF4qp3eCD9rEDhgHzY+6smiCC5o95e4uO5Xvamp46SFkEQs1oAHoRoIIJKkolb6R1PW6L1NbL3b5DHV0M7ZmEHGcHce4jI+dVKJG0lpuE1LEyaN0UguCLHwK+wLBbuLPDHlextRbb9bd2uGQWSx9/pXwf1bY6jQmubranEtqLVXyQhx65Y8gH7gK+1noj10lx9HrSEkhJcyCSEH2MlewfcaF8m/TIoI7b6TnEOGIBrPqm9wA7ZAK6PFIS1kg30K8IYhStp6qek3DXOb6iQt7R1DaykgqGfJlja8e4jKeVNouQy6UtDj/1Zg+gY/qV1yr0vTP6yFjzxA9y8VVkYhqZIxwJHtSUEvCT2UlQ0SCVjCLB8kEESCVjzREboIIkMZR4QQQRII8IYKCCLCGEEEEaGEWEaCCF0Mboj1CNBBC6LCBCNBBC6xHFq4Gh0m+Jp5X1Egj+bqfvLffBp8Oota+kbBdquISUmm6KW4AOGR45xHF8453PHtYFyvjdIRRW1nYyOP3P9q9a/BHUEfxriTWkAy8lDCCewzMT9O30LiPSqQyYkWnZoAXpXoPCIsGa8buJP6L0t6bHEiXQ/CSWhpJTFXXmT4o1zTgiPGX/AHNvnXzWC9kfCMXCQXrSFFk+F4E02P13MAvHC45ikhfUFp2C93/J1RR02BsmaO1IST6DYe5BBBBVC6ggiwjQQQXqj0A+I01j4gV2kppSaG8QmaJhOzZ4xnI97M5/YtWv+FK4dRX/AIOWnVcUQNbZK5sT3gb+DKMHJ8g4N/hLzd6OVwktvHLRckRIc+5RQnHk88p+4SveHpwUMdx9FXiBHIB6lJHK0nsWzxn+pbLCnl9OQeBXlX5SaNlLjTZmC3WNBPiDb4L5FcG7i6nv89Jn1aiInHtbv97K7Kd1wLhpIY9ZUOPti5v3F30hd/6IymTD8h/dJXiHp7C2LFQ9v7zQf0QRIwCe2yGCtqubIZKAKGESF0EFmeIOphp2wSlj8VU+Y4h3Gep+ZaSR7YY3PeQ1jRzFxOwAXn/XGpnaovj5WEmljPhwN8x5/Ost0ixP5vpC1p7b9B+pW46JYKcWrg54+zZqf0C3HovcFqrj1xlsum2scaDxPjdxmA/tVMwgvJ9p2aPa4L7aXG72DhxpuB1bU01ms9GxlPG6Q8rI2gcrWj5gvN/wevo7ng3wn+uC7U3h6o1MGVMwe31qemG8UXsO5c72uA+1C5X6dnGQan1RBoy2z81Baj4lWWO2fORsP9EfdK4FU1ApozId16+6PYJJj+IMo2aN3ceQH+7Be4tJa/09ruGolsF2p7rHTuDZXU7uYMJ6A/Qvmt8LJ/hj0h+8H/5xKvQnwc/6HNX/ALqg/BcvPfwsn+GPR/7wf/nEqVTymeFshG6YxzDWYRik1DG4uDDa532BXBODX6Gp/wBvP3gt9hYHg3+hqo/dB+8FvdyvRGBf6bD4Lxv0n/1ip/qQLUfKiycI87K+WXQAQPRDOyHVBBFjCGEZCGEEEnGyGErAQQQScIdErG/VBBBJQS0EEE3hAjf2peECESO6bx7EMJRGUXfogjQxujQ5d0MYQQQRY3RosIkEEOmyNERuggi2wj6IkfXzRoIZQz7UPchjZBBAhDshnCHdBBDlCI77IyiAwggjR4RdUeMIIIgcJJz7EeEeEEEQ2GEY2QwgSgggeuURARoY80EEkY36oFox5JeEWEELpIAKBbj3JR2CBCCO6Ty5QOxS0XXsgiSOqNKI22GUXLn2II0k7oY2Rgde6AbhBBFjqixv7EoghJ3QRoAI+VADfCMAj3IIJPLhDGAjJ+dA5QQuiPvR7jdEDhKyhZBFko+yBIPRBFZBBEQCUex6oOAwhZBDsgEW6UhZC6JBBDO6JBBBBBBBBBBBBGgggggiQQQQQQQQOUEEEEW59iBCNBBGvQHo+/oMrf3wf/RxoI/R+/QbW/vg/wDo40FjKr/Pf4roFF+zs8AsDxNGOI+qsf52q/6ZyzWMLUcTRjiPqv8Afas/pnLLlaqj/Z4/6R7gub1/7VLb7zveUR+6iwlAZQIwpigXSS3JRcuMpSMhBHdNkFHjZKxthDCCO90nbKSR9CXj6UYGEEE30QwlFp3ScboI0MIEJR6JOSggo9wrorbRT1U7uSKFhkcfYBleaXi4cQNXsip4nVFwudS2KGJu/rOIDWj2DZda42Xs0GnIqFjsSVknrY/SDc/dwukfBo8JGa843SajrIBLb9NQfGW8wy01DvVjHvHrO+Zci6X1xlqG0jTo3U+JXoX5PMMEFI/EHjtPNh4D4lfRz0eOEFu4AcH7Rp2EMZNBD8Yr6jGPFncMyOJ+57gF4E9J7jTNxi4hVMlPM42G3udBQxg+q4A4Mn+kfuYXsj02OKL9A8JpbZRzeFc7880cbmnDmRYzK4f6Pq/6a+a2FxrFqm1oG+JXtz5MsCaWvxica+az9T+g9KCNBBZlegF1D0buGQ4q8V7Tapmc1vhd8aq/Lw2b4PvOB86+h/Hvi7avR44P3TU9RGwiiibT0FEDy+PO7aOMezqT5Na49l5u+DnsUU1brC7uaPGhZBTNd35Xczj+CFgvhadYVHxvQelWSObSiOe5SsB2e4kRsJ9wa/H7IrZ4XEI6fPxcvJ/yi4hJWY0aUnsxAADvIuT7l4Z1hq/UfGLXVXebvUy3O93KbmJcdm5OzWj7VoHQdsLqGk+EVstEEctxYK+sIy4O+Q0+QHdUXAyyRObXXSRodK0iGMkdB1K64u2dGcEgMArKhuZztgdgF426bdJ6kVTsNpHFrW+cRuTy8FFgtdHStDYaWGIDsyMBHNbaWoHLLTQyN8nxg/1KSguh9THa2UW8FyDyia+bOb+Kx974WWG8seRTfE5j0kp/V393Rcn1dwxuelw+dg+O0I38WMbtH64f1r0QiewPYWkAtOxB7rO4h0eoq9pIbldzHwWywfphiWFPAc/rGcna+o7hZb0XfTU1X6Plxgt9VLLfdHPcBLa535dAO7oXH5J9nQr6w6Q1joz0huHTLjbJae+WC4xlksMgBLDjdj2/auH/AO5fG7iNwpYWSXOyxcrh60tI0bH2s/En/Rj9JfUHo3a4juFE+WrsNS8MudpLsNmZn5TQdhI3sfmK47iOGz4bKYZxpwPAr0Zg2NU2MwCqpHWcNxxB/wB7FekPSd9Gqs4MXp1ytjZKvSlW/wCwzHd1M4/8W8/ePdcHX12t1w0p6QHDCGrpnw3jTd7peZp6nBG4I+1c07EdQQvmZxz4Q1/BnXdXZakOko3HxaOpI2liJ2PvHQ+5c9xGi6g9bH5p9i9edBOlpxePyCtP2zBofvD4jjz3XPV1j0U5BFx+0ifOoc36WOC5Oum+jNL4XHfRp865rfpyFV03+czxC6FjovhVUP5He4r2n8IJF4vopavP6Q07v/OYP618lOEBxrmlHnHJ+CV9d/Tzi8X0TdfH9JBTu/8A5mIf1r5C8JTy65ovaHj/AFSusYUbYhCf5gvn7jgvhFSP5T7l6DI++iATmEePZ1XocLyDdN43REJzlKAB8kaF03jZGBhK5EOVBFdJREJZA+dFy4OEEd0jkz06ocqXjCLCCO6QQgQloYQQukIJWEMIIXScIiN0vlQ5UEd0jGUZCPlQx7EELosBBHgoYKCCSQCiSyEkhBGCiwhylKwgghdJTFdT/GqKoh/ykbmfSMKT3QO4SHtztLeacjkMb2vHAgrzrwxvA03xJ0xcZDyNpLnTyPJ2w0SN5vuZX3W4lWka14XX+gh9YXK2SsZ7eeM4++vhFry0Oseq6+EDljfIZY/2Lt9vduPmX2X9DPi5Bxl4Aafr3zCa50EIttwYTlwljAGSP1zeVw96811MJhlkhduCQvZ1BViSKGsi12I9hXzIfG6GRzHtLHtJDmnYgjsiXcfS34OT8MOJdZW08DhY7vI6pp5APVY8nL2fTk/OuGrmk0ToZCx3Be8sLxCLFKOOshNw4A+B4j0FGgggmVaoiggdl1H0dOEFVxg4j0FB4LnWmle2evlI9URg55fe7p9KcjjdK8MbuVAr62LD6Z9VObNYLn/fevoh6NmnpNL8DtIUEzDHMKFs0jHbFrpCXkH53L44+lFqGPVPpCa+ukLw+Ka6zBpB29U8v9S+xvpB8TKHgjwV1BqGVzYjSUhgpIs4L5nDljaPnIXw5tFJUat1RDHK4yz1lQXzPPU5PM933yukQQlzmQM30C8JV9aHvnrpdLlzj6dV6A0rTGk01a4iMObTR5HkeUZVoUoNDGhoGABgAIL0tCzqoms5ABeLaiXrpny8yT6yiwk8pzslkIYTyj3SAN0aMe3qhy+1BC6LG6CVjdEd+6CF0SCPHkgdkEaSTgoAo87hDGEEENu6BAQIyEWPagghhFgfOj+dGR7UEEnCHKjwjwcIIJJGESWgeuyCC5pxspy+0UE4GzJi0/OF6b+CU1FHT6x1/Y3vHi1VFTVkbfZG97Xn/wA1i4VxEtBvGk6yJjeaSMeK3zyN1Reh3xbZwX9ILTF8q5fCtM8jrdcCeggmHKXH2NdyP/0FxbpbAYsQ63g4D2aL0d0DqWz4SYRuwn26r3h8Irp6SWj0pe2sJjifJSvcPtc4cM/QvEa+tHHbhpDxf4YXOysLDUSRiejl6gSt3ac+R6fOvlHd7TV2G6VVur4H01ZSyGKWKQYc1wOCFxzFoSybrOBXuj5NcVjqsKNCT24idO46g+u6iIIIKjXX0EEESCC676KGnZNScetLRMaXNppzWPONmiNpdk/OAPnXsb0/tQxaf9FXWDHvDZK/wKOLJ6udK1xH8FjlkvQN4MzabsVbre6wGKsujBBQseMOZTg5Lv8ATOPmaPNcY+FV4vw1VTp3h1Qzh7qcm5V7WnYOI5Ymn2gcx+dbXDYTDT3dudV5H6f4nHieNFsJu2IZb94Nz7dPQvEHCumNRrOlONo2ueT8y711PsXKuClnJfXXJww0AQsPt6n+r6V1ZegeilO6HDg4/vEleJunVW2oxdzG/uAD0oYSeUpSC2S55dJ5UXfplLWe1rqyHSlpdMSHVMnqwx+Z8/cFGqKiOlidNKbNCmUlLLWztp4RdzjYLKcWtYClpzZqV/2WUZnc0/Jb+l+ddH9Aj0bX8bOJsd6utMX6UsD2z1BePVnm6si9vTJ9gXCuHegdQcauIdu07Z4X1t4uk/LzH5LB1dI89mtGST7F9t+EPC/Tvo7cKaLT9A6OCit0JmrK2QBpnlxmSV/vx8wAHZcBxTEX4nUunftwHIL1XgmEx4NRspY9XHc8z/vQKD6RHFyl4L8Nau4tcwXGZvxW30/6aQjY48mjc+5fKyvr6i6VtRWVUrpqmeQySSOOS5xOSV1T0l+NVRxp4hT1cT3tsdBzU9vhJ2DM+tIR5uIB9wA7Lki5niFV5TLZvmhe1eg/R35jw8STD7aTV3cODfRx717p+Do/Q5q/91QfguXnv4WT/DHo/wDeD/8AOJV6E+Do/Q5q/wDdUH4Ll57+Fk/wx6P/AHg//OJVp6D9kYvPvTP/AIiqvH9AuCcGv0NVH7oP3gt95rA8GhnTU/7efvBb8Aj3L0dgX+mweC8P9J/9Yqf6kWN0CMlH1Qxsr5ZdFj2o9h1QHRHjPVBBDI2Q2REIkEErAwi5cboIdUEEWUQO+ErGECQggghhGShsggiI3Qwj2xsh0BQQScZQKX0RYCCCJFhKOEWMoIJPKERGCllvRDGESF0jCMBKLShhCyO6Tyo8BHjCHXsgiSSEWEshAt3QQSOVDCWRjoiwghdJ5cBFjKcwixgII7pPKQj3SkEEV0kBDCUiRoIiNkSVhBFZHdILcowN0tBBC6SUSUhhCyF0nt1QISuVDGUESSgj5UeEVkd0nCPZGeiSjQQwURGSlF2EBhBBJwiIylkgIuqJGiAwg5H99Ao0EkAbIyAh1QwESCIgY6IDBHRGAhjKCCIDAKGNsIwCEWChdGiweqGErB80XQoIJOMI8EpfkiwjQuk4wh1R4wUYwggk4wgUojdDlHkghdJGyCVgIuVBBEgj5SRugG+1BBEErAQxgo0NESIgBJKVhAhEgi2Q6dEeMI8oILv3o/Y+s2t/d7/6ONBK9H79Btb++D/6ONBY2q/z3+K6FRH/AA0fgsHxMH/1H1X++9Z/TOWZxutPxMP/ANR9V/vtV/0zlmcZ+haej/Zo/wCke4Lm2Iftcv8AU73lER0REeaV0KGN1NUBIxuUeBhKwMoYRIXSAN0MD50rCBAaEaNI7IYKPdAbD2okESItyl9uiIDbdGjum+XCMBKI3REIkY1XA+Nly+OasbTA5ZTRBvzncr6XfBjaCbpf0eHX6SPlqdQ18tQH43dFGfCYP4TZPpXyu15Vmt1jdZScjxi0fNsvt/6NWnWaS9Hnh5bQ0RmKxUssjemJHxCR/wDrPcvO2JzGorppDzK9jYJTCkwunhHBo9uq8W+nVrU6k4xm1Ryc9LZqZkAaDt4jvWeffuB8y85LWcW747UvE7U9yc4u8e4TOBPlzEf1LJrlVTIZZnPPNe/ej9G3D8Kp6Zo2aPWRc+1BBBBRloF7V+Dlu0bDrO3OcPFf8Xna3vyjnBP3QuX/AAtWm549SaCv4YTSy0k9CXgbB7Hh+D7xJ9wrPeifxMi4Z8X7fUVcnh264D4lUOJ2aHEcpPucAvcnpVcC6b0ieDNy0/G6Nl2ixXWqpPRlQwHlBP6VwLmn9lnstphkgkpw0bheS/lDoX0mOPncOzKAQfAWPuXyd4E3WJ1FcLe5wEzXiVrfMEYK6r3Oy8yPjvPDXV89NVU8tvu9umdDUU0wwWuBw5pHkvQOkdX0Wr7a2opnBszdpYCfWYfxe1d26LYpHNTijebPbt3heK+neAzU1Y7EoxeN+/ce/wAVdYQxulAD3IwMhb5cmukYz0QSuXB9iAGEELpOPMZXGeLugRROdeqCPELj+eI2j5J/Te4rtBGT7UzVUkdbSywTsEkUrSx7HdCD1VPimHR4nTmF+/A8itFgWMzYJWNqIzp+8OYVr8HT6TT+GeuW6FvlWW6ZvsobTuld6tLVHZpGejX9D7cFe8/Sw4Ms4tcNKp9HCH361tdVULgPWfgZdF/pAbe3C+L+qbHUaM1PNTMe9hhkEtPKDg8uctcD5j74X2b9DnjS3jlwMs11qZWyXejb8QuLc5PisAHMf2Qw75157qaYtL6eYajQr2LhWKOgkhxOidtZwP8Av1FfMUgtJDgQRsQV0L0eZfB436JPndIW/S4Bab0t+GY4b8YLiKeLw7bdSa6nAGwLj67R7nZPzrH8CpPC4zaJdnpd6Y/+YFz9sZhqQx3Aj3r2hNWx4pgMlXFs+Nx/7TovoB6bsXj+inxDZ1/OUbvonjP9S+OvCt3Lri3+0uH3Cvsv6YsPj+jBxDb/APg0u+h7T/UvjJwxdy64tntfj7i6hhxtXQn+Ye9eD8XF8LqB/KfcvSCCCC9FrxyggggjQQQQQygghhFy+1HlDKCNFyouXdKyhlBC6Ty+xEWnKXlDKCF0gtxsiwUvl9qGPai2Shrsm0FHqLxQUeRPW08JHUPlAP0KC7WNiacfVSmB/ZhR3VMDDZzwPSFMZR1MguyJx9BVsgoEGo7VVHEVxpnZ7eK3P31Pa5sjQ5hDge4OUtkscnmOB9Kbkgli/wAxhHiCgglcqIjCeTCJFy7o8IIIIIFBBBBJ5UeEaCCNc54waTddbay500fNUUo9doG7md/oV56FPpOSejpxI/3yfJJpC8csFzhbv4RB9Sdo825OR3aT7FqHsD2lrgHNIwQehC4fxK4dyWKokuVBGX295y9jd/BP4ly7pTgzi419OL/eH6/Fdx6DdI4wwYXVOt9wn3fBfbDW2i9L8d9AikqHw3K018QnpK2mcHcuRlsjHL5zcafRp1bwcuMz6iiludh5j4N1pWFzMdhIBuw+/byJWA9FP03dR+j1LHZriyS/aNe/LqFz/slNnq6Enp+x6L6f8K/SM4c8cbXHJp+/0dTNK3EltqnCOoaT1aY3bn5srkdVRx1Y10PNen+jvSuu6NvLYu3Ed2n3g8CvlJ0OD1QX1lv3o5cNtSzOlr9IW50jjlzoYzCSfM8hCasvo1cM9PzNlo9HW7xG7gztM2P4ZKpfmaS/niy62PlUoeruad+blcW9f9l86uEPo+6v4x3OKO1W+SmtfNie61LC2CMd8E/Ld7G59uOq+kPCbhNp7gZoz4hRFkbWMM1bcKghpkIGXPcegA+gBNcSOOXD3gjaHSaiv1Ba2wtwygicHTOwNmtibv8AcAXzP9LD09b5xxiqNN6ZZNYNHOPLKObFRWj/ALQjo39aPnVzS0UdJqNXc1ynpH0urukZEbhkiGzR7yePuTPp7elZHx21pHp3TlQ5+i7HI4RSjYV1R0dNj9KOjc9snvgcu4NaUdTxSXqoj5XSDkgBH2vd3zrLcPeH82p6ptVUsdFbIzu4jHiEdh+Nd5hgZTwsiiaGRsAa1o2AHkur9F8Gc+QV04sB5o5968ydOOkcccRwulddx84jgOXieKURnCBACVhFjddXXBkQ5UWNkpDG+UEaShgpWMoIIXSMIYyloIIXSQNkRGUtEd/egjuk4QJwlYQ5QghdN5yjKWGgIsZQR3SOhRnHvKPkUGqvNBREietp4iOzpAD9GU2+RkeryAn44pJTaNpPgFN7ZKHZVDdX2V55Rc6cn9sAVjTV1NWDmgqIpx5xvDvvJtlRDIbMeD6U7JSVEQvJGR4gp0Dcowj2Rd9lIURE5oewtIyDsR5rz3xC0vJpi/yBjSKWcmSF/b2j5l6FOCqfVOmqbVVpko6gcrvlRygbsd5rNY9hQxSmyt89uo+HpWy6LY6cErQ5/wDlu0d8fQvYXwfHpaUvEXStLw91NWtj1TaohHQyzOwa2naNgCer2jbHcYXQfSg9E6n4sB+odOeFQ6ojZiRjvVjrAOgcezvJ30+z5CT0954eakgnhmmt9xpJBLTVcDi0gg7Oa4L6J+jL8Jba7rQ0tg4p/wC91xYBGy+xMzDN2BlaPkO8yNvcuC1NNe8FQ2xC9ZYRi81BKzEMNk8CNQRyPMLzNqrRt70RdZbbfbXU2utjODHUMLc+0HoR7RsqZfYJo0ZxcsbJWfUjVVreOZrh4dQwZ+nB+6sjUeilwpqpzM/R1GHk59SSRo+gOws1Jgzr/Zv0713mj+VSDqwKynId/KQQfXYj2r5YUtNNWzshp4nzzPIayOJpc5xPQADqvWXo4+hbc73XUuoNd0j7dbIyJIbVKMTT9x4g+1b7DufYvYunOGOiuHUb6q1WK2WcRty+qETWua32yHfHzriPHz0/OHnB+kqaO0VkWrdRgFrKSgeHQsd/2kg2A92VKp8KZEc8pv3cFnMd+UiqxCI0+HR9U06FxN3W7raD2ldK4/cc9N+jZw0nvNxdEyZrDBbLZGQH1MuPVY0fpR1J6AfMvijrHVd74ua+r73cpHVl5u1SZHeQJOzR5NA29wVxxg4zas4/61ffdSVb6yrefDpaSLIipmE7Rxt7D29T3Wx4b6AGnYfj9c0G4SN2b/kh5e9bjCcLlxScMaLMG57vivO2PY5DgdM6V5vIfNHEn4LTaasUWnbJS0Ee5jb67v0zj1P0qzwjweqMbrvsUTYY2xsFgBYLytPM+oldNIbucblJwj5UDjKh3W70tkoZaurkEUMYzk9z5D2o3vbG0vebAJEcb5niOMXJ2Cavt6pdPW6Wsq3hkbBsO7j2A9q4DebtcNc6ha5sT56id4ip6WIFx3OGtaO5++n9Y6vqdX3HndllMw4hgHb2+8r6J+gD6Fp0nBRcSdcUPLeZWCS02ydu9M09Jng9HkdB269VxXH8cdiUnUwm0Y9vf8F6R6K9Gm4ND5TUC8zh+Uch3811D0GvRPi4BaN+rl9p2O1rd4g6oLhk0cR3ELT2Pdx7n3LEem56RDZnS8P9PVWQ0j6qVETu/aEH7p+hdX9LD0kIOEunZLLZp2Saqr4y2MDf4qw9ZHe3yHzr5t1FTLWVEs88j5ppXF75HnLnOJyST3JK5hidbkHURnXivV3yf9FDVSDF61vYb5gPE8/AcO9NoFGiKyi9JL3T8HR+hzV/7qg/BcvPfwsn+GPR/wC8H/5xKvQnwdH6HNX/ALqg/BcvPfwsn+GPR/7wf/nEq3lB+yMXjXpn/wARVXj+gXB+DH6GZ/3QfvBb/CwPBj9DNR+6D94LoGF6NwL/AE2HwXh7pR/rNT/V8EnCLGEvGyIjur9ZVJARlGSiwggiwhhKARHcoI0jHtQ5e6cxgIsZQQukblDlSwNkMFBC6Ty/Sk4wnEQBxughdJASidkeB5okELoIiMlGhsggix5oN6pWESJC6CCCAGEELoIuh6IygjRotso0N0EESGyLqgdhujBygjuiwgfJH39iCCK6GEQGEfZBBC6CCCCCF0WEMI0EEd0XKiA8ylIEAoIXScIDI7JWNkXbyKCCHvCJH280O6CNEEErAREIIIkSPCPHcoIIkWErYoiMIIIsIYBQ80CMFEghjdDAQGfegjQRY3RfeSs+5HnZEhdIwUMexKQJQQukoI+hR8vXyQR3SUErlCHKhZC6Sh0R43Q5USCJDqj5EeMHZBC6TgkosbpwpOCjQRIJWNknvhEggiR5HcI8BBBEgQMdUCChhGjQQQQRIkECgEDugjQCAGUEEaJegfR/b/wNrP3e/wDo40EXo/HOjaz93v8A6ONBY2q/z3+K6HRfs0fgsJxMH/1H1V++1Z/TOWZWp4ltzxH1Uf8A8LVf9M5ZlzOULTUf7NH/AEj3Bc1xA/4uX+p3vKQBlDCMNwgdipigXRdPagN0bAX5QLS0dEV0dkWMoEZR52RblGiRYwgAlgbIwEELpGPcix62E57ERAyjQBScJJ2BJ6YTmNkXLzA9tkl2xS2HtBeSr88yXy4OPeok/CK+/FBCLNw8pIoxgUtrYxo8uWIAfeXwHvzDHfbi0jBFRJ+EV9+aKUXfh7SyxnmFTbGOb7Q6IEffXmme/WyX5n3r29R26qDlZvuC+QV6k8a817z1dUSO/wBYqGpl6j8K817D1bUSD/WKhrmDvOK+gEFuqZbkPcggggiTyAJaQQcEdCF9APQ59JWHWNpp9F6iqRHfqRnLRzyu/uuIDpn9OB27jfzx8/09Q11Ra6yGrpJ5KeqgeJIpY3FrmOByCCOim0lU6lkzDbiFlOknR+n6Q0Zp5dHjVruR+B4r3h6aXoS0fHehl1RpZkNBrimj3acNjuDR0Y89n+TvmK+VdVTah4Y6pqKOrp6mzXmikMc1NOwtc0g7hzT1C+rXo1emPRatipdOa0qI6K9gCOCveeWOp8g4/au+4V0X0hvRQ0R6R1r57rTChvsbOWmvVGAJm+Qd+nb7D8y3VNUh9poHWI9YXj3GMFqMMldQ4jHoeeoI7uYXy+0bxbt+oRHTV3Lb687Ycfsch9h7e4rfgggEYIPcLmnpA+h7r70fqqaouNC666dDvsd5oWF0QHbxB1jPv29qwGkuKd20zyQyPNdRD/ipTktHsK6dhfS0i0VeP+YfqFwDHfk+D7z4Uf8AkP6H4r0Wgs7pbXto1ZGBSziOpxvTSnDx7vP5lpOXddKgqIqlgkhcHA8lxKqpJ6KUw1DC1w4FIRYwUrCB2UhRFy7jlp4VVpp7rG3MtM7kkOOrD+I/fK7Z8FpxTdp3i3ddE1M2KLUNI6anYTsKmEF2APbHz5/YBZDU1sbeNP19I4ZEsLgPfjZcN4Ka0l4Y8Y9I6jDiz6lXWCWbHeMPAkb87C4fOuOdLqQQ1jZ2jR49oXpL5PcQNVhr6R51jOngf7r6l+n5oUXvhxQahijzU2moDXuA38J+xz7AcFeKuDT/AAuLGj3/AKW6U5/8wL6jcZdOx6z4V6ltnKJhU0EhjxvlwbzNx84C+WfC/NJxN01zbOjucAPsIkC47iUeSpZIONvYvbnQGuNV0fqqNx/y81vBwP63X0o9K6Hx/Rt4ht//AAPM76Bn+pfFPhw7l1vafbMAvtz6SsXj+j1xDbj/AJiqz9ETj/UviFw+PJrWzn/vDVt6E2q4j/MPevMGJi+HVA/kd7l0/VvF6XTN+qbe22MqBCR9kM3LnI8uUqn/ADfpv8ys/lB/JWU4q/o5uPvb94L2bwD+Df03xg4QaZ1jWavutBU3andM+mggicyMiRzcAnf7VaSux/EoqqSNktgCbaBY3C+ieCz0EM0sN3OaCdTvZeXfzfpsf3lZ/KD+Sh+b9N/mWP8AlB/JXuH+xLaR/V3e/wCTQ/iQ/sS2kf1d3v8Ak0P4lB+keKfi+wKz+h2A/ge0/FeHvzfpv8ys/lB/JQ/N9m/zKz+UH8le4f7EtpH9Xd7/AJND+JD+xLaR/V3e/wCTQ/iQ+keKfi+wIfQ/AfwPafivD35vs3+ZWfyg/kofm+zf5lZ/KD+SvcP9iW0j+ru9/wAmh/Eh/YltI/q7vf8AJofxIfSPFfxfYEPofgP4HtPxXh7832b/ADKz+UH8lD832b/MrP5QfyV7h/sS2kf1d3v+TQ/iQ/sS2kf1d3v+TQ/iQ+keKfi+wIfQ/AfwPafivD35vs3+ZWfyg/kofm+zf5lZ/KD+SvcP9iV0j+ru9fyaH8S8M+kNwaj4P8bLxoSz1FXehRvhZDI+IeNM58bXY5W9Tl2MBF9I8U/F9gRjobgR2g9p+KfuPHd7qONtDbgyqcPXdM/mYw+QAwT79lhbrrm/39/LPXzFrthFF6rfoC9b8APg0NVa8iprvryqdpO0yAPbQNaHVkjfaOkfz5PuXu/hl6IvCnhPBH9StK0VTVsAzXXJgqJXHzy7YfMFEqcYr6zSWU27tPcp9F0dwnDTeCAX5nU+1fGjT3CbXOtCDZtK3q752BpqKSTP0BbGL0QeM8sYeOG+oAD2dRuafoK+zV94saH0X+d7lqO1W50Qx8XNQwOaPLkByPoWTl9LXhNDIWO1hTc3sgmI+kMVE6VgPbeL+K2kGG1szbwU7iO5pI9gXx2vvo7cUNMRuluegdQ0MbdzJLb5Q36cLIw3O96aqMNmrLfKOrHczD9BX3Ps3pD8OL+9rKPWFrLnbATTCIn+HhTtW8LNA8V7cRfNPWi/QTDad0LHPI8xI31voKeimc05oX+oqFV0LmDJWQW7nN+IXxUsHGy50TmsucDK+LoZG+pIP6j/APbddS07rK06qh5qKoHigetBJ6sjfm/EvTXGz4LWx3eGouHDi6vs9bu4Wy4OMkDz5Nf1b91fP3iJww1hwS1S61altdVY7nGS6J7h6koH28bxs4e4+/C1+H9J6ykIbOc7e/f1rm+LdCMNxFpfTDqpO7b0j4L0HyFDk81yvQfF1tS6OgvbhHIfVZV9AT+u8veuqjDmgg7HpgrrNBiNPiMXWwHxHEeK4Di2D1eDT9RVNtyPA+CSRgqJda36m2yrqw3xDBE6TkJxnAJxn5lN5D5qs1Q3Gmrrn/qsv4JUydxZE9zdwCq+ka2SojY7YkD2rmP5vM3+Zox/+MH8lF+bzMD/AHmZ/KD+Ssvwj0XBxH4m6Z0vU1MlJT3auipHzxAF8YccZAO2V9DP7ErpH9Xd7/k0P4lw36R4of8A5fYF6h+h2BDeD2n4rw3+bzMf+Zmfyg/kpL+O0krHMfZInMcMFpn2I/gr3N/YltI/q7vf8mh/Eh/YltI/q7vX8mh/EgekWKEWMvsCA6IYGDcQe0/FfNe919Hcq109HQfU9r93RNl5259mwwolNVT0UzZaeaSCVvR8bi1w+cL6Z/2JbSP6ur3/ACaH8SH9iX0j+rq9/wAmhWekc6V5e7crXwtZCwRt2HPVeEbF6SvFXTMDYLZr/UFLA0YETK+TkHzE4Tl69J3izqGB0Fw4hahngcMOiNfIGn5gV7q/sS+kf1dXv+TQof2JfSP6ur3/ACaFN2KdzNXzOrK6puM7pquolqZnbmSZ5c4/OU7aqukoqxktZRmuibv4PicgJ9pwdl9LP7EvpH9XV7/k0KH9iW0if+nd6/k0P4kthdG4OG4SJAyVhY7Y8tF4Xp+OJpYmRQ2OKOJgw1rZ8AD+CrKx8Z5bveKOhNpZEKiVsZeJyeXJxnHKvWnET4LzS2itCX6/Qa1vFTNbaKWqZDJTxBry1pIBI7bLwFosf8L7R+6o/wAILVUvSDEjNHGZNCQNgsJXdE8GbTSyth7QBN7ne3iuu654nSaPu7KJtvbVB0Qk5zLy4ySMYwfJZw8eJs/3mZ/KD+SqzjYP+FkP7lb+E5ek/RQ9AqwekPwoi1bcdUXK01L6uan+L0sMbmYYcA5dvup2K47iFPXSwxSWaDpoFV4D0XwirwuConhu5zbk3K8/jjxL/mZn8oP5KP8AN5m/zMz+UH8le5P7EtpH9Xd7/k0P4kP7EtpH9Xd7/k0P4lVfSPFPxfYFe/Q/AvwPafivDf5vMv8AmZn8oP5KH5vEv+Zmfyg/kr3J/YltI/q7vf8AJofxIf2JbSP6u73/ACaH8SH0jxX8X2BD6H4F+B7T8V4a/N4m/wAzs/lB/JQ/N3m/zOz+UH8le5f7EtpH9Xd7/k0P4kP7EtpH9Xd7/k0P4kPpHiv4vsCH0QwL8D2n4rw1+bvN/mdn8o//ALUPzeJv8zx/yg/kr3L/AGJbSP6u73/JofxIf2JbSP6u73/JofxIfSPFPxfYEPohgX4HtPxXhr83ib/M7P5QfyUPzd5s/wB54/5QfyV7l/sSukf1d3v+TQ/iXz34w6Hg4acUtUaVpqmSsp7PXy0cdRMAHyBhwCQNsofSPFBvL7Aj+h2BnaD2n4rudtuTa20U1dLiBs0TZXAnZuRnqsRqjjFQ2tz4LXGLhONjKTiJp++75vpXMr1rW43i3UtAZDDRQRtjETDgOwMZPmu9+jf6B2uOOrKe8XBjtLaUeQ4V1XGfFqG/9lGdyP1x28sq+r+lkz2CKk001cd79yy2F9AqeOR0+Iai5s0bWvpc8VwW8a7vt/eWzVsgY44EMPqN+gdVaaZ4Na/1yA+x6Qvl4aft6ahkkH04X1/4Q+hbwr4PU8T6SwQXi5sA5rjdmid5PmGn1W/MF0TUfFzQ2hc0111Ha7a6IY+LeM3naPLkbuPoWDnqZZjnnkJ8SurUVBHHaGhg9DR8NV8ZJ/RG4zU8Bldw31CWAZIbRPcfoAysDetMam0JW+FdbZcrHUsPyamF8JB+cBfbOm9K/hRVTiGPWNJzk49eKVo+ktAWtnh0XxgsD4ZmWnVVplBaWnkqGDP04P0FR45Wk3jfr3FWFVQVMDf8XAWtP3mkD2hfEDTPGC42pwiuTTcqf9MTiRvz9/n+lW0vHZ3OfDs7SztzVG/4K9Zel18HTFYbdW6v4XQyvp4Wmar0+SXua0bl0B6nH6U/MuQ+hr6HVn9Ju06jqrtf6+ySWqoZA1lJEx3PluTnm6FaKLpBicLBE2XQekrETdFMFqJDO+AXPK4HqC5P+brMP+Z4/wCUH8lGOOs3+Z4/5QfyV7m/sS2kc/o7vf8AJofxIf2JbSP6u73/ACaH8Sc+keK/i+wJn6IYF+B7T8V4Fv8AxSptS0Zp66wxvb9q8VBDmHzB5VgXYLzyghudgTkhfTj+xK6R/V3ev5ND+JD+xLaR/V3e/wCTQ/iVPV1lRXOD5zc87LQUGH0mGMMdK0tbyuT7184NPa0v+kqls9kvVfaZm9H0dQ6Mj6CuhweltxlpoBEziTqIsAwOaue4j5ycr25/YltI/q6vf8mhQ/sS2kf1d3v+TQ/iUGxVpmavnvqnjDrnW4Iv+rrzd2/pautkkH0ErHk536r6cf2JbSP6ur3/ACaH8SH9iW0j+rq9/wAmhQsUedq+d+ktYUelfsrbO2rrD1qJZun7Ecuy1H5us2P7zx/x5/JXuj+xK6RP/Tq9fyaH8S8xemd6JVo9GE6b+pd9rb19VfF5/jkbGcnJjGOX3q8p8ZrqSMRwPytHcFmKvo7heITGapjzOPMn4ql0HrV+tIauR9IKX4u5owJObOQfYPJaojBXMuBY/OV3/Zx/ectdq/WlBpOlLp3eLVOb9jp2n1ne0+QXXsMxC+GMq6t/DUlef8awrLjUlBQR8QAB4BTr5fqPTtA+rrZQxg6N+2cfIBcG1drCt1lcAXBzKdpxDTM3Az98lM3a8XXXN5iaWSVVRM8R09JA0uOScBrWjqV9HfQt9AOLRwotb8SKNlRe9paGySAOZSdw+Xs5/wCt6D2rm2N4/JiTjDDpH7/H4LsnRropDgzRUVHamPqb4fFUHoL+gm6nfQcROItD9kHLPabJUM+T3bNMD37tb857L1d6RXpC2vghplwYY6rUNUwtoqEHof07/Jo+70Q9IX0jLNwRsbo2ujrtQzsPxW3td08nv8mj7q+aGs9ZXbX2oqy+XurfW3CqdzOe47NHZrR2aOwXN66vFOOrj873L0p0N6HSY3IK2tFoB/3dw7uZTGp9TXLWN9rLxdqp9ZX1chklleepPYeQHkqxBEFjiS43K9URxshYI4xZo0AHAI0SNEUScXun4Oj9Dmr/AN1QfguXnv4WP/DHo/8AeD/84lXoT4Og/wDBzV/7qg/Bctr6TfoU2T0mtV2q+3TUdws0tBQ/EmxUkTHte3xHP5jzd8ux8y3dB+yMXjTpobdIqo9/6BfJbR3EiTSFtkpG0DaoPkMnOZeXHs6FX35uk2f7zs/lB/JXuj+xLaRP/Tu9/wAmh/Eh/YltI/q7vf8AJofxLWwY5iNNG2KKSzRtsuRVPRrCKyZ088N3O1JuV4X/ADdJv8zs/lB/JQHHOb/M7P5QfyV7o/sS2kf1d3v+TQ/iUe5fBP6SobdVVI1zenuhifIGmmh3wCcdE/8ASPFfxfYFF+iGB/ge0rxHBxvmmmjYbQwczg3Pjnbf9iurZXmOopBQX6Wla4vbDUmMOPUhr8Z+4vToGFvui+I1WINlNS/Na1lyzpvhFFhToBRsy5gboEHyygEMnogt2uXoZ3RHZHt5Is7IkEAUMouiVjJyEEEWUWxR4whhGghjCB3R9OqIjPTogghyhF0Q7kIYRIIDKLGUe5RIIIYwhlH8yGM7orIIkEfVDBQQRIboIIaoIHdBGOyMo0EnKCBHsQAQQQR59iGyLuiQRFGggMoXRo8IYQ3QKNEiQR9SiOyCCGUXdH0QRXRodNkR6oeSMDBRo0WT2QHtRodUEV0MIIIIIIAouhRoIIIsI/voIII0QAAQACPHtRZQQQDQEEYKGEEV0k9MIcuyUghdC6ThDGQlIYygjukgHCNqPoixv5IIXRlJzkpRSSPaggjwUWMI9yggggEWM5R5QyhZBFjKGEY9yGAgjScY96GErYdkCjQRYRIx1R42QQScIi1KQH3EEEnCJOOGyThEgi5UWClI0ELrvvo/foNrf3e/+jjQR+j/APoNrf3e/wDo40FjKr/Of4rodF+zR+CxfEoD80TVOf8AOtX/AEzlmnDYBajiUP8A6iap/fWr/pnLNADK0tGf8NH/AEj3Bc0xAf4ub+p3vKa5cddknlB7J4jf2IFu3RTbqvumWsA6ZCBHZPAdElzCeyFwhcprlCMNxlL5ClBowhdC6aIwUMZTnLko3MwAhdAapoN2wi5cJZAydkWNkaCTjfCJLDclFjdBGDYryvr6jNDrO7REYAnJHz7r7fejZqJmrvR64e3IOEjpbFSxyHzkZEI3/wCs1y+M/HO1Gi1cyqAwyqhDgR5jYr6UfBi6+Zqj0en2CSTmqtO18sHJndsMp8Vh/hGT6F52xOE09dLGeZ+K9mYHUirwqnmbxaPWNF474tWM6a4namtjmlvxevmaAfLmJ/rWUXo7069EP03xh+q0cZbSXmmbM1wG3iN9V49+wP8ApLzguVVMfVTOZ3r370frW4hhVPUtO7RfxAsfajQQQUZaBBBBBBBEDg5GxHdeheBvpj6n4X/F7XenSai083DWxzP+z07f1jz1H613zELz2iT0U8kDs0ZsqjE8Jo8XhMFbGHN9o7wdwvrhw94u6O4z2Rz7TW09cyRnLPQVAHiNBG7XsPb7i81+kJ8GppDX5qrxoF8ej72/L3UIGaCZ3sYN4j+x9X9aF4ysd/uWmbjFX2qtnt9ZEcsmp3lrgfmXrng16e1TQiC26+pTVQjDRdaRn2Qe17O/vG/sK1FNikcnZm0PsXnjH/k5rKG8+GHrGfd/eHx9/cvn3xW4G654G3s0eqLNU2x7XfYaxgLoZN9iyQbFO6T403K0ckF1BuVMNvEJ+ytHv+2+ff2r7ZQVuieOOkXMBtuqbHVNw+J4bK32gg7td9BC8Zcf', 9000.00, 0.00, 0.00, 'https://project.aiscoder.com/spiritweb/localData/epub/100001.epub', 'https://project.aiscoder.com/spiritweb/localData/epub/100001_pub.epub', 0.00, 1, 'admin', '2021-06-17 03:34:59.000000');
INSERT INTO `tbuku` VALUES (3, '100002', 1, 'Jesus Feeds 5,000 test', 'Jesus Feeds 5,000 test Jesus Feeds 5,000 test Jesus Feeds 5,000 test', '2021-06-18', '202106', 'https://project.aiscoder.com/spiritweb/localData/image/100002.png', 'data:image/png;base64,iVBORw0KGgoAAAANSUhEUgAAAMEAAAETCAIAAAAAofVbAAAAA3NCSVQFBgUzC42AAAAgAElEQVR4nMy9fXBc13Un+BN0Wz43aXjvGwNT/RygwrdLTtQsM6tGQpfRGzrLzjJTBFfOEChp1sRKWRtxpiwwqozEqCYyljWlhTmJTCqziiBtZMOuWAWyIg+g2qgIVplbzUo425gd1nanilq0K+TO44bYvJ4Q5XfH7PU7Ma6Z/eO+198NAtSHcwpFAu/jfp577u983ffQ+C/mmBkfCdlqCNR9vfPSA9JuihGdbfjI6D6tNP1ufHRtZDB2PJoDH2pTuolEj4Z9QAy0MxLJz98rauWbvwdt6zlN/egjam+ygqj/Inuf1N7n+3Xro5Q629cet9s22CS/NP5so9Y+fsg9MABoh9LoI+X5D1fe/D1Yvu+XRK8/P6xVdx+iHfPphz7wDQm0DQP1w0MsAID6DiIBfXvwk5U0O6ceMgkJ3zRkUo8RoK63P3giQWw4QbF96SNavL1ZJLn+gPKpu+3mI+oQQQJgRB2/NIgRva8KRC+E9BMSSPeln+QGcF/W6SWBumRPy5LlD7o3rZxh2aKdV2SrBO1gqdZ/sTOuapNJjb6YbQTSh4yQDChBRdtIo4+Ch0h8cFC6D/d8gNQhUdA+/S2/y+RK5zOWddAun3bOSZ3UCrd/EgLJ7mjbPGAbtXP8tAtqWoM+mD4T2pfmg0qdJotss8O2ChhK5E0Hdml5ppPtAGkfaBdUPQRbP+rESffnpA9NJhkARP3L/HDtQ7syM9yHGgP3QXAk9WegxgPccqWB26jl3W361vp8a8kNvum1M+6AWrezjxCGbD+LtiEfErwnNh+IPk8dK283EqixlQA9pEKn1GltbfeV92NPb0isZKxbxaHciUzqtCRhm63tQ9DaWna0jkEY4A9tc+231ndNokX87MbE3L5xdP6SPNP8dwcFPgj1rLH1loVNu5NJrVL5wzG775wBBcC87W63TaH9xjReNy0dex8CqQGnGHZnNEwAQP2lUROL3LepHwF1V92+wUk0Jc12uLtvd7pBUrzlvS+E1Nns/jra7vCQSqvlC8tLby0tfWspfzC//cNsuPGDZFK5j0ho/O64zuJbi86wM/Xk1NzpU20vGYZhStPitxYojV5vd/5NLWK9o+cfNFdR1787eqfjhW5TU19qFT+mRSaha3f7kJGTwK5GUyD7qeypF07NPD1TOFIgosnjk7Va7bU3X5t7cS6oBZLk0oWlmadmFt9anH5quni5OD4+7mbc4uWi1vrEUydqG7Xy9TKAiSMTzHzuD+Znf+tUqENHOfNn5sEgotxjucKR8fHP5BzHdfe5s1+aJUHnL5z39nneHi/YCII7oZTy1HOzakit/bui7/vj4wU34xavFIuXS92s2aFnPRDdR+b2+bfjsb5FN/C7ZaD7GgKaxQkQWpimTQ61XvxgEBKBuKucB9HLZp+Z9fZ4SxeWzr58trZZKxwpHPvVYxNHJ3zfP/H5E9m92cLhglJq4nDB8zKFQwW9qaeenDrx1An/lu95XjabJUG1Wi0/nh//TH7iaKG2UZt8fNIb9RpVjB8qeJ4HgARprZ1hZ/KJydxjucxQpni1OHF0goiYWWs9++WT3qhXOFQIasHU5FTS1UafdygZdshg3DUN26O+hhDtUOl6VE8JMyU/u7EkdUiaD9OA1N2BB+Ghr740p+t68vhksOkDKK2VytUygMpfVAAws1Jq5qkZ+3Bts+bf8gH4t/z8eN7b4wE4+cxJAGwYIBgqXy+3WLEIwFdf+urqpSKAqcensvuy4Z3QmgmqN6thGALIPZabODoRboYAAVJrXduoWQTWrVej7wLsUNWp6zr1ur5z6sk3yZVeWwwB3mgGiABpfwiyXwta2W5nyPr99KWTGuvpodxjWZgd2RgZIEGFw/nStbLrOu6QW/3e+vhn8rVNXb5WKhyeKF4tFg4V7L9BLXCGpH/TdzNeUAvUkPJGPG+ftz+7v1wpl66W3BE3qAVaa2+PV75WHjs4Vr5W5jpTmvLjY8WrJdd13SHXv+WPf2bcv+VLkhFHuq6DICgcKpTWSvlD+aAWOMrxb/puxg1qgZtR5Yrfy+LXPZTdnet5/QOntk01m/OOHSn4G75f9QtHCqEOVy+t5j415o5mKO1UrpWISGtdOFQAcPFK0b/ln/zCTGR49dJFEnLq+GSwGSx+87zneVPHJ8LNcOWdleyjWa5zZLhwaFymZelamYgcx/FG3KAWhGG4+u4qgJlnZolk8UqxWinvvg9NbqFd8VDP8WijZBumZJ212sg9z5s4OsHMy28vM3N/qwbQ3wLUYUohSCBCUgsLaihl/dmhWzz1fpYFyHCjOoL8YJmMgfnTs8WrxWBDj+Vy/m1fpR1vXwYG3h5v/qWvzp+Zr22Gr72xUPhMHsDq5aI7mpl5arp4tVQYH1NKnTr91fzBXOFwgZlfe31h/4FcYTzveW4QBPNnzp59ef6r/+pctIVTz80S0dJb55nDmS/Mzr04B2D+5blzXzv3ld/9ytzpr3I9fIDGN+b//UL2bDabP5h3R1yVJmb2N4Lq9Wq5UmLE/DT3wpxSqni1uHppdfH1xfuXuG2Lut1SJHji8Ymxg2MwKK+VVi8VWTjbTvWOVX4TuMPu5PFJd8QLNoPVd1erfkBw7t+FHdPCG4u5x8ZOPTddulY68cQUc7Ty7up4bswb9c597ex6tSqVwhaYIyAeT6Uc13UB0lozR+X3qhNHJ/xbvq5H/k1fPT6RGcqUr68DcEfdmS/NlK6UABDJsYO5IAhaaw/vhLVNLSVxfdctb5U6D7uZYdzrHaKyPY0dKvzrc2dnDhdGv39nuLrhfO/G4N8EOWf4156c+qe/MSMektX/u5p+RPze6Xn63vUfD6s//98r/dmDYt4R4D5NIUgDA0ggRUgJpIAoTfijP/qjXxly05eLw391+x//k6lP/7fHvnv5In6U6oP0bEWChTADQtwDABYwA7C/t1D46YOf/uNXzw2+V5Vra97DcuZf/Is79TvX/7JixKAZgBmAGCAMiObPPQPBuCcaZXb/tNYigKn/7nM//3P7zI/MjRsbxf/tu2//yXf5x2bUHa7X6+f+YOHTh/JRXVcq14Y/MWyMubHhO9L5lf/ms/SI8P+yqn/AU8d/rfDLnz33hwv7fs6bfuKf5sc/vXThvK7X7+jN0cwo3/vx75/918Hf3D5w4OcfAtwhhx4WqUce+uwv54d/xt2/7x/l/6t88Ne3S1f/fDfT3iSTTNSD7WV06sVTk7lc9aVzvFaylyIBANIWu8/zvjRDh/LVW753JwyvFisHx+ZfOnuf/cXGb2xfcav704TzL83lNsPamXPxbQHvzPzFerjwyiKEbL7URa3RbT0i3QQTRavfWfGfmeXrlVg3HnFzF5amn52t3tYE1aNM9rNZjwT824FmaZ/h9g71j6drK6nP1ailM43eRa37cdebkrr1u842PKjCn2CVB9nL5s/M5wWVnpiWdR0RuU/PuE9M0JALgGtB+O5q7fyy/+IpDGXUwby/VlLj+f7O1+S66N2VlkCcDi09UmmaOFSoHC40nzbwXz47dWll4ZUFtMCXbo7pprbrJpqaOBZeKXKl2qxwI/DfWpo6PjX/ymsQqvNdo/OHxl47PQ9Bc2fmV69WEoU+aYO18LbUcp/4zK7xoKavrQn4OMZ/UR9GiHrs3J27zgOi4cTstPv4iekT0/lhp/yFGckM0P6XX1tP49QLpwLfB+B52enPT0+8u1J97nm+VtHvrgIMw7R9PfdD0B1sZMkddfmWj3qz/5FguamJI2eYwh3DxJ65St4eD5X1TnR+vZw5dLI7WpIMYMLnn3mt+uKc+/hEs1MtPnYybcy0LbVaRjua2vyl3bh5H6/th0S2GQM7Z0MGSKnZL81Uf2dOMgBSRwqB65x67pR/w4chGKreqM69NHfy9Fz2lXN0OB/PgQF6yCECyFo1ui13jRobNhJ07kmS65qUan1VGoIAkRNGYEEswC1hRtweckQgCOrVMACI6iE7TkedrBy+G/WKwQ2mTky5dwK+WrLjSYao01LcrNdybaN5XQu5Yfe5jwmnaRyK1cb7GDWa49y7xgcjGriPhGin6Seng3eL2PDjtw/nl1eW2bDdqhgAiECla6Xp52azZ+bheQDYcN+I/P74gNrDNrruIrgdBoIxPt52/Uihcsvneu9Vkaxa6pY9QHNkSci1tYp7fKJjrN0nJktXi00lP14A2h11Zp+arf5PX72/ZtKool8b2og7BWGPvrRd2YXz/wPy9tOu7NQEFA7l9bsXO5vS40mqVv35ry9m/8evRIIbG2dLSYkBqQ8MSuJsou38CIK+euZc7uVzNJ6LBCBARwvZ03NnX57vJ12w/cw1OUCVKuXiDd979SyGVCQ4Uirz0lwwKFcurUIoCIYgGIJhEtHZl88GL8/Db9GchRW9iaztUYUdiDaZ1NHULrNye/e7biQcJ7ePJOl2frfXeB/qnq9d8BALeHu8sFppXrlSnH5yumcGCQGrby+Hnudkc+BIyl0G7CFCgoT6NR1Clq6VT740p07P5a+Wcmsl/ObMzHOzlRs+RNOK0+LI6BqgeC0ywNwYVQEIIuHNn55b3vCzl1bzV0r5yytrAjO/9TwJt8kTQrMJzp6Zd9ZK+p3V7XqzbXLtjmUSWue4G4I0oHj7Brct7V4UdTd0F2WotIqHOilHXyl5RyfnX56fe3GOubN0BlbeWZl8fEJfWm3Z7Fr+7yn5BQBkPc9RTlgP/Rs+GyY4zT1XANwEzKW10rEnSkopGOi6BgChrOWaTNSQc32UPocNkwm9rOekHf+GH9TDRqsItPD6wuLri47jhHdDZhvAFBIcCAI0c3D2zNn9dfYbxoXkVTYhTEhCsonISFAm8ahzv44TiIVtdq+bcSdaFLJe09mOtWUCKIFtEPeDGAc7C3gfZLD+4tzYi3NLF5bmX5qvXK/AUKsoKq0VZ156Tb+zkmS3sDVb9ytv4Y2FyaMTU8enoAMOQnIcjLjFK8WFN14LQrY2YjaR57mzX57tl9cRbPjnXl8EMPPMjHXx9mz5/Jk5zcH05NTMl07QJkMHtHf/4neWtda5X8z1e2v13ZVSxWeAEC6+ctar8/oLp6RBJBLbGDB9YrpgLQ4CXOe5M/OETFs53VE+Ig7yAtBfxWnH0H0ea93atnuuoz3vg412kdeh6xpEMk2t6rRk9k/PqSOFxZfmi9erC2+c82+HjW74NwLKuN7puSAOQUThcCF45Szq3L3a3NPP599c4svF6vFJ1DQAgKEy2aenl7+9Mnt6rlIpE1wC3CE372WDV8515/LRkJs9MWl5KH8wT5dXcTvoeIaB7Jn5c9KZf+krY1JWnz6JGz7A0VBm+luLPORE717kSqULxsF5YrLieVgre6Pu2VcWnbWSf+acZZ0GAwVfX6QRz0sUDPelOZyZj0faAKZFdrTKpJYW9rMhua5Lafg3AgDePlfXwzDk7Khr2xdsBu6Q699I1B2HxvZk16sVZihB+w/k1m9VdcjusPIybvl6mQGVlgDpOhOiFrbejo97IvyHRz/pGoOd8KG4h7F8njZq5q9ut99gvnmj9id/6rruP/uX/3LY9ap/eV3/UAsIvsfX37v+5/9X9btXvlur1QD8+tO/PpzN4W9qm3+ywv/Bb/0Z/txU8M0/qr2xgB/EHYggUqz5/1jbfG/918/+fqlcqm3eEUipYZp+ajrljm7+WbH+Z2vNQm769aiePvqr55dXAEx97tf2/cJnde22bq3rpn/3lj96Ytr7VHb/D/SNk7+NzVokROqeSP1Qm7r2nnhS/sx//tAAaktLfLPCN2833qUD3vUfcqVaWfnOEr/+x7U3vol7iARSLR4Mozf4VtW+Ff71bffpX19864+FGAaAAaDVozJgelwEBISAsJ6EVt/I7/+r337++dk/XV0d/ITzv/6bbwx/fLh689byv/nGLx/69LGjhdv/7+bi/3L2j//4bWOMM6x+//d+D+D/4b//9dXL3/2f/+D3KJ06+Rv/bKN2+9RvnySS//jorxb/7M+n/smv/fZzsyvvLDeZtlldb37ouW3tBlMDxctF94nJzhuGAAKzfnOxcnRiXIfL55dmvjhjOdZGelQrVSuoJ49Pzrx4CscnKevFCzEh//yivrCijhS8l+Yyn5+EsDs5AYRrFf/FubNnzlpUVKlU80eOzZ9fzL4019HFllVCM1+emXpuhp6YpH3ZjrogMOY46y/O2ZWXSBHSN4Pqe9VjX5wqEzInpnvncBkQOfDczLOz6lC+A7WqwxOZZ57PPDuTeXbGfWYGosOL0joP1By9LiJQh6jOjHg1XSscKUwcKehN7Y269rWZZ+Ymn5gJam1a4fxL8wtvnvcDf+roxHq1eu7VxaXz5ycOF+ZenD/3+mtKOSTk0tvLrHXrBtne051ajAbsoOyQlv90mQ6MIdcHLgDQXHv1nH98evrR7PKF5Ww2m4R/kNWruc7VG9XK9QrtzXbUG76zmnnheTwz+9qNdX+i4J1u4w++UpSVyvSJKUZE5DBj9WoJQ24/7Z/IhfCC22G1WqW9bsdd1qH/W6dgYjdf8y1FNkSpeLWEvV6/cVz8+sKqgf9Ylo4UOnrhHC1UH/VWgBVglbH4xgLQ50APwHXdU89NjR1wC4fz0ycmpiYLACY+l6dBmn12Oj+ed4ZVfjxvX3FHMktvXZw4Wpg4Or50YdkdiTt1ceUbpasXvRGvUXIYaP92zRvNZFwXgO/7BPgbPjOHYZA7MKbrEZteKPuB4PEAgM412ocIAPPcy3O5l+cx1BcXw4Brgf/MKf3yuaVXFqafnmbRggQFEYhtLkn7DDnjORzJT39pZuXd1VP//BQdKdCI29I28v9wcfqJaTLMIKsFsmHZzwZpAGO19sSWk5A0CF45xyYau7Ccv1zEgWxDI3YfP1ZaKwHEzLKPYZSEWnq7uPTtleKVNQl0q9jFy6tL315eOl9cOr+6tFICuT1WaVPNpEgQEa2+uxYZOIMkSXHEepMhQAIgsIAzrEigeKnopCUgV6+sqSFFigD8ysTU2MFf8WPDbzyq7nBm7sVTX33prF8LXC8DwB3xgprv7ds/84Xps52KZNyNB/Og7joWtnS1vHhpJff1he3YyLbp8mrlienZIxPPPzfH3fKyq63ub84svLrIdatyo3ilSIebqzwSgF9VtWDs4BjA1L+cnZC+XPK+dm7xyuqpM/PZNxfUs8+rw4XM6a9EB8eX3l4m0Sm32ogckAeo7RRmclt+1DaNDDeZNQMY/6WsN+KGdwHAGXTCMMge8BCbtcgb8Zg5CPXFS6XVy8UgCGDgZlwAy99eLF5atr/b4XIc9Y035yPDM1+YWa9Wxw6MzTxzYvrJyWrVX3z9LNfDmd+cxq6M2tvSLmYgliQCC28uMjD7naXKc3OorPXfOAm1oPrUzNTXF/Vvzi69ubh9baRc/1Y1eYbK19fzB8f0W/FdaQBQcKU4fnC8VFnv8Jz3oDi2uvcwUdbDSGbp/BKEM/XF6ZknTmSeOuHfrC5+YRpIrIj38RPv3Nct+3FbcCdcvVxk5uK/rThpWr1chuCLl9b4blh5zy/+uzLf5fBamYD1m/7UiZNssPjWErYAxrEnT4Y6mHrypJ2ZYDOcmvwNixyiLT75bIwEuM6z/3xuLJddurACYPrpWQhmE7tp506f7WW83Z2q/yCrmAQtvrlUrVbnXz0XXbpYe3UBffxTAFDn6m/Nzr6zUrpa9Kt+fy9EJ/m3fJqc6vR6Vqr7n5158JCXhOhQ4eKVIguHhBeG4dnXzyeZfi6EA7Pr2NAelAK2Gn/0YSODILB1cZDc5ygEENwOAEDAnrjKdzm4ywD03di6aAMl/NBvFOaHMazmOoK6brHpcnkt9i4EqHFssYgIMgjbIhubtGM24t3xkI0RSzBy6Wp58vOTp549NXFp1X/1bPDOqjR9HISb2n/1tdkvz5589uR2Rv2WXDcSsrZZo67tUvvrmYyXNH5bMtsxq/OpbPXyKgkFEcEQqI8psjcRUvcpvwfZmDgTAXAcZ/LxZoZnJ5663+TtKsyjrZUt4e2tMVVL767qJFamaea209FsTF+T5m58HUSnXpgDULxcLF4tEaC1nntpbimbPfXcqbGnZ/xXzvGVUs939Tsr+edOusNuGO60/1EUgWSr/RdApNntb+beOZHn+bcCgADZYww+qMTQVPJLQyAJCSC8y4vfvtjzDQBt7opeB/8k/ibqDkXqjrMjw23psJ11RHjfUn0XmFpKZ+JwIad54uhE4q8hAlWr1ZkvzZx69Rw997z31iLt67WmDetr5dxjuZ6D0koxgokzf7vWuml4Ru8nBvr7OCMBSju6HnQ+kEp+7i/G7yuEqPMn1cJS25CBO+pNTBScQel57sTnCs4g5Q+NQfDYwezYwSzA+VyuMJ7P5jzXUUqQ57pk4A4qAhyHINgbdQvjOdd13WGVPZCFQXZftnC4ACJKU+FowfM811UEeJ7HvSBj/0ijHrTLFafZ/+bi2IVvtF6z21NprVS+Vp6YnDj17cXg64v6m0sdr0Y3qzZ19X3RByUhBCIrG3rO6weeoN5di5DoY6HJ57KFQ/td5WRz2ZXzq8//7klvNOONetlHMwDKlcrkE8dcNzN/5lz2UY8Ncgf2L51fev53T86/dPYrL83NnZ6fODKuNbuum8m4zKEzpEjIynvl6ROTRHLlwnLhSCGTcfRmuHqlCGC7MMgdoKIdyaE2rqwFVOds1usKPCAYrLy9OvX0NB6fzDw7036WCHEdtN3hsLa5LWJc9JDkMq20TYa6L2jYSYxVqnsJ7tg++wBa21aPaz1p3Q/GDmb1nbB8vUySgts1d0R5rktCOoOKOVr69vnZZ6YBqZSkNBV+tRBs+PlD+bUrxanjU0QyvMvl61U3o7TW+fF85S/Ww0DDMNfDMNTrN6rOUIbSFIYazXjRB6RdrzhpEF4qTjw+Wa0udN8lUBiEM781s/LWkl4r41oz2Ahp2tVHHaSU4Ei28wqNuoF1x95Pcdgl4t0VEcR9GYJ6OCitptbQ11pQdiv5Qc3b6y6vFJ1hdeqF2fPfXs5m9y+/e3HmC9OVa5Xnf+fkyncuThwtFK+Ug81Af4+5HgFyYWUpfzi/vhlWV0uFQ3lvn0uSVt4pep679NbSxJE8gHKlKtM0fWKSDYqXVsvXq/mDueLVynZe1h0oaDvkoTYBUnt7ZeqdpfNvLgaaqVcslNb82puLJz8/7Td5iJ09nn+1uMMYAQBKKd7Une14dKxyo9oaYtZNu0SI7SE3zYv3fes+z/BdnxBhcKyNn2IGammj5SR73UQAytfWy9fWWyNbytd9AAuvL8Fwaa0MoFypNgoorYUAIKh0tWxR9uqVIq7Ed8vXKgAW315FcgRUQ88HULpaaZmP7SON+nLaTuVQ81UB1PzwneXZ5+bmTp/qV1vlvYo6Md2cIUFqfKzyh13RGv2r8/Z4fNvvWM3OofHy5ZVdeQR3RHHcKgh8/4PhWtWcHvH5DACss6Nq6vjM2Vdeg+OhNTs2BYdo8nihx+uNpO+Ght+j/Pu0rnGmMbqATj8uWH5nlZubWhfdb8p2FD/UejsCJMh/fXHiwlL1ycnlt1d7luBmXNYa0PaWenyyctMPkuM7ehNrd69XvV2GIJho7EA2/F5ztUEwKKMOjhVfOkWiX2QZMxrpgxIpxNGVPZXBBs61DCQAQdzEZD0GrgkZBJACs+5x/L9hkAIHp15czAryvn5u9suzGBwjoRqFh8yLF1Zjrt1iTgFCIdI9UHZr9GMnEQtQAx70menYENAop+sZRs99N77VfLc/PaAGIuu68uWTz3/rG5R2Fr+52Fm9wMwXTwR/ak0gHCmVe+7UzAuzBIKR/fjVP3N2/vWF2c3nKxVfpXni8LHq56ebQ2OgTkytXi2CqTFzJCgy7WiwYQ5psAj1PtxYdghXIojEEWfQM90lSjJYbAFaM7lux+BHt4LCeD6fG8uGof/WYubFOQYRKe5zSBmnWoL2u5W1tnh+AoBBCUEwDKEo0u3bYrNwGiRvj1vb1N5IJtSadeiOeBFrN+MWr5ay2SzXdX58fPVSMbxTi1vSo8ctbejPSffhoW6kkBBhIyg9NT3ztXOF8cLCmwulShlgGHZd9/nfmc+GXP3OCoCIaOzls0uXLlau+xAOAdzn2x18veq/8PzimfnSLd9VbnjpIjYCgCJAgpHJeF+YPvXFGQjJ7ANw0w6Y22UMRWHoKpcADtdJgFh7o56utVn0pQHrUA15ob8OAORh0LrWJdjn0IcJ3dHpqNbpB+AgcLP7uV4lroFUuRrQniwyLlqerL29NLZ3LtJh+cz82BsL899cVNk8awew6iRBoCM5naz8s5BIJOaxNlxiFVUJR+GuBhiZDGoaJmxOcEcIypCTHx+rXl93XXfiaIHrunytmst5U08ccwbJ25vNjDor55fHD42trKxS2zZ3v/jrLtqRHOrBoUMKdZY1Xf7CjHN04uwzM9hzNtShJCghg7eWqm8uwnCk1NjLZ0sGC68ukKBesU5Nyjw7W3t9oXJkyhkfY450gsclOFJq7I2Fha8v+ndCCCc7SnOn570RN/jWUofihjoHl1ZXL60EG35wJ8xms06tpm9UO+zdwbcXl14/59eC1UvFpZUiks2Ro2DmxMTEkQlPOdXfnO0ch0vFyS9Oj39naW2tdPbV8xDOwoXFma/Nl78000xj1uy/MAfAe26mDBQvl5yjJ6H9to7HboQE/fSMDOm+6Ci7y8MAmjGkcDvY5nlvrxfUgshwUKu5Q5lgM/T2ZYpXytlPZa2CnM2NuZnM6kozI2U7TNMfFQmgNzZMJFCnyJAGmdPPO49PEaCvFoO3lvjSavXdVaQJww5F8DcDGESC3OOF3HNzS5cvLry6wC0wiExvFd85UnAOjlV/Z46vFlsuEx0cz56ZX7qyurhyEWmPDDvK8YDy8WlsBt1C0j8zj28tjX3zNQDGvWoAACAASURBVG9vtnp6vnpl1Xp/WsPNondXgytF98lpb68N3Wruh9k9Hi6tls4voStVJarr0vFp51Ah+/Q047xysovnl7N7smPfWvRfnI9u+zGbZlzv2ZnwQG7u2Rm4eZIUDSnUosZ4x9wjiAA2TA02SnV6RZJpi+xIgCTu2OlhqPY03HasEwbh0oWLelMzhxGzFIgi1DYDEjK8EzjDbhiG+/d5i1V7oAC34qEOTmpHRT1wuWh2rIt6fGcjTZlnZvhgvnC0QIKOfe7Y5MvzWUH6SjG84WNTQ0ANFeSBrDqUr9zyZ154vnK9Qi1xGttpUwarvj/xzjJXytFfVBAyXCXH89GQmnvlXHGtROmsLSPiiPZm8+8ub7dyBLTm3Ol5dMTLtjWEK5dW2YZ6xXoZMbP3pVnvSzPbvfVelQSYXHLzc2fmpyePTZ9fVDpkzaSIlbP87sWFL83AyYPc0A/YcJs1iGLUxQYkyB2RXI+CTcru9cYOuL4fKEdVb/jMrNKOMwQ1mClerThpTH9h0v8LD0Cpsp7dkxk7Ph5s1qqVdZAsjOfK16r5wzn/ls+M5ZXV/MGxpW8vF3417/u+53mrq0VvyK1Wq9kDnptxuZ5RSubTudLVtY4e9tXOWmaq352u8Wp/NIrC4tUiHvVWXp238QhL55eXzi9n93ljB8e8A/uVUjCsdbheKa99fSEIQgJBuM1IROvh61/n8oWls6+8VjiU9/Z5TkaFWldeXyhXyhAu0VjS5Khywx87FPu9KY4mSHpjMxNaFiV11GiSi7AaGcPJNrxvnKK5l8/OvXLWPtn43IndiIEWFY9csrEio8eWrvqLK5Oe6yiltNZBEDK5GD0W57DWdVPSt6Jm23Ign8syePmdcvWmv3+fq4aVk5bZPV5ts6aGMt6oE9RCCEweLVy8VNTCmf9iITc+7lfWcge8TCDDIJSDpIYcfzPIaq94uTL75cnyNW8s5wW1/P69XuGX8jBc/G7R2+NVb1Q9z/NGvMr1sud5lcp6Y5TiEYj/70RFTWTclfuxHR7q0Pd0HadenG+t0o6Rf8Ov3mhGsZD9R1gx1mFBlxD3DZ+TxSsVXKlwzB8K6WyrU4KGPPfAseBqHCDgPJYjIYO/KMV9SxOUg3qIOgA4e10adohI3w7CjSBug23lkEKaYIA6Mye8lRnD0BjAMOC0YuVQLWAiFrGXl3Ri9oxFF7NQoJy7d5xGnepaGQA8h0BM1Ib3TTKoLfsmBNwMgZQCu0MUbDYRkn/LHxvfD0HMjC0AVKlUp46MVWth4PtLb13Mj+8PghobyJSValE+N9ZYOVPHC+VrfuEz+ZoOFr6+uPDKPFJAiguH8wD8Db90dS2XHeu2emxns250vF24PDT+izkrVBqXOJbqO6HEsdW71k5eIcpASg7X5184mb2+ri+stN7NXlqeeWGuGnAThNmZS8lWa7L7Szne5PCWD8OklHc4X7teDW810CVBOWxA9RBgpJ380UL5ajkWBo1nBLgRQ6IkAGxGMAxDMJpsLDZRrHMRUAeISDm8GVJyZHtDehEhf2h/+ZqvdRTftcYCO0OmJZmu2YaWnhuAQ5g2QEOIvwvAzERkTV+UVt7hvK5rRBEgYaJwo8YbPrZAKfBWFEOrnqZLg9aMtniJmk7jGbfJpE7trMkVLXFFveXQ7mzAPc21PYlru/wMeo+GqGHX36gCACm5dz8EhbrxGQYAQD0kWEwqiYhNxBYyNhpp5YpJlhRHJCSGHNahNchxPIUAAWkHHMWhVkQgcFf0mZd1Ax1phjvihJthPIskk4VF8cQYTqyFZFMlIYAhB5shmfhwnIaOxo3uxJZPy0+o3vCJwXUNgJRyD+b8zQCxLVEyABHBAELGFrKoZeuMWx5PAhuLlNtET+umtsNjjdr0sv7WoG5q1Qhar9uxsMcrK4ZufSFB+LYPPaOrknKTnQLDWVJOW7SQchzP47RS+zyttSSHMplk07T5molGIyDTFEKSzZtpYCZBlGppgYihD1IEa49K/DM07EBGHHHcYcehroNKKEXeo/u1DnKHXYeo/J6PLUaKqHEs7hZg2ldwS7w2OQQ3g0BL5shEnQu9fXFK5dAwcTVAWsWDSg7tycYRqf1is5rXG2fc9lTU216nln/7aPWteKg17G1X3zzcxpNiwEKjD84nInSfRcpdx6UJcnJ59Vjbh0EYoMeytm8KCAH38H3CktyhbJ879181ZO5/WJxvgLQHIADcxx7o4Ni9AHod8tizSXvbnnSP9uvdR0Rx/BDHMqAfA1HXT0K9TjFjSBYg0+TlmJNMqJzIy3q5Azm+5aPjLd+fOFxwh9lxmNlPEjPayYAESMAR3PgFgCOYEF+xcUvxmfmtDzceECDwVBaFUUzvo7FhdghNYS7YPu+Ap/bR2Gjyp2AALjGBp7PxnySYEBfoiNBmhBHZ1wHAQevrXBiFA7iC8y4mWkKwHAGAbdUAXMHTWQJQcOESOwKNWhrdmc7CTc4JIfsAOL4i0Do401k4IkSzBHYEQ8ARPOFhJ5+M2p7eR8TefV+NHVXNjZaBlfMrpIPwwnmuVjse9185e+zF+elXXqO9Xv7wMU5JgDodIwIzB8iv6f0jKmJAQBsKtd6fUWGdGfCGyN+k1Rs6O0wEOGnKpAFQTXNZU34ELtHFm+yHIEGegkPEBuMj8Ou0egMAprPK1zqfodAQgMjQiRyBIQX5mr2MKt7UbppOHKDz17Uiyg7DJUAohgo1syFviAhY2+ToNs8cygSbmgFAWQ7IHqTKBrwh8tJUvM1s4AiezBIMOWlEhvyadpSyidDekAJq2QwB0AYln8eGkVHK16wECh75dZQDnt6nWDRgDkgRDJiZBC3dgAJNeE5osH8IEauq5sIIlWrsppVLqNxGsJtMoG4asCf09D9GqVPqtP7SLoG6zwOk5llgLRR8c5mDUB0pqKPtPwfGwndXqq8vsmYgIouCuxrFBpU7gEDNMBtUN9ghIiAwgEGo4aURGqoGmHhUlQMNxBvumAIZCpmrzRQGChkBAwbM8Ibjq5UAENAMzVyro1pjBkJGUEdUR26IQoavQYL8OsYyVN20Og5DwFPsEBgoB8yCgk32MoqAyDqDBZi5eoeZwQzPAYDMINnDIUMmX7MkYsMRGIBmbn7AkHnMSTQDQWxQ3mQIMIgNg5kERQwQK4KbRgQqBQCgCaWAHQGAaszZIWgDCJQ2ONjBTn1fasnH2cUb99fF+pVZvHyRDo31uRmTv1ZsfqShc4nwyg0ODS1XtE4Uq/W7cEjbVRgBUjBAKg1fa79O56uaQAGzGwdSslWUVm/AroKIEdwlXUfWhQ+sVjk0WKwwDHMcF8Cl23DTCOocRAiYpQAMh4YcAhuU73D1DlSa/Tp5aTvxSX99jduUd8nXXLxr24bIUPG2JpDngMB+iNUt1gzrkI8MuWTDmOiizw64cocAHRlyCCHbQhiGIlDtLgisSK36HNTZTcOvk5tmawQPAYBXqxwxrfpMwmr+bMOkIkO1qOdHL3ZHDftQP2pnht7HJ/awGRIAoSAccNOnzQgTK0UnjyXaeBLOIoikC5BzeKIDU++Q7DbfdTjbB0zWirPL75n26P77bYbo5bj9qGg3gmxnzzYNDPY42FZvK9yuQlrNiQ4Aq3U333nQL1N/2NwT11IPAWLWNNRDN+RaFfWQ9uYBwLD+Xkk9mgdHulamtAOA65HKuEgn6f01H2mFdKdmxzpQaYfbh4I3feiA9ubJsK4FlFZIO7zp86avHi00niFSulZVe/O86YNDNiDlcM1XewsQQD0kkvygg2xpx1njvSRQt12cOv63kKhh5o9vNe1s7XsiWwtN491dnXv8EyHWAftVAKFelUMZCIA5qmtnX45Gxvj2Ouqa7wQYlGokF90oU8bjjSptEYfrMEzS1Tdrai8xawjw7Sq5Hm9UCcx3/AjkjHq0J88bVW3Ad4PIsEy7MBG5HtdrURA4zDoKUddwPdqT440q7vj6boiUVI9NhNdL0nHsp5XYt9+YkuG1opMd482qPbhSb1TVow8i6Rv0sPvJXiebNElAAPeAgb7nn5gkZLCDgYyAgKTBYYMfw8Tp7AAghPMLn3V+7ueHP/Xz+m9q+NFDcWrgAPCwIEFiQIgBIQbAAvJn99E/3PYUjp8omXtIf8IL64EjhPiZUfN3KejN1E+ljXRIufx3hgYd8/0N+sSo+OT+1EPAI4OCBNc1DQ6LQYf/vzp9ImPu/a36B6N8z4j/VOP/pOlh8I8YA8JAONlP8w+0+Y83xMekGByUg474WNqYH4uPpU16OGWMeMiYjw3ip6X5qTSlh2GM+M+GzeYGOaNiaDT1YyP+waipa7oHpIRIDZq/48Gf3cfhHZMSQ0P2qBAW6n2N8EO5X8z1MRD0Q0It7s+WzNweEgi9ITvt82TaiZidTCZoDTwQQCo+uD52tpPjHCqovQ9mQ/tgYYe1xHR+zDqxQMYoDjpkwzTUHiCrA2wzSXHwLgEAh6AP4ttWOuiMLupRbwjhgEOQbN9Rdj1oO9gtdvDIdtWaxJnV8ELUWR30VMjB99Z7FN44hZgkj6iQw+i9EkeMxP7ZVNlsaMAgSDR9YTLtqLRVoZGksxEJhqBshoK6NaKwmyYg0eqTrbYR6cGMEzlvpeoTkUNQAt5g0wPKAAkiwY5QEIgMO0BgUL3DgTWJmbYsyjGPFIWVgAPNELA2CzcNAEEdtkw7Sm6aJvehdDsofk/bHklYMxtHnPitTDziUkgAkQ1rBCRhMutVQq2IeIjL75WZgVCj8e0z68LbDCh2H4LTBEOoB02nbLc4sSzeiFfp5U7pySDtLNE0IXTqX30kUHwzYZ3G9SSY3IBI1WoV1omoaE0lNkBaxsn2wiEC17mZbmEaHsNYNFKKON3i6jfMHHESc2KtxgwoAUo1RgSKbPwXN12bVgkQYAMCu2kQ4BIrin2nBJaCIrIeb3aEhWtsvxhijcWwZmvELl4GkyACIJBJI6jbZ+CA86Pu+p0gqCeuNEEQiOq8dN0/llWAKt4MAEQCUiAyiYgQgICrZANGgIE629f1lp7Mupqji5UAAthiNhGs6SjeMTTpkFvjDgygkyN4t5rnN1ALhG1khjTcnUAbtu3FQx1x/P3l0Hbipx/UF+Q8mtXVKg2psYO58oXVRluxRW35OoKgIx3HJ5A9N44tazbPeOzVclgWtPZ+stY/+2lFSQTW8SF5Sb86kDtZ/zzgpFEYVYpkdTNsXaAEOIJUmiQQcK8tsxETAnLT8Tx4g46v4yOFMg5FJqrVKWbipN7CPne1GpR87Q0rSRImNtJHMfdI2yoiOGmC4ZBBBpwmQJLAuubQ+GzAAlKAUwDFQ2GziIjRHr0kYaIOpyclQ8hb8V/U8hGEDv3J9r2XJRjNuIhtjJhNHV40bNzbG6wiAEiR67nltQpp0KCTGDbsDLeUTQSA6szWGbTPJmeBYKNVEyYQLW0hCQAiYtM8Doat2BJkb5MABClBAJwUWCDsjJeyIoQBqDS5acc6nthAJkzJhjlOZSTY8Il41RFg/VDNsfYGKbiLaAueG/tVSMBTTk2Htpa4XgEpAGD6gBtytOpryz2KiA0kGEYSxV4wbT9aZojBELLFmJJsjlaKE+NuErJiWtZeIiM4lpE6Dt9rP1iCUgAi3gILBcOcxB6xIDLc8ISit5BJ8rl2bBAigFgwQSVstJ3FoHyp5OxxwexfKRGoM5rCelHipcz2BE+HyB1ygo2AYXE3AKhh2p9x/M3QOs4cIL9XlW61OmQo5lEDAIoIYEjy77In1XjGqdQCDmPEJpNXbI9IAMzlWugQanehUrC2BhJUY8CwZijbWQGA2DALOMIGcDZGBk5aBndtyil5DgV3mQRcgRpIiWZcWIZISlTrId/loM4kyII8hyiss7JrhEjaw5MTyeEICgWjYWA0LZZGCxatpdVEMMTNr8gli1UQKyIOSfTL7pWUirAV8w13iaKkmJ6m507tQ0I0PsIi2wWX3WJ0jGCIwMyGOoVbY39MgQyH34ud9mw/wNN21JyEgdrn1u5oqscIOgy0GnIYsbwjgpORWUUTWbfoo3KLI0AplRt1Shs6iUdr+OEBIKyDHWTS5N9hGIoMSwElSIHtcSR2ntiAACnhELxh5d/hYBA2+csBIEgSlEFg4Fgh3bC5C7gSNBhzCQwI5A4CDJmyQ8+ekmEEbzCOISRBRMyGSMAdJDctQ478ZAeBjTUwYIJMot7COtw0u0RBvSEX0ZShSX5mzGd2O7N8ZCIIYpFsQIYhkrhek0TDtWwtvfaTnvxjW7oTG3kihC0A7EAAybFcqnEn5vdBBwCiqC08fgutK5XTDu/JYNglP0CtljQKUI4iYl/DsFUKktj4poD061i5EVhlBwaugmZAKBKxl4NEjCcsJPdDuEQ2i0NuoVwLNTMIxHAJWdcBR6GBBsigvBHqu3aLIYCjLYoMlAGMZKMbBxozCIZUWhaGnMA6Rk3s25EpeEMy0JGKXa2RN+R4g9H+IQcAE9iEdrxsO0lACshUwnNbhBQisErGhA2cNKw4dFUidRoSFNzc3I1kg8guD8EAscU9LSCVwcQAt4QpWjYSBLZaIcd5m6mIYs5ugrdWfhL9uKt9fyEyAClmDcNtDCRi9xYGHUYSOBynWWWyRwq1q2vhDd86Q+NDpVsbYUA3axAO9nmo6xjlC5ICzojj32XejEEu16N4U4+XGoV1ZkMN6OZKRAwiu78QCSZDjmAlwLCikZEi2gIRcqOOm6ZAcyUIwyQ6B2kJHcXau6EITAJKwH4yVRtIAzIRg6IkOSQ0IEAZaANfh8yIQI4ACbhp6RAFiOyCsa+4SioiNqzSICZnC5GAlJCANogAivdcgMAG2ALDyt8GaLOnusZBEzJpvI3QpUY8hbDna1vsyBASIkIcyMtsP/NIDEhwM5LY/cWsl/VKF1aS5A2r6/Tij1bu6PyrNwyySMIBc8fJVDZogaSEIiIXOkQ90dU3a6hrymSwEcAAKpMdH6teLsGgDcUKYCOgfS7v9XjDOmURcaRArusEJkQdJCliYIsaeznXGQZRsmHtH1HZIYeBgufqerQeaoAksSLsdwgGPnO0RR3xVhZdEZhTVlZFmjnaIjbsOfDS5Ic2xEy7aWU5xtfQDAZyQ+SknbAWQkAb+DUGoA0kmEBOGuMjBEMBSVtyZCeJkrwlK9dToFgLlI3oaSDG17Ea0cRqLEERCIbZoBFZRSKBZcmnJuzeFCuYBpxiGMTx3TGW4uT1BGsLgoC7zwtu+dt78rtVMNH5awKPktbI+BYp2BMLGtaUGPcRUhJEYLAJCRwn3CRlkCORdiGQP16oXi03K4pHhiDAgmkzcPe5PgP10GqkWofeiBMyMSCVDDet5JeSejC6v6nZo2odQchWEbNwwZVQaYIhZZLI7hSiLVRuh/4gAVACSoANuO6HHDBcpJS1qYAIYH23FNZr+ZETJBzFXNURgwB2leMSwrTUJiKAECU40aIraYE2CRARCWJGZFgRaUZoZV0MaKSMVb8IBmSzaw2cJKSLkjQMu4HazCYbJpqseYo5qcWKY0eYTBRxDPh4CyTiesEUs5EdTBPnS2UybvlyI8mYGyOWnPwZLwAWAIiSBdwyFb2CwOPCuAYQhbXkZPEk30oShIzND7HmrAA001ysdpBG/sh4cDMIa0GiZ6KhwDMBgnQI71FyPTcIoCRBINzk7B5yh6RvWKUp0IizzYWMRx/UtFmDiCR0GM+hxRkAETUApgWPJCja4tAgDLUjmEwYbFQDv8o6ZBOoUQ/kMFEgSN+uuqNOzQREbrGyCOMCiIyW7rgSblgPYFwSUSaxuIQMAhKGQE3HbXMJiqgmOGRAUKg1m9gsCYoZKLFtRJJiGOcISSZyYqs9Rwy2yrwBW4CfQrSV2F1FzGFRMvEUK4nE9RACnEZ+j7t+K+BQxxxjAOZEvQcAZ4/SdQ3dLDOe/a0W2dNLRAmIpk7Ung/a/JSzBYsMkNEcy0yCJBbS6gXx1iQIQrIAjCQTsZFSUCTYy+VCRjUIkHaIE42JwGl76k9szmFmb4QiQ1JQxOAthJq9jLJYUhFBSJD9JWGclt45gkgQEdg0ZDvBoKaZ0oBBGDFMCF3R9QDCDWscpCOHuXSlxHe0GiUQBd+r0gjJtIw0sQ7D93ypiNKhT74aBgz4buTodS/j1YzmdI7UmEOAgRRQJLVNMwIgYgBkVScZW0oR1G0SPxMAO3oWcoGsgk0CMh5VOCLB7kaGImIg5OZ5hHF2Ygo2uayh8Fs7u0qTI5AZVIFmewa3IjhpYlZsz9ZNTPmxeYy1l/WC60mQe8PwuNVMNelIJGJBAJOB4PbU3Z7UpcwTpAPRjM2wYimORLFLx1AcP59RMHJ1bZ3IYn7rH2IIAkmk4xVIgN6MshkVDjkkyK8FNIia5rFRQoYAkmkJq78QJBFMY80lW4iAl45NcGFyz2eWW6yM8m9XqzdL4Y2yFIg0O3sc3ozCDcZdAHA9NzQRNpnSxBssP7Wf9Xos5xnMUEPQfuS6srYJcmoY0X6I6HbVyxTXtPSGveyeSRJSCmlxD+yHs4S1BNpA2PaslVhyRySkTPyJEtLuUK5SYZ2bZylZjcyABDQoMuDkiyUN6OMSwTrgIg4NsWGfSQ0mUtmACJSWVGebZcZbLYNnIhaUHXGXL1fa5EY3tejmjfd7Mk7TYNzuEUNzo7D27YaZmBJDhUgEUryzkzvkLF0q2wVHJJkiMMXH8BBoMMZ9JCi0omhIEVDTJAlAxELlR931O6FS8QkH0jJVsoBi4BlrPQ50CFC0Fe+nus7VjSWHlH+1GGnwHYYEGw45lCMOpVlmKNIOSOFGlVxKME3gKBn6IQ2C9gB1MEUw8KthZMB3QCAiRHUCONioRRwCUCrrprOKqLpRIYKT9tjAr5UzQ4UQqGlfpSWJLIGbGZJCSrsU7ehZs40dcJNYsQUxsU0wdwUIkWawoSiZTjRck4CbThIsk3REN02BAAxkipw0B0TEYGt9TKK1OCJ3GCGzZlYjjjvqBjd83kgCUE3UxVJNLmLR4KE+QqgbhLPVwgTZXOP4rHYBtgfOW0EhQFLCgNK4+G+rsVIgrBJEaFhF7ZNJRwjka857BEApJ+5dBDUEV5JOU2i3DEEylRyiYGwKKkMgYM4OKRIO1cEchgAMSu++pm9W6C41gir1HQDk7KFoM5QZIoFIhxEzBGQaSEMKKMWaI0gwwDYPrgaA1YiTcSAF/FuhSsuajhxysntJ1zmCj3qmVFnQtYCGNBtSxFKo9Vu8/9FKJABDjnA8l0h5lleUgBSkKPbdtpiYO0e99TuvDkkpEHJESMyDLZJYM8NAphLwB1LWjEmItjiTpnUKrTzjRoyNYWwhu8et3Qqyuaw74jIi71PZ4huLLein0wTUekr/w+4nR23rTCJZbEyZGYDoPLyaWIAGBKTkjw+BJP7hsBEp3HsIIoVHrGgR+GmhflqaR5D/R6N3fsC1IBRCCgGRAoSgR2BSQqSE+ZigjwGP0CBR6hGREiIlwMYcGB4cThMz8z2IR8RDPzLmIWOEkPcgBgQNCEcg89PkflwKGDEwOPiwSaXEQw+ZWsh3/pa11iEbHdVSwOZf36CfdvR/uA6wuEf0M2Lwv6B9n/20FMOGjPmhMT9geU+wAf+w7v2XhI/DfJ9J0J2/qg9+cjh1z+CeMN9n831T/491/r7RoanXdPpnB+UjKf39KDLS/3/u6r+VgWb9N/r2X12nn9pEmit/FtU16+8bNZySH+fqX25u6s2b/6efdlLikUHX2YcBIwYwKIgIwyQGPw4JUf+RwYBwfiotSQhQnesCwAAwIGgAZgAQAhDiEUED5iGkBAwBYkDSgFGPSBKpzR+ayBgAGBAPPSzMPTM8SPIh6B/V3cH05g/q3ifSm99/6McCqXsCwghBEMb8SJi/MxO/MOprHgT+/ZVKqHl0n+v/+wruMR4GTKIf3TOtnw0VzRu7oXgjIyIwNLMgHlUUcQzmiSAom3G04bGRjCJZrmk4MjZYWZBr1RZmMkncjwBRc/fUwFhaBoOswZFBKIAQLjENksOMLZAkSYCJHJLMEYSMRAQmLbhyY41rZdSxfr2SPzIZ3CgFNd/dQ6GGVEQC4S2ucTXaBNdD3GWAfNhkXPJva6QBAWeUIMC1MPDt4Q3EdosRNPaZvBr1gxqXKyEY7l7puDK4EYLhM7sZh61lawjM7Aw6tRpTGq4irqup48fWN9ZdJwMBMjEAoobCmAQaoHHqYzPoqkXUxPYXUgSPVFDXIcfYKzJQQiauAoZhRwJgTzkkqMY6NNB3Meap9Tuo6UjCAaKIiQS7Q8ohkiRL16oQ5Hlum5Wocd5NA2gnKM1Kp4fdT47iXmIlNxL3UmagpdHNLggWMIKEGOTBtBgA7kEMpHhAiEGi4dhATY+Iqf96rPBzHv/dQ9c27shHRIoAIYwACRKPAAOQguQjAAQGAIGUEGlKiUcgBIRAWOfbzPUfGXoEP/4RUgMkACHgfmzQCIiHDUE4j4AAcy9l7hkSKYnUQ0jd/v8Ze9sYudLrTOypt897+7zd95J1ya4Z3iFrZmqk5qgpkwIpDBXRCL1LWTZgYUe7VmJvIiAOsgZsZINNgOTH/syP/RkjCLBG4gDKIk68gbyQEMvwGKBgDjwTc3aHa7aklqdH05wpit1ildmlrjvd71Qd3nn6Mj9uVZMzGjm5KDb7o7rq9n3PPR/PeZ7zbm/e/Obv7z7Y3L3bD2kY3tsc390OCSUV26EXIeFrjrcsWimZWMX0U11dhObKCc0JK0qttkca4GklCbCmOnTPF/Gh4RhH+4Zq2nkua1WQlKiIGOIeSY7umO3Y7gM5jFg5IXHiLcIva/fZNtSMZZao0Z7tXPAO3gEOKggQElMagSxR1MhEAIm1wc1zTgEcQg0PUBBc4wRolJaQNQkPB0mmQjkEUBMQOILSEpDYGpcGbO9bf2RWTSUJIlOyPSHHsgAAIABJREFU8SQ892yne1y/9foWa6Lm1S+eW39jk2VEDYCoAecfv2aN2QPNyoiohE/e2vOTndBsSxRr54hTBVQUY0ORt7vB4hTEH72+HlJVnXF3mr6VmU2PqhU1AAE6JYI+FjU3pg1gEFGIFlkTrY/ef1oIxlCd3bUBgDYQPjEYbK5/949gyFca0Gg6LQ2pjvuldtRotg3tomFEtDvt0IY+3yvWrrz1+reCIr+Yt1PNFZtvD6YN9Y95u4Ogqivj8Z2yfQaAjocDG0FT5O0w2DEtka8oOEUbvXaB5224My1WeoPhMEhvuPPW2sUcak1iqzrOdW0ci4/c0HgMtSswpeXaHlsZFLnodE7VmBPqFEDeVPVimirKBg6Y4T1GQNFuiGnSdDAxiDaeGkQDrekVGsJ8JNc0CKbQi0X75tawAdvaqYZUbVg+PsnZsNEnnNBHY9hC50zPyIYfIfUsE/qZVFoAmIM4gQ/iIJrFUx0kijwDwQk189lKB84DJCQkSJM0iISEmSgSeIdW440gqQgcWg5oNuJOKM7noi3QO80EaSa50yyIkeIAr7mgsxSsJgQEQu17T2m+JGatuD+6/ud/yH22au6+O8RimglsQtuj7dNKSzMlwSlYUTO1Cewnxg9KVrHFCAepmT/X2r63K6rhjHRf7DxEevbz7aIHMIanlBZFZbQZzVj0Ou0TvUOM/TERF2yfp54JSA6KgsMSmrYy5eZfbeIhBjsxPx00sbv3YlnHrZ3BubXLutSJk92gWeNjPpJ01rDKUIMV6QiH4OABiKqTo46qOAhERQ9pEFERhUCoiffwrCm1eCchaaAyO2whEqSgFoJpouKAik2mQ6JVt27f27UKqFpFka0c81v/vo/aZrGiJhaA2sMRtXzcG9VYKM70OMuNHtvQz2RJ0pw6nMAHiKAiXMCxFDVRAQ545IOgs6KHgAdEoAqvbDtVQXACiIg0AQsOFIgLaeLTxGfqfQ1xTBMAVJFOEIKdRMTL4SN6kBAPnykLzfOkZW5aaBBBOWF/e+PNV/5kuD2MeyMJ2llZHW+V5V6USFlSkqgEeW4HJgsaf1qSYDRkabRR71wWjbIE1oz3uHs/MuKZ1Sxf7gy2tsr7sb9hNmZ2SlHnxdN5/nRInzoF8dtvb9vf0i8Dznbv28OJIAksKbX1vz/CBNEIyjjCasL7YuUU6/jan15/49Z1cpv1Vn68pxKetKEg6p3MHmBjPXAyA2Ec4B5vQS8iqNGqxYPeAU6kFgVbzhNUCah5SDHCakaCBGuIm60tSXEeoFUYlGYV+YiwA7BVFAWytBwNQKImajb2PYtrePITQB7bUAA83Sc6ofk3HFALFkPjPaQi90udtOiARGTRm5OWm72fCOAkd5omQRxVERrHA4gL4jycF4EmKJZUazFHgaZOUIsmyINIjaBSaEANERGHkDB1QWpaPSURq9Zw/2DjR7de+7Nv2N4QCyKVoMbo3k7zKyZMTwq82MTSLMt7PdsdCoTRtK3FxQ4dW4lPlbsji/fZkLTytsbStu9u24gtkeBJoHNKut1zh4tDJNO887DcG5RD9j6bW821L3Q1CXHf4ihSZDyyuE8C6tRq0wzZinSe8wC3tyzu+4P7u8O7g62dTaLUzDJVSTI4BKcQaAIREICTxnpkfvHnfkvpiBoCoaPA6AAHX8M7EAKhh281eXUN1IwkDdY8wQEOVluzTLEiCdRGqkyNk5btj7e+txXv7qAiapmnPnNXVM+JGUfW/IQfekyE/EQnNLOhxrk1rsiJOACBECQiwSMRAAQyUSSSJmjVTBP0OvkvFi+gRaL1TJatHpdRZPO6wUFFBpX5WqWGCiRB7tHRNFdJBSo+iA+OXnBKgyRqpJGGMJ6MNzev3/ruHxoP4r6hFqtMaklToQMSELSSAlIAI3zkI6I2IfS51B6Uthc9ZDw02wcHxgXwfRs9MBuV3AMnxCP4pzR7Svo/sP4722bW7WX9d6fnz4dIdFd9Z5n9d2NZluqku5bpEh9O5MLnLq2cXHn2xUx8DKdyLvk8oPusdIuVrTu7Ps3WvpgF3yrjjmrsFRcERUhktk28U4ByVOXMPdDjuqyWxnrIxhmIgALQKWrSQWoBCIK1J2lkpKAmYeLYcsIarIlarSJreoAkSZtwFlVqk1qA1ozKDuFRRMM8uX7CjBobemxAH3NCJto4p3mAE4jAz1wRXIATikBEnNdFQYLgwERSBwF8oiLwj1rnT+SdNCs/tF7ajpWVZAuggxdoLYc1AYoIHLJFpKK5SpMtSoKOIojPE2aJbzkJiZCG2lss1//yO/0fbpbbJlDbN9QQRzZn6iCLIqRNoMfbMHJ/zq44nsJQDiIn4IeQtgrJluAABsJBKDZrSpIPjB+AB2YV4x7He2xNZGcnrqxKSD0SIuadno+l3747bjF76aWr2/ffZPLQ3Ljz2UwWUO5Ns8xnS9zdj7aQAQfDHbN9xlHcHu1i6W63WAsSFCLADIOR+V0+6xNoc9MCgtpmiM3juCZNDqpOWjW9AyBWsyUgeVgTNQ4XJHMq0mQ/QC10FquZayHICVgRJCpqcxoN65Q2M6DGNBszcvMvn7ChTzYgQPlEtP6IDTkBxNSz+dsSofNYpGjqHVWkqdW9EwWyRd9t5yqaO2RpGEwiKxKz0AZQahUIHKS2sCjtRHIVVajzwSFNFEKZIfNMRVrSEuDtrY3XvvlNGMUAo1QQoOj1YowqyDpqEOxberogI2pDLRCYWd7rec1YRjpKTY6MFNTNuHElyHmwnxWGyQzcSzNp6PghVbqAhWk4FlqHVO2VozJIaB9r331nZ/vusOWaoIbO07z02XxQcncfcU9H/XGqGL9n5bvMTuck5SSH+xvycDs/cUGedPkO6lREpBZgJjXGbHXnVd2RndUyq2udoCZrgDTAam/VjI8oHq3W7E9rAajZADQEoxHVzIasuZ+bN20sYxbROHvbx4kRm/P8iA19NIopgCMbetwmqwULrSbXE+cpgiWBE4inhyZKldD88U68gybIvO+t5DEe9No5hGa0Q4ODAOpmVQadARTRAKSL4p2kgiBetUm+hCAdtPljZHr3wa3NO5vb9/vwgBBEcb7HBbRcyyYlFwVKEXZ6qy0d20+iVVh9cbWclulxyZ4pXv7tf26MNo1xj6wpy4LKpAIcH99RoqjJBBKYFymC2IR5mlttqNmqLUbJlrO1z3S//g/+Rff0WvF8d+PfbgzuDzRJWeHcL1zo39nWY9n4gOc+vXb1c1/Nl1Y333t7fC9iAlmGjcqgmj0dinb37OlfzZKMDqkI6yZ4zekJDnAGx1nrv8bMho5QjxqYdxqaf6xBESPNYCRqqlPUtFoCJAtN6i2saRVY0SioImtDDakJCGtyZkktkHD8uTUa+P+NUz92Tn/Hc5sffTgfhHuErn70V6ZAru0inRpUI0piOp03fGZX5DEjO9fwpEBitjGKALQb66/cvPPK4NYYY2sunqkO+gNkCGkzUrIZCGFm5Xi7BLD2xV6+kg+GAxMbD/ub66/01nqb37sBMe20MbbHby8AUZxvG03T9mCjBHQ8KBvAenww0Lxt4zJou/dSr9c+106n5Whw8TOX1njOSvzRv/r9S1+8om299sWvDHb6ve5anmKtd02lWP/htxCBXaCjIcV4hPHQCoMG3O5/q9dZO3fmK5A2xPRnQ8L/72P6sa/m3VyVpletFm2MI0nWvAsmigDQoA0q3Qh2G4DqyV0fDGgQoxkyhydjmc6gqdlhIvMabRaMTSDLPRzPUNssZgtEAhOBCsTDQRZEnLQaFChBcEgdiizLl7KxRV8zSzLjYSYCgo6+xRbUewQvARKcaECeSJFKuuQ10UwENDgBwNoaF91ezm+9d+NwYvYBbWKypNy39GRKEkb7W2MA9yMPBB+C0aDt1nIw27YErCkJrbK7dzbtJyOh6tPS/dyF8v6uVdQaelJZCR/G7MyqLh2WO9GMIsCiSC16XKCUTLovrH71l79GFzvLhSzp3QfrOz++ef27N0I7D0lod/JucerW+utnV1fXVq+tPXP57k8GbZXB/TcPlyVbQnoC+UoWo6W5BxCW4k4cyoKSgyzpytF9P1/hx496hg7TUZ2Kk1hTBKxmDolNFCMOKkZjU7i0ID4R1mJm5pAtSqxpNYxkRQDiBDWkpVwE0Co62epq99nVFxQo90pUnDmhem5Nj8s0eWxD8lFHQ9eA7ApRiJgTDR2IIMnhmhyuwQcDk1ks00WgFgrh4EXUISBAvG/xwEpfK0RYHaqDJt7P00YuIHVQB3hIC+qQq3SWslQ0OAWER890Agjr3fV339y8uylSxP3Y7a3F4UhqYRWtbtIapsdTfoCiU4RjIX4IXQ5xf5ci5XaZLghStf3YPfFCHO9KAUR6hwv/weXx/V0CsgxWoEncK/PTKHdMHPLTCgdZUCNZ2+q5DiRaxWyp49H55p99Y/NH6zuDzaLX9sz+6X/5319au5Qvdb/zzT/Gst9+sLnx1s1x7G9sfjfLvZ70RddzP8YSxaczm0zvvFcWvbBr2BputlrD7rE1TTrAz9mw+QgfghhMROYBrFk2a2BDElYfoAZdmGVINTIBa2oyM7WH1SxfbjmwBhNqAoisnm6vPV+8/sbmbrn7tf/o6ubWNuMhHEGqE9b2+EzqWX09c0IfPRpigJpAsxyq2vDvYgkAaQ6OMQ/QmCdbdjQxaPad0DA+7UOYaKMNNYUiQBrG8cw7BlEFxjQTFKpFOm9GypE7nU17nALrd9cHcdMObFr2lbBoea8Hs/aZQlX7d2+jbyENZjbYHTSCxuJMezAahxQo1CLUDCX6vI202egxB7D2C1duv7GuAqSmbbXSVLUcIe+1B30bD5B3VNth0C810+Hbg7UvFm+8enPtYv/iL1yD6XBnMB6Wl76MU93euByUpd1+/QaIt15/K7StfUrLCADjkaki//trgLbTcRmn4x2D6O1b5dr5dt5W1RxzJuTPOT7CvGuoV2YzgdR0LmZtRp6rPJbQ4yh+cc4zaZSHGtQAnQYqBEHsay/1/uWfr0PzotDZ8EGZEZ6MaKYWAQaPZk1mfujjJywi2jYRdRlahAOW2nAAAUec6MAIJ3AwaSFRiKCmSgtB4CCQloiAIfHaNFZbFBGfiDhmLkCgTsUF75guSbed99p5SfOOqci5lcIAcfA1MZtN1Fw18U40bb/y//xxnFgcMVsqfv0//ie93rmtd9bHo1FIJY5K8TmrKT9g76UrLaL49LNWm5VGM9uHvW+6IPmzuUWzEvzA4iTaoZnF4VY/xogockhZgpWxd3aNVcs+iFiGjWN8SHViFcJyOhpyPLLOSrH1zq3h3q6qdV/oxHJ6SInV7q3vfWf7x30kB0Hz3b3YEhnct2xJ8lPZufPnBv2dGA/QRozwSxmHMe6j/yC2Wg+vvnixaF8RR7ifY0T142ZVAz5L3aTAQA022vgaVtPXyBLvAdKrI2oc1FYsZbFGg7GRaDUZsQMSikAczj+VFcvpbtUqOhkqe/PVDSsjaqL2sxwGT9RoC0Dtf44NNYFsMcNCY+xEmpoTgaFWSzMmgTBJgggoChAidF68qGqeHmkJ/WECAbxHKhJqqogXzD440LXMaBPLj2UtHIIBwmIpC46ZKGfXC9MGB3PSXJEszzY3Nq6+9JXf+sf/def0s6UdDO4Nv/qbv9W/f+fQ4tWv/ZNz5y/37/WfPXPOyvHucOfSl34ty/zucFtqzXt5HFncM6Hy/YhlFYgu6HBnWxcVZlZTfQqSH4hf9Bc/e3Frc0sXwJZAjCRqwQI5YffTPVQc3h0gEYqQTJcQox/vlzFa/72BPybSbnVWgq54vwRMkB7LRg9Gu8Np3oZVIT3mG64tngpF14djKI63i6cua50CT9Tzc5cz65aLzKszzrhgNWY2NDcm1CJO2pqmCWLFzlKWa7CK3RMZaNF42BLWBNhq3JrzKt6cv3CszRa/8+/7w/5otDO2iZEURxCobdZvOarRACzgk23InLAWWQwQnT11KRUNZpQEFI+VFSwFOmWzf4o0jRiudotnz3S6S62vfu5sWcVhNRXnPSAOYUG8QJz4RBReasKJOgloHTrfEUCkVTNPvDh4B3EysyFRP4vo9E4Adtq9zsni8ueujobDb/wvv9f/4dbaF6780heuqaZmuPr3Xh5VzIri6i+/3DlbDPf6Oz/YGAz7IRESfsmXu6XUIkG4AE3BQ/AhUYORJiye63VfKPJTnfh+LM4UD6uHg52B5BCFLAlbYi0gQZZi8OMyflh2zhTj+5adQDsNw5043ovDzWFrEbZHi5HG0buljYU0ThgnLPciS4YTokvMj/vO073e51ZXX8z9UkxVOnk+rWLnRJfArLqu58Z09DjCYkTgGtD5yIaEIOp5T6OKeboSjStLM5ZjJw1390oQrK1BqOHQEvgGxyEkwbmTndtvb5sRNbWiYN4yO0IUZhDR7Dw+0YZUaogjFjMkaUPcNBEey8EoidJ5JI0OzZrmqjiBQCV87dr5G9/b3N4nEpw/mW6WEfCZQIHDBaoT7ySDqPNM0EBqIiI1ISKiNGsv6TCakQD8E6iadxprWhVZs39/a/DT4Tf+1R9sbm1Z5G/99u9cungZtenxtrafiY+kKDornWLj+9dv/dUrmhZXfvWr/hHMWI5GqAxGmLAmFsAPgAXocUjA6vlLYTldWel8/T/7b15/9UYLfvvdvr0/LvejHhcAqMAJRKBLiBF5J88kbN/bzc4w1U63m5YPrHxA1LTSrvzy1TixuG36dBpSZE9lZTSpJXNiB+w8l+lSNto5gIjPSziK0yLNt/b6Ww82OovopGfh5COo4+Mo8bhXddT5anJq1iZzDqo4kJIJDFFdGlSsOlQnQyMbdKdF1kRT0ABWgTWGJXsdPfdcHuvQ7XZiNEaiwhydmnVWAJlTiPiJNtT0CsycymIGGhzoFO0OKqMAkqEmSDhYknIJogHi6RArRgJAt511ltPN8qG4WRsf0NYCghNNxAsFno4CwcyHISSkEwJWsenpSCKzlF3AmqzRf7D1v/3J79/+4WtbP9p5+au/G6fx6//4t9I09UmAk5AEDZnV2Blsbv3g1bi3OdrbwR4ktN5840acjOAgsyFM0EUQwAIwhSyqTWT04+24Xx4+tEuXXhrevbP5NxtpSONByRq6IDYxSURqxAO79NLl3qeKWNmVl66WZXn+4tlzqxdGP0bv9KWrv3Rt863N3/ln/11xrMva5HiMMXphmuStyKwdRPjV3/idNO+sv/lmsdopnk5FqCoXPtVb7VwmO8PReBQ3O8ezIj3/5IJ85JjhinMtGMAaU8zyFYEKSEIcgkgmysp8IqhRmlnFlptV6b4WvyiAGNmCGrlr0/U7w9G+YRK3ftSPZRTOvU5T2x9FsXn/daE40xN+7AQbGxIhsNxw4ymiUhsb8lciEIWKiagIBbLsERQLkgnOPVsU7ez8022jbe+ZysydqEhoQRxz1RaB2ktDSHIIDqyRqfqaVgGgOBjBBnqnxP1xaeXmexs3Xn3lzf/7+uhHZVjQ/r2+9xhPYlH0IC1fS3sJ5eTg0AGP/Mb6m5tv3rZRjH872r3XZzRV8KdgGfMsLV7sxr2SUwNElzUsBVgUD1bAI7v52vXdB2NU4CSC2nm6E/+21KydtzObmFXsrnZXP7XWe7F3fu2lX/2lr337//rXvecuDoejX/mHv/Lqq3/+K//g5ctfuNp/sOVDqSeHcjLEfQC28lSuK+x1LkQzyujC2mp6rNNpH174VK93+hL40Ky8cPr8lRd/VZe73RO9LCmOVuPjx7xNMfNGBGQW1CAaHJqgTwfUki2hNAYnQWRQjq0GQd8EkUUpVHhIq8RqMyJWtAmHgzi6H1kRFJkxQAR1C47atGxnNmRoYhk+yYbMQSBYaKEmHJqyiEuAeCRiKpJoE4/FAYteE1k91X75c6uvvt3f3ou/2OsY2TcI6B3oNAWCR55qt50dVLHlAHgFIeIB7yCQg4oNx4VujqDXoOPtjY0/+J9/7/qffnv7nT4mUjy3Nnh3a3h3a3e7PxruFC/k8eGUDjujHZvwrR/dyJK0V3Q3v3eLNqN0oUb2dG4fmC6m8aGFkJeDsqE3dLodAW1iNjUNElQJ5sey7GQeJ6UJJZPOc3m5G+O+ScDa+dXRTvnf/rN/0b+7uf7Od8MS4iO+8n/+8dd/++vf+otvjkZbW/fevvHqd7bubOyW5fD+QZ748j4PgIcTiyNCceFzZ4uVIk3DC6tnw+J05USvs9Qrjp3d2R/LUjh76srqidUs6c5ShZ9zzKLY3AmhhofQCWisyTlyY6CvZ6jRiNHoFWQt4ugbJKWdETKuylihsSEaaYQRNUFI0+toSvKa8hEbmuND9kkaoBncPh036tVGf6PIG2nzjBUVPoJkrJ0KEIPqlVP5tBkPQptD3bM5FQodlFMVbWZc2HzMAETHeLxFQVNuzNTj1LwotJE+HtjaxSv5qd5g1NcPAQ9dUcj4xuvfylcKizaN43K3fOXONF/JIchPqSrG0RAx3hnb1PIiDxYG5aARwAE22B5oBgjyog219in0RMc2tXIK0V43L8703rp7O1/V6Y7lKwWo49HgX//pN3qnilJ7N19f79/ZvPTlK9/4P/4lFO2V3EqzOB0PTU9pUPSHY00VZUN71f7b/bIcrL1UKHRzJ/SeP6VWgv08PffF56/lafHENpIfZ1HMrg3wsdv+756TPyYAlE3ZL0cvoW0JzbDHOR15OgfDdT7LAcC0GWA1g4jmqsjZGlEB+7tiGQA4mBNpeYggEUjgks5IitK4H6THFCogpJYrz3UudfOtkW2O4qVPFZ2ASAhFE1MR1iiWlbUVaWY1g/NNv8QnCsBDfE04NOyZhhogTmI13li/2e2d86L8MA7e7Y93+3SmmXYvd8SxnG7vbA+2bvYH7wziA7MYSdpeJFAOSvsAcgJwkASIYodmU8MkomoI6RBH8QLRbAXd57OwTD0euOjhWJyWcsTBe7uomB2TcEx6nyrKaKOfjMq4s/Vef2117cL5y2/84IZV3L1XWowt4KCMbOjFJQF2TuS7e9En2a9+5WvdXg4xY8u30D2TX73461nopBLydrc4caGz1BGXPl6HGuVkCBdZMdoALpOmriaOtF2zxGi+gmwmeDiZPepZAjxvpqLl4OEBZgmyxO9OxpkEMo4eWtOCfVjDKuOhoKLVlMYVNcjQUUrUuJ8arPGzPVfFR7WtBigbRFIb3eVsJ++AmU5eEBR52h6Pyn6037u1qaJAMJt+4/W3oKGtyEXzoG1p5mCE0jA25BoaebkBYb7fe0Mdh8wm8TTHqTS30m6+8cqg3y+6hcEwNUDzM6G8Mx5vl/2gR/IjM+AACIqxQZsplghs1LRmAhwYFNZg3g0CG7R4fg0sB+XAorVTlDRVqOpwaNMIm0IzHd+1/Hm1D4e5qq0WAPJUv/3n31ZVZT7YGBTdfDAYj0cGASIwRd5Vbc/v+lM6GPZtOu71epcuXumd+mJ/+EbeLoq0QDNBZX7VSw5v//CGYdBOe0YMdjd7xVqQ9trzxUzmfOSQfnbSrwC0Rnw9JUJD7H8ClW6eo82kDZtdtKPlDs0gW1VDiScmScwDSfPk6RMOycCP50OCOd+jqZjYtMw8IIFLgqUgqSARLAqEKl5Vs3YbtBZI0EMEgoSSwFwgp3Q+qBSLmiZQEZ9gO5atmp1jQUSlaalCfJPtz+8eD/WYMYubkv61117tdorup1eLk53x+wer5y9f+sLVt966xX2iFj1dZCshfyrnfmSr6TibBIFQM2FELKNFQWWYwACtVUzSPL30hUuDrcFwuMMPm8wJsYQnaLAJNdWWy2xinU7HJrGlAsfec3lrmULbuLVlZYwj417Mcj2YRBJ6HOLAMTQHl5g/la2d7/VOt8u9wc79waXPX8pOaJCUrbJ7qttrr0qSNmXp4xBWS3qs/cpf3+jf34p7QC233nqjtK0iS0NaNHm0sWy6pDP3M/+kuWizz13zo8d0KMw2IBBxIuDYpqwQ1Ftlo8k4ElaTZKzFKlhFYpZQExTKLAH6GYb1zIYMoOgMV5AGYBAAFBUHWwxcEqSCdkDSjLEQOKRLWb7SBpupNtLRtBmDIw6K0E4gzhPInIgwLIgkaEHixFgLCastoCUOdIJGwHBkRjMSFnb3B4PRXR5afiK/9uWXL166vN3fipGXvni5f78fR2YTQ6aXv/glydL+99ZZ0QD5EKwpxrzX9m1hTZrgQ2BRUIs0OIdDnMSVbvfZ1bXtO1t6PAVp7xtrgUf3TC/uGSs7dSJ4H8aDXasMAXGfw/tlOYlyDHmu5RiojZXYhKTBCffBQ2imUOappkt+eM82vtePlOwppE9jtDc8sG3Ww+0HG52T7dHoNdSHQXMBTMiagwebWw/6l3uX1t++5Sn99+7GahwtehdlgVYZa956+3qxclbm6eyTXP0nj6ba55M/ldmFZU3vPEEv3irbej+yMqthRCRtAgmyUqRmbCbrypMG1DCHmu+4uQ2xmbIgIkmKZeWicjljCLpAeFA8VLAkSGGLgYlILZqETnvFaKwMIqdUO8cCHKWGCDTxwSEIMgGEQml5iZU1m/s194eHBPEQSE1pXBHQENEJKDC2wfXXX/lf/8f/4bW/fC2W5dY7G5e+cG3j+5twhxs/3Ow9dy5/ur073OaB0QFVLEcjq6FTYGJCxUmBI0e0CXQFbAEHQG0QtdpIquhoZ3Dl6jUKR+8OBZBFyZaV4EMz1JjWfAhbeSYM75mReCQ0oNLRXuQEZy92WNEvqO1HA2e6l8r0uAAMbWVtoiE/Kd3u2dIia5aTh2ghKPJ2li+3b/zolbsPttJg+dKqSoc1N3fWb37/tfU7tzbevlXuD/o/Hna7nY1bW5n4i5eKUblxa/OVm997be3FS3Ey6LTXrOK0Kn3DDfyZo8GsG9RxdlsCApS03TgdRhoh4kdV5pobAAAgAElEQVRm23vR5nVxtNn2aahETmq0h1KRNaVp0Dk/5zey6ZMuFGfWDKKiTFSdWBbkWMZTAU8JloTaEngKkKRYAkS4GGbEQYZwrIGn03RJsgQHNY1QFwQeDl7QTtBWTUFxknmmqqlI5hASpZshXV68Jtrkfd5ps7lME36vv/HdP/iffs8+APf5wouXvGYb31/ffbAtmonF4XC7f+9OvpLFaYyjUSvxsGhjk1rgxJyJMe5Ts5Q6ayjyEFZRnHSe62YLAcGyTnH7jddsbxRpRlrFC5+7tPtgHN83i1EWhPvWEokPYqqIlYg3SVQJs4ZHYZpKeR9CQqCLEivmx9NYM38qWzlWiCopNrGXv/Tr8cOHnFikxYco98u13gvlnvXvl5007XUuaJIJUBzrFUXxx//m2+UDG96L7baETggdtk/rjR/cyY7RDFvvbr/99jqAC6tXdsv+rc0bb91f37r7xtnirCY6Q6jrWWhrRCBNtnKUYg4mB+WkGfQRM4iR/RiNxgqRWhpkQr4PxijL0OPtuFdKLUKbg9Scp9ho+EOrUsMSgRdZCEyVTylOCI4LEkECiqAWiCBRJEFqsoYyBRk/PJQaLUE7EdawesbrCG7qQXU+TdDL0mcy7RyXTNhbSp9ZklwlT5AmIqBRROjrVtOC9U5QG+Z6vFdv3ui/3acRCXQBm99f//p//vX+e3f772ydPbc2HN3Njung7sA+MIHYBzGOTalWmyyJQKyeJQ+aywxHOWgGXJGlWWbZCdW0FXfK2HCsCF3SwXBAi/nJ1CbGSgTS8sxPp8Vanj8dwpLk7XDogv205CP4RDunwuBu2ZTErEGjLGv3M12alYm9/Pd/rXe6KJ5Lu8Uz1176T1c/tebB/uiuCIcPxtlSvr7Rx/G4drrbqtOb73y3rPja6zdu/tubv/mPfvPyL14eHW7FulRts85GVakKQzy72rn1Z4PBg+hP8tuv/u9b9zZvff8mvPW6Z8NSIZ+YITlmTukYnI4msZwwVhYrlGQQTIG7ZRxTYi3jCowwEo8ACqNJrlhooTRpUvImnDnonHi+UDy/aqKA6gJMiGMBbUEGiGJRZk3aJncXgfOACmGEUFB7BMnbKSpENMxoH9xUJaSJTx3ConZTWVnSjkqu6hWqIU28Jt4nPpMAEHVoCdQJHeDoATjulru31l//6pe/cvU/vHr9xndWV9diFX3G3ura1g+3funLV2U56zy9EmM5HA3VKyqAYBWFoIMkYtW8kVQDkYxknN2R7Y7yODCB7TKODCqsRGsKYJWwtvS4+jaLbqe1YFwAgZZI3I/qECewSRxvlyBIcgoq+L5JwIVrq4N7ZRrk2n9y9at/72uRJRjtMI4mLOOojP1u0e3/ZBj340r7VEh8t93rtnv94c4LXb353q3+3qav0/693fVbt67+4q+oZtTp+s6tXNN2u3Nt7TdG5Wjr+8M4bXef6e3ulzbhrb9+czQsyzKuFLlPEIK+tbVuC2VxrCdzKVmjA/GiqOHBMbkbGSseVBJrsqY6CU7f2isjw9i8RaKGUMimsgArw7KijFI30yAI51GRmAleF4pnVwkBRBYgSWAqOCEIagJJgJbMNEcGVILag4IKUok5kZNZutK2aIcVGw1rBq/Oq4M6zYOkgs6SdI5lqXpNvMLLPLNrkncP3xKAU6DVCBFptnHvtc2frL96+/qNv7y+XQ6GD0ZXv3T14ksXdyfD0Qejr//G70L5wnPd7/zpHxdn2gcPjAc0WnpaQBihRRsVhUJQjyvrudKHACFLKschTnkw47dbZVrRmg3alO3js701R6MStYCwA+BR9EhtYqc+k3W7Ie7RSM0VhNUSTqhfQX48H9wtszPaKTo333htNNnJjnPwk8ELz3VRYxQP4qT8tc+/fPmzV2URvaK4/NlfyY/n3d5q5rPe00VYkN7py72nz13+/JXec0V+Mtsut8r93a2/GfgFs6rc+P6G2fTXv/yba89d3im3gLi7x7hvYUkkb3kBEK9+/usvPHVJ5tmzAE0VRmBaWyTKaLGaxhqe1pDwjeye0PgolIa4T9YetW8kZ03eYwaWUUBWkMrmPfxZs+zjNmTwUEEqCBQnzWUVE0SBiVYmhLDFSuBETmR6MuV+jPuko0+gTkLiG4psFiiSdlPpHNPU+TzRkKQNweUI5RQRTYS1kC1xmipAs3rwRv/bg8loq393VO5uvdX3KVc/e26w1x8+GA53RmEJ3/k3r2y/uxVLbn5/06Kxoi4pH5l6RS0IxCPoMowUiDT2Uc+sKF0WO7DsJMKy2oKAUaDmqG5GVzIjK8KYP932jt4h76CMgirGicQ9Uwm7I2MlWUf9knCv9EDvc/lbr/bFiVfp3xsM78fyfkQKyUL/3WFrIe7+1Fa7Rbb8zI316/nxcOPWN+/ura90emtPXY6MwtHFT/9mKs9qEvJjxXf+4g//5M0/2vibzVia0GdIy0PjfoSxf//uKJZp0gkh277TX/38mhSt3vOydqY9jrG1aGsrFxpk5gnlEAiwYjQcVJxpWxPmTuBoxM7YWMeRMVYQopEWEbRamt4tasrpDnAok/i4IpvLgz7qh5yfE+yBxYy1VxL7wL5hQqkaqZEXSDyWSpFxN7IkPFMVQryIOB8EqUPmVR07S1IsZQp4ETghSdeggQoADqExaKE6Iccb969vDddv3r31sKYEcLEV0ky0hUcs98ZlWe6+N15/Yz1bDiKiZ1IuWp6reLAylGBFLAum0JOwGmku2SLKkrqkTT9SAYqAzLspm811PgT2jY97QFCnoqLLQtAvAU6lFk/GvyUoNMSx2a6hFjyKcWKk2oHpkhyKjrajLODcZy7Yg12bxM6LhQoxQa+7cuFTa4O9YadTXPrU1ZYLEBEJh4fmHc6dujTYW3/21JVsSY3MEi0P7ZVXr5sxwI9H0zgZWRV3d2KeZprI4YSd/IXNjc1nV4uzn+n1R3e9ShDrHEuLkHdWLojMLu9ckgbSYoVY24jTZijoqUTyNKOjVRyYjSawGofUGYutKcRaDfcPqEmaTKakSeOEZtVZ0y8jml7YrLNlhjiDIxtMFKVpfEyabg6Nhq0xgN5ab+35vNdpG+zG1sAwPRrnONtNgs2+AjYfMPi4B3Q0uns2ZZgAbHNw20xzzcdxgANYtLbqYHswGI4b8LcBlwflwEbWIFswzPbsIXAwUxrZrkHUMmvn7XI821Juxu829NdL1YZjq1DV+BjwtUaa07xC1NDGIJYYKwSzBtuR8OgAGtQOAOhgaCFVCGyMt95+y3Yt77bL7cGpriINb7zRb7eHRa9djjfzT1+5+ca3i07brG0s+8MbqmHt+V8fjPq3t24EtEFMCRistEGcE6VTA9BfH2iuZv23frh57cu/9vV/9PXBqN8frau0BxEDK423Iafy9rm1lYtHzUebT+kHVYkxpgEweTx2UzGb1YyjIdcC5eNpeSB0NG3mHR7tAQeZXfaF4swq2ch/RFpeHMTAWhqwCSPCIBObwQ9O4DycSE1Ce92893x+/db2xoPh1U918yz09w9RIyTwXlJBnqZZ4p/kTz05AXKm0HYiNYKoF78bd/qj/nCvLNr58EGEycHowGtrd3SAfQsrYu+TRlkganICTKGL4IE1pDUCkoguwwCpxSqjV4BpSPOTedyPzU0jCWRZbUJxigpmJk+OiBPAGI0iEC8kRVJOOJt2MksF1Jr/TqZkRCAnRIRVZGRxsqBn91zBqqXC7GSGSat8MKUc2ofT9tOdhw93bv7o+u7+9u5eP7L8wXs3hw8GneWz8XCqPvvBW/23hxusH7KG7Ev8IALCEVgh76UUZidSVgxP88ZfvDKsNgYPYqbpxd650jiKRvIgbr5w+pK4WXeWbBwtjFZyagbWdggpq3gwsVjBSKthtcSKrGa/hLoJaI1ok+II8AkuUaMNigAWijOrUs1+CzXQIuqWGGRCiZSJSIXHrXmXwWnjJCl67cvn1t/ZjUZ6tFzrSre9OYri4GsIJAR0EvgkiEMuajWVOKKah7lh+RkqT0CtHm8+eNtLORiVuz+hlQe2j067ky1lo/ulPaBNARHsWzTK8RR7kRTj41EmQrISXQRLa+K61NIpst3tgTiVmuYgtaJGuixchE1ME9WTaePATcB6dpuRgDFOCFr+tNi+GWZ5lbiZ4l0zZEHsA6LWLFNWEJXf/a/+uWS8sHqJ+7Bo5Lj7dBfaunyxy7pT7g+23ruVH9MswXCfG3+ze+7pLO779vFs88cb1//qlcx3VLKN25uM5JgN4F70umdfujC4u4mllPtmP7XBj+JoZzTYiXFi5eRwt+r/0tqV7Xvxjb++nbY6l9euiihmu1FJrFlWGE8OoiHWRgDNOBCDCGJFq1FWNM5AATHPepZWE1CIsSUVWIs0qvMjPpqbT7+Z+SwapobpFGaIjYTUHjf2jgSsTVKsoei05wJRTG1qCE0bz6ANRF6yqbmaefX6mMzws5iqKMRu76wbp6fSnpkGwbUvX+t9pleWZVEUUCBViLU7mveKZn8xA6w5T3n8mqpq4/nLGixaf2sAg9GKtTWgGYg2e6aq5kVhU/tY//JxxFUt1oop598TQKEd1RztXPNUp7C809Ycg0EJWJ7lf/bnfzQYlMWp3trFK6FdFN1z/cGwLMfttJ23ra3lYGQ3Xh3cfrtcO9XuFbmZTokbGzf6O5sWcfP1m/3NfhNMbd4lHQwGt1+9GUSttOLTBQwaoLkCOHe+aOdaRvS3bxcrpxShONXGzIBsChvP267NxDSjmsGgl57vqeraqSIPDYtD0Xz86Lrozy7WRxdxoTizigZTmVE+FDXgPdD4jNk4CojCAeLhCCcmKku48vlzG+8NrBZ4eeGpTD02R2ORFlQ8DE60JbkKHINkHpI5CYm08MScEWBKeIdptXvrzis74/6F5y5vj3Z2hqO153rXLr78wukXdEkGg8HZz57dfWeABfCAWAQrYIIjOrA4neH6qnIyY1k2ZfzVf/hy+1he7u1aTVXEGNMstYowMFojR8xPZ/EgYkIsqRyNhAMoSE+2L33+crfXHd0prSxnSviTEBVWlERaws6Z1PYtezbHISWTGO2Qh7/1X/xTXe6c661u39967d+9eViRhq04Qoubd3YACLx4kHF3/4BoGW13VO70xwclUWE0HGEMITnf8qsRI+IROEU4zk4375zN865/Ya0QJ2efWX35F6/ly73uyRc8MiMvvXiFlClnkJjVYI1oHButgn0o9ohC5iqE39iNzaairBo6G60hddTCFmGCqtHemzbBygmOgtrHbUgwy1gW/GyXp3o2eROSQbxBRaQZhk+Hcy92gmv1RwaPq2eLN++V48p7AE4yEQVaLUqCXDIRZE2510xomAs2GglmnIxv7bxyffN6Wdk0Drf3B3Ry5fnL5aTMfdbfG8RR+aWrX9na7cf7JSrIosRJbES+zf1g85ErrGj7kYAkqidzXfHDvUFY8FyI2lF5BBszDzlqY0XxwglG90cS2fA2Z9C2gwCsAEPR7Vz8/LXtO1vlaMRmAPlJDaqo1Q5oD9GqBQmlRjgmrYmEtqxdvHDzL2+u/7tXtkeDCENkccojbZ3/bHswLMv3p/lJX3TUO6aqrTqsPdPb6sfyQUyPdeJetNJU0OkW8dDS42mnW3gfWJZmREUss/NsbpwO3iqDhs5JXP6F1Uur18pJvPaZr3SfeunCixfy5Txf6o7Z9LfQcBLH0UqbxhqRNl0Q/yH5iOdWulvleGMPrGUGCTWTG4hZk4REBTTZQt2aK9rmBvQJNlSjcTNY8HCCWp8gtnk4iKZ2Ip3JixzKyGufP5cfw+pT2XCfm6NdAVrOA4RIEHgPqSXXkIqERAAYMcMcmrhWkzVEwuv/L2lvHCPHed0J/rr4qvlqWEVWkdPklMSWWJSGco88dGYUTcLxiV6NzhJMrWNEuli3cQ7Zg3OJ75zbHLA+HHCXA/LH3QF72P3jDgiw+cMBjEMWOC8sIFlYxsm39EWMqY3ocBKPlq14GDWjGavanDbr88znqafmY+n++Kp6mrKUHG4Lg1Fr2N1V9X2vvu+93/u939t81eyPlk6ufOrxz+2YvWcef2bhwXm07vVOd19/+4q5O7r8F68HgDU2y7KX/vN/nBwJwzAc3h7Gx2IlUJuoImLSRkN5/onFe2O7M8ztyMhPhU8RPJgd0coqQF2OonSUj5w113SXSsMwhoi6nF0FPhqurF7c2OjL2JjhiNqcPT5vxVhr7U+EPMUdFRG0yIxU91WF7L6o7tBMy9wukjhZml+x92SnNcrf2jEjyX9g5Y7qfmBlzxrd3m4N39lLTyWbNwZQ3+4WqtCK9KdqSys7whGnD6Sb/U1ipkqd9JDuaXCcktlo8FYBTxHQaHTz+U9+SRVEIVWIZtJSRVWlgo4hFdxOrZ6vY7WqPhSHIO+BjgTf+VvjPG6tnA3VA0hjtRWgisOog4k656qkjmGhgA/Pr22IPK5RKecyH47qJ7zO90YIWcJQ4wQPRhi3UCkoMPvoD7bs+9i8I1tWGIQKvuerByJqVWBCcIiYg4jVOdpa898aK1YoICrynu09vHxx/nm7n688srpwcpln2Oxvvj54rf/OINFYK+WIn3nymazXS+NUx5CxDt7elH2hqqb2qYO/PMDDaGRURK2FVfEUu6q7SgTqhGnGsit2p17JWPnZ/+SlncGmVZWxUFWbVOfhtDt/bvOdTfJkdMfKHSOkfqCjH2l4hJIO4V54fmm1+EkBVd0TrUgjZYgo/BklTtJOeq8to53h8Aebvsc7m9I5lQRHURj1OQiP+uzBWr3x/a2Fx1dWLzybPXj2maeezx7Otod9+bHSCZr/OTJ3hjhCUQfGaO/xnh9E/nE7//D8xU89GwWJ6Gh58dn+zeF8N4uOZ4Raf8jRhlwmW4FirFYg49JWYBA81fe4UN0c2b2akS22AhS+Rwp1BRHkYf5spzsXSQmxMuEP1TaEAw2rebhwqXK9FwiHA3gEYrQZnoJZHujauYSSBAGhAPadAQJtEoWxgha43XBZoL7nA0oetQDfp5QReL5W6nsoK61Lfzz44NItA5WmcdY52v2T17/6x997deXxiyM72rh1uf+j1974wc306Gx3Ltt5z6SzKWk03B5c/fNXqaXqU7Fv0VJUQFuIWMdSR5duO1fCCQKU9iHEYUJ0jOwPJbgHuyN8mGCVKoDU2JHdFaqcIHUNzUXHoq2/HdiR2b61rcaIK6UwQqpqFe9T0Ka1X37x5lub9kcjVGCPdIzowdDuahRGWa/70q98uZTiyp+9Co/i42jdI21rOIfOgwHG0Kok9tX6ydH03MPn8u2t6Hj07CfX0rTz/b9Zv3dYgpBUJVtMzG2J46T7cDTfy7SSne0hhwkOmZULq8uLyw89nD37xC+lJ+dpqpbe2ZBjfVAFH2THulcpeYFCdUx7jZ05wQZbqY6bcpGxS6b66VF/5/bOrW2bPhCJT9ZaUkVFClfx7ADr8lB2el6dDdWsRYLvHxByiWQmkLkOjwoYi12FCDwV8rWpC4MHPeQCbFcsBoXfcoWqHgjKh8Ee7lW+UbVjJah6RBUcTdFVmW29u/nP/uXvbny/v/OuXX1izSfOzeCN729Q1U3CznLv4vkHF1YfX33uk2uLvUVhPf/E6vWN9WG/L2PtZKG5I+SRqrLH6im3QW0GCd4nHFIQ676wkozEpdb5GOCpul4cFYy1biWfkGwUsLvWlZm6TcT5SQcet6gI1v/iqpgR2g530qQTwkNClA9tyPHiYysL87189JZYi7aKoHjXtMA0VqiaOwhDn2NcfHItPTmfznU2R5tW7g3e3Xrt/35VlaLjyN+xdDyqWYWVbQWknjyQBX6AnZ+MhmawI31VGwQt8ijwokaMAb6LClz9YZ330Fal4hzQUmrGd4U9hSgUSqjRfLcCEWCktGOFwvxIwoTCY6EY457SA4a16qHOmXmp4Kh95EGI6JBT56z5hFT5EjJ5EdrATIA4womEINRYHohRubS50vtKIaVx5DC/7GgIkP++tAhcQT31Kx8AQbUiQH1PXZXu//y//97g+1trn/7ci09/vpcthDP++t+8buzec08+d+mJF7pxRyo5d/I8e2HEycLD57//Nxvrb17VFvC+iAdqESKQk2GeAR9hK9KoMDMMtK1SKbXZIR58mM1PHGIGAdhjhaYPZoRA9u1E/c0V2Tg+04GsIDXZt7GSknhKR5AupVFC3cdS0D066qePJUmSvPzHX7t67TtmNDLDEgzSwK+i0lo/JHsnKEc6fNdGMXqPL+tY/RnNHnzolT/9xrW3rlkj+iO1Q4Wq/Mj6Ic+dDpJOAE/0EG1v7mWPnN24nufvjIIosJ5BNQoOdajNvleHLlrBPZ+uxgHAvYq0allVu19DjqqwcILDQEVaiQMYfSJVkkp5rBi7AEhkV5JTCSWhGIOxUNVQiDx/wuS9n92tTfRPADGPjMyCOwm7dmMCKRt3+/5PyR4ASAhmThm5lUnTWrDEYFBZKhIKmJuSJGKoZN0062TPf/oLMcduQc63i9LK0pkLg+3++tbltcUXD05HSJK4MIWIZB/v5bdysEghcLR/YVGwTtrFCQgcMQNSNnpnhbBCiJkZ1ohK2k2/+F9/ubTyL/6X373/ru5TgnOtSuokAEFUmDmJubhZCFBsD0SEZzkYwsQCyODNQTKbZqcXcjsoTA4BKM6yBckx92R2+dvfhASvfOuVJOViR0SL/KZxuJWQQMGdOJ2DsWIMEARSlrAlVAZbeRJLYbjYAwtEuRAph4OF0wEQT67WNTUvqblafLCoCEDQtOsDwK4RsUt/NWVAcchpnHDIoiiHJVMg91vLofSh+ZqcRgRlcoF9s5cJgdqBtkFpiko0h46s7gtAaAMe4zDhEHAIGLuTqlYIIn/2KFmBrUB1PYqiRS0oeUQeWp4PAnsUtZkAGeu5x1aiE53ObFp3oyFa7a2kaXb2+Nn4ZHf+1GJ6tIuKXcQE6Bvrr1373rVkhsG+uWNsLkQsY+EKUqkrq9OKQU2UoUSHWUWIePHJlX/8m79z+U9fBXQ+63U66cgMrbXf/+5r63/5xqRRIavr1gNqc5KGdFiSNJahlaoGHBXgNlCp7Isq8TFIIRiD7pIKZFc6J5P0TBSGsT8TRCHoqH/PI38Go5FNYt66vWPvDO0d8VmjE35yTMxYdQw10B0LKEh1F2aoOIRkLlJFcipKomDrB/ah2XPdLDvf6+FYcOkXXvrO965e/ovv9H9wJTrBcfhQQKwH0g5SO3kiRkqjsNBSITXzGPWa5EGh8KAqGJNfaTKDcyej7KEkiSMzxuBWMdy8Je/sqFooDtahAxsinWxe0zZEBGhLiWQm0FFJ2oKHSboDfs19xt2G5Q+GhygJwhlSdaVH7EO5Dd8nIvbJ+RwawGeigEgc0YCoc7SjytQEVkR07nimnvrKAUelR3Y3D+ADyh7/wdd+326PumfPy761gxGNgbFSm6FKTqtkBuQpeY63C6rU1V5xxOaHO5s3NnFY01Pp4hPL95j2SivWiiqsUOVcOqiHuMMcUafDStKZ64hY2a3Je+TA10Z7CZVSRHpX2Wcp5fwvLNo7Fu3IvLtjjTHDPDnZCqg07wo84uNK3CKSgKJPPf/c5tub+VvGQGZPRC2FGlVRVOAkVlEQummWxOng1qCbdWTHzs8vrP3DFzrHO2uffGnlscWgHVCA/r/vyy6Sk5pEs1HYBSY8/JoIZFXtWK2IS2jUIZvCWRgBqIhU05kwO0kLp3g2ZCu0dcdsvluM3jVaWBElB8Heb0OT7aEGuesNpoHYoQwGq2BYgFC3snM/PrvlcaqXMYMAH0w8HMncbCxWwFLWz4JLetepe0EpimKaDkD4kN7hrmWMAmrWN9ev/rvL2ZleYc3gVj99tBcw+q/nBwVXda9d13oW05qVztmMEwSMtc9+ITuTDW71v/GHXx0MBmk3hZaTSly4uipCnAAE2UOhEpzmJAPvcWkghTABASenGYSiL5zEsmfEguPY5IYFg1uD0kqJwmyJq6ErUbrWjkkcxIThrXzuDHOW5KMbpQGIi1umHBViwSGwg+zJnhkZIVl+avnGWzfym/nCYi/fMr35OAjxR9/56vKZtCe9gekP8quD7SLL5gbrQ2jKnLlmMcF0RaxKiVLQsDOaGmI3Oq51VRajF8WCYLBX3NiRoUgpgC3FCsom6/JhB30gP8L+B98hOrEqdn4SE7JuLCoDM5lpZ1VTH1MYY9LZuHS8LnBRSm18rqGNS2xaiYkTZpmU0k19w5QlQYDL33slHwyuXrnKMYOSfDQYrEttx+5ttYwcGOCIpRQOYhFTGyixlJAd882v/5HIwaDkWzng1GSbYu2E45DBghxiBQqMwPNBSUH6McibACQ5jWIkySwLRHIBgQWmMACSLC6NCea4GBpMqpgLcR3JAy4GxvU3ghRFkMrCzwWDW8VyL+1vFCBIDjDn/cGkelWsSebiG9cGQYjXLZaWOCHudZdcU800yWJeNbbMZvtZt8eUuKGb9Jh2tiLatCGbnm5HYgGDYCwGQOAXuRHjyCdS1nybv/M4lD7Ua16TEKgCDk2SZeQ4W/CUXE8FD/D8Z39hvlWZZ5/ord8akdtBK4KPur2NRzoWrXwB7BhESh4CKDzWSt57n3qzkVUVgaqi8n1PqQ0d1wrLLt1S25inKro53NAKb/zVq6/+21fNtoUHFeocjYwRMfbiMxfzHxeulaUqUIFnwB3GGNGJjnq+o3zEzDoWGSsxn3/ifDEqMOGduZuvanZnmjLAsiN6D3ZfuAKIdQxrZOdduWdJCgsL2VVukd3VMCDsqzplCAAV1EKhwWGSPXLKaaggUBIQsbGC99X3IFb3hkpjBKmfnAj2FGEnGL4jsEAllISdTkfv6g7tUIXoJKVzafhwtLgYKUUILROtPnIxnV3OTp4/d2qxc+yh/HbhHw6Soxng/BtExNpWAnaQ+/QAACAASURBVEslkcfktYb7NQIpLjVUMSqQh8ADtWHGKhXOHgu3jOxZp9xQA8KqBOdouheVTqT1DqWPLaEiHCb4oArwG2ZSXXLayKR7AUHVY27r2i/2hvv+lR/k8EhdlO67jm4Kj7gNIHBZNh8KEHtouZStR6gw/KnYfXXy9oHn+222YxFHKvCIMNWewkP/5vVrf33t1T97+cqVK3rb6k+BMbCvWqoWRisg4NGPRqrKgLbBzEka2kLpSDLaKmTXAIiTOEgiGauqkurgnS0Zi07xXwEQMVUadmJ/Rn1PjZUaLHHAR0Ci0D2YXUtwujYASESSqCPWOipImsUUwVoJI7ZjcMKqCBPigLLHO3JPo4TJh/2J6j1KYhaj25t2z+jWLfEV5pYFgU5gfjF8T2TPaNCGr/jcp1+69OyLK08+88BxVpjnnnihE5z93JO/TpSQBx0TACJ0H1xOjndRQT1WJ9Ko2plhEUlnQqOatMNNM9KK9BCRT1opVUqN4BUBUmFnH/munT/Oo12RsSZHYd9rWETOhio0NtTg1Nlji/o+gADkozW1G3nUqKO7qlARBC5juvx42r+1Fc9Gw5F1qlDkEbXJdR4FAW0fbQDwPXbOKXnkytKIoIe4BZVKyaOk7adtAoVUqYCcP8uNVI2M7Vf++9+KjiRbxUB390Y/tOGDob6na09f2virvls5zJ0RV6SVErFCqU2ya2Ws2LV6sB2K7FqRRmTOHc065Mr2eCakI4wZGf1I6AhBicakUG6zVOqgIOwLgfkYwVMdu3UUVizVtiiqpCIk0DFBJDoBMUKHSEqRQxq0Of+RSR8OgwCyAw1UfiyqQEUYi3+Iiy1L7xPGYvZx7hOJrZTDYPZ0Z/nCyurS6vxchsNBHHV8kCrvmJ30eFcU5bihBFW1yL+7YAXYg0/hyEgwE27eNgFjYJQ8aVWqd4mg5DEdJoJqBVHsqYzGWgis1cXTYXo0Go3v2R+L48KicjoyAgV5KkrkKaryUHd+0enWHcj9VRMbQp0yczsMtQgQD9s/NOmD6eZ2boW0ArWV23WDDgBAgDaCOmhzERYAUsBvAxUI6h8GKkApmtGoHUx6UBBAbRAQEPke+sPr1zZet6NhfmNHfmQpYPKUxjy6Y+yu7aTdbjcb3RmqKitceyA4FayGRwbULRMAhEfjpJNYaz+wnZNzF8YChQpI1O4riUql7NpqQcNjTEeYAlYodWCNMrGqxkks++JS3KwkqjQGQjgYWG+reEClHLApJAqg75MdaxKzfU9t7moc4D4lInyMxZPu6Xg0UDDIE3iBWNl8t99/51p6Kk1nult39gY/3Fp5/Llvfffl89lqOZ6ScKi07h6k9UPCBHgwqlAMRbIwlOqeiKDi1mFEPrV8+JVoBR1jR2FEVeFX2FOM7tgtU4xGipZroEeqSlCMXe2sqmtHWKmzoaCJz7iJ8Bsu0aSWxwPUh0daqd3XrWFhtEUe0CLXcCPgwPd8n3zfkVwJNeYEELkwm1rOTDxOfVp6oCOVw2JavqdaEXvghm7tRPXs/ujK69/ceVdlT0mJD0N+KlTxaDQE1Bozuj1E/f7aA3BINHuQhtn47HO/lP8k132Zf6zXeai7dXPAM9xJOuRRcirRsTrtRwb4GKlAPGVAHL4QgY+R3VfsKgUwe7ZzKrR3NExI90UB2ZX0wVQd28RjgiJEOh+jdE8Nh5EqWMcgITkMPg4aQ/a1c4aDY0BACqKK4Ck86K6iYjNUVFBfzR2JjkbFbhHN6vInVrTFW2bztb949Z4Ei48sb76z0XmwC8+HMirXe1qpUqoO7l0UVrQcy2hfrMKK7NiSPGJC2KwXe++pUeyMIQr16oSPKnSstSymwwbGcHtf7SVX9RM7saEJ5XmqpgRodrHJalQLK7r0OFWQqkXEdLhuV+OTDwK364YvTmmf2ZHza9J9S8GeBofo7NHASstWflBBgYDIVZzVRlspPEo42XonH2z01WkhJlCruivalCsA4PaBT+N4fQSShlq0+tRq74mVa1deE9Xl/2j1+pWrSSdZe/Z5a4vtO6Pzn1j94m9+eXCrb+6YOmnYFgoYFVFFBE0fzmTXYpcA0gokhJbqXYmSEId4+YnV2Ycze3vL7AtcjncGEPaPqP2xwOM0S40VjJvlbozoCNsdq1Y784yYgpDsUJOMkxNJJ+3IPek+lqXd1D98z9wRBpmR6D4Cpq1bm9t3BmGY3np7tPYLaxv99eXFZ0MvqRNNdSqmpi18QMVBG518uw+f1PcC3/N9T2UMq7Bj3XGp8qrBqMeOMaKOQK010KeNqN7EH6ptyM1GeX9cPU0MlQnyff/BcBiMi1hdMCmNKjtNTKd5uwpURKUEjCK/K1eHeSFlQiW4BFDWkmcuEGVpEB3ZMaiLLsTRXoXACtYJoiU8AZnIFZCAmZ2OTqnl4OZ1KOIwvvzKK1lv4Vf/y3/aH9zIh3kcIN/ug7B6YS1NUyZwwBww7taXnKSpWJESAhEVBweYHYFy72PLAQXFdr721Cpz4q4HWtecFDlAzIEUoxx3wRGDgBQAEAIBgzi/KcW2MAJOwHEgVCZZnJxO8uEAIb74T76cnmFR4C6YwBwYK0xY/17/y//on2anl5cXL8zFKYfMBFAD9GithzEpnmFiZoBYAEHJDOYgJjChdMS0UkQBctg8AwxxqY+pGacmT/IRB00yvf//jz3IXQGYOSgVgZNhQ61P1ZiFsycOIFkSl3tSlMgiMAUTeMpdeozJBioicv3NfvM/rkv1R95LncsDRCVNUp5lEelv9M3IIHLIIQ+Gg8Fb/cHNQRKiFORbef976zf6fWeCZq/ude8UAR1udPD9BFfCxBGnnayYzY2R4Xae5znHsYhhZhGJIwScFEUBZjczAoPGjAoriJGcScBlNh9AYbaRv1XwLIpiGIecb0r/rcFXzVeL7VqqS/ZEtPzVf3Qp7axB0B+sLy2ucZjcd/N0/+/moRK3BKhAEVMdcQtQaGkExd16MB0aaSBy31IC4KA50Eeyquu4TAHPRWQKr6mA+cBGVqcgWk4HSV3GvvLhEdpARaqKQyDyfQK5ljBe4yNXICA7zgsJr5xKzp+Mtn9qtUJwmCJWIp89ABR4tSNfq7J7GAw3X/2/vsFHQhkLnyAR4QabVzjBYSjV+joK7SQdfV9V9fyT54kju2vwfnD20fncbGmlWqrek9FoBBXdA1pKAW++02+R7u2rjpUo1LGQR3yK9B4IdVzmXjimEQKlGd5++9bWD3PdtRt/fg3Qi8+sLf+DiwHs7Ak/OR7soKDDkDHQBie4+PQK2viNl74k94TDuNW+F8/yFz77G3Nxtn07F9uKZhEQhWHH2J2ow76Axi1jhQOiw0xHeOHJ7Jknfm2wtbk9fGvj5rXNd964+fZr3W4P3j27DwI3M6UKFWUnhFq6RNhYnAU4MRABZFyOBOJcaa8eTzuuy6NrhYJm+8NYnSJqwxmsX2ulVOfttYnLvCaqbzyJKTeo6R3RFJeh8XXg+W5440ilIj3kCoz8ljMjrdtrwuPlB0NjdWittrSwmv9UyUN0iDphwAp4HDgzr1zKrX79nSt/0v/LDftj5RlNUrJmOuJgF5GyB2IOZ0IESM+lwUwgpeSDwej2Dg7B/GS08+OcGaqABcYwd0ZoehKQT/JTsbdHURTJWJgip6GOscJSLZVUYdLMQAE6zDpW+am4jgXzj2VmVwbvDp7/7OfiI37UiekIrHdPACKik5Q90v3Si19ZeXL18puvFNUOBdTNOlHU+fzTv7V+4xodJTlseo8siBggluF7Av3ib33l2Wc/d+27r1uR86vnn33mWRV69bt/EhyJ5h/pXb/2/ffes+sbG3uVubn9BvnoHM8O3FloHSU4LxMNSasiUWVyPVx9VUWlrUMOtsCeNlxYpy/rQbVhFavWZFNnQPAnzaapaa54qJMt1vVmE0f1bolK0Wq6vzo59EYUHWhJnTd1MiCIT9BXfmX1+s1cFAQiT1X9FqAEEGmF+aNkxlqMYUEiSA6TVY0OM3uo9ba1BY9c5I8K4ozJ49kgGhXbO0XOJ2g0ErY8UWQmj1zQQDMxEyEIyMNoazS6bckHQEmajn5s0gc7zz/3/ObbAyJSUT7S1PdUgAfylSKQT/bHwm1OOp0ginRXRClMEowtZggJdFyTCdAGKXGE6EHGXWSPzX/xS7+TnOgYO+qcCLqne52TYfeBNE2zm+/2dQarn1h46HQWRkn/by+3gO7x1FTD7my6kq0k8ay1+dad7Zee+WJ6KuvESA4/8OXf/h9k3OIKy4+v7IghEh9YXXn22aeel33k7+7oGP0bm6rUW1ygauSjqzrK0nPssdu7RFigqFy7QYQMVNgbw7jok2hL9gLSZCaQMYr3RBW2alL3FZFH3Zi4rS1Ape7pWa9DY8VYoaWDp7n2qfcAHEofWUQF3NU6hJvA/y7j4RZJ97uWuGt6uHqEygeQJOH5+fS1GzkB8BwBwNcKNTWfcL4TyljvAUEFABbaIcSHyTlMCjjuLCp1Wu6urAKVJnGaxLz5g/UWCSmpbfbrCtSmkEMZy+ITy0ES2h/tiDUgCo+wtmn1kyujkZmfP3fxwtqTF1YvX3kVHjpBp9VuYQwK6PwTK9lj8wJj9oWIVW0UJXuFWLPTe2K59T5GOzthJ6SIyFPsw4mm0THiY4yxRnNRcjThmXD7b29FJ5KtdwZQjTvhM0+/tNfy/+Tb/ydF9zrHovMPzPey5ex4N0nSwc2N2bl05ZGLiU/MwcJDK3vl6Pz8yvkHzneOdkd7ecDh6uOrZtcu9M6Z3dHFJ9eGZpgc68jY73Tmtm6bJE6IgsXFBTqs5z+2srOr5x978tyDy3GYOCABqlrpbMgEuqcaEthjUTUiVsuQfFQaQEMOdnbL0RgOy3Y9y0WhlTBRQmLGCBktj3TfdZyuF6RmBaKpuEwAHEofnpeybnJA2pCRPaDycQiA84rUSW0CBNfyRxt2jqfRiU6vG167ORKCq4IiT+G5IiENZ2g+4YVOtGdFIU4YPzoMblNECFwnBk/VU6l88sivlxm47+kknTeuXQ3jh4wpdF+06VMRhp3kwY6orqxcjE4lW+9udx/utqLAP9qSO3br9s4XX/oCfA1m/D/8P76mkMALdnZ2xIhV2+utdh9J+2/1sY/OXMfesfo+sjPZr/3mb/Xf7Ou+/vqvv9TN4s3tfsBkjSYdVpds9hGEdP7j8xDVSrrd7q//2pc3b2xsvb0lY9s5FW7e6n/93/wBtaVzjFc/vvrsL3yuM5Nu7W5aa4KZUKHWDBYe+1SHk06cdk9mCaeiNg5DRUR+RAiMyW1p+1vrURDlw3z+zHz34fnv/Okr6ck0fTi79c5G53i08fYbzK2FR5aWHl3pHO34Hjk6PVQ7cex7JJUWY3sPpFDXEzgmn9qsqjr2t8al3YfeFXXwdAUow1OpmSAY7UPHwky13rkLi6qJDU1ie3EqM4fS0xmNlSZy6A4udm6QW4oOfGqHPfruL1Svn+icCNI0utYf4jCRR0wByIergCbETNFhnD8ZdJMk8RH6FB2qy29BiBhEATz3TT5Ug9oKAYccjvXlb3z9d/7J7yVxZ/OtPgBS1Qovfv6l8FTn0qefazFd++5rIkV0NCqGO9ZYENIHuqv/4Nn+X/Uvv/aqjgUC3dcoIBxSVBQdC0ejrdBjVDBDY3csKty7e2/1k2vz82eXl5YvXLg4/9jKzcF1MUbHqp5SS1QoOsJrzz0fHSErmqadS09//vXvfpsYcRL67Jt7dmPzGid48T/+1fR4svLYWsSzCn3rb67ESbpzZ9NYw6zcCjqzWcSpc5m4TSKSHO0kcfL1b33Nju3Z7tnrN74fHfPXPvnSQtbDTFTcGZ6b7w13drLuQmFHVkdWdPGR5bOz3XCG4anvARWI1AcGd2wxthDWSmSsdqxJm21FOhZmNqIuC+wKCzhgHavrNpS2KXA9GCrImFBJy4OIqhLG+mE25Mql9VD2wLyOUafGqsaVnrT2OFTvMhPVXwBAq44XAYCyNOLjSf/mCCA6RMoahb7frkPNkClsky3FivpekIR+djTphtFoXwgIvIA9EPlU+QRkszG3NT3KI6vkMTwVVXi08sR5FeUk2Lo9sPvimB79Nzee/8yL53rzr/7bV7Qyo9tGK5JSf+kfvtgCdt7NrVgVMXeECPJTBCcC99l7791Lj2cbf7U+vDO0+5aIkiQB83x29vUrVwtTWLuzcePaaDSgdtQat2RXgpkwOUGzDyS/89u/F0bpzu2NqA2Fyv5efnt79ON8T4yxNj0RfuGzX+w9sHx+fq1zfJ4p8BHMnuq+Z23n1Hx4KDr3yFp6dD49Oj/RsRDRQmzSjrnNvh8UZmflExfDJAFwbm7ebVDD21u9+fPRscSKPZfO+9pa+9QL6Uy35REq4jYBFHgacLhlrFZQJanEVpAx1LW1r0SqEtoCwY7VjqWsoBV/Lks2rUolvodZBrWJPVKoFWhFpapapbG4ZNmH2xD0UKeuDUI959WBQv6BV+SCskqnzMh33VwVlHY7Ad/bvGXRJvIJbQQzPs+wjtWVw7YqNWO9tS+51UJE7upDRwPmlhVtkQ+vpMoHIZuJAZExiEIropUSQG2af+QsVdzpJF//46+O/mZEY8p686ufeva3v/Q757J5qeTJpeXhD80Ln/2lmz94KzqGl37516/+P5dv3bzJHpmRWX16RccaHPFdoBEciy49/wIl/uZmn5TqyszDiGYCM9xa+sTy8J2bC4vns4ezMOykJ7pbtwbRUT8+6acno4VHsuXFZ3eGGyDVMfr/fmM4HMm+KXc1mOHs4c6Lz33h3OnF7ux8XYHpEbV5e7TdPdnNb69HoT9/ciU9mh7kfQEiuqdW1KKi7lz33CMLBMqNscUoe3AR0KGxnbSbcBi1WcSqZ3FIO8fPRW0uCQKNiLQWDlSjpNrUl02Ca5cuJV8qFLYcKcqKUFF0WHonI/tey4yFKhhFIWJVa8iugrF7GENqTwiiB/D0gQ1po5MvuI+KJgSekECmD22CM0KjJ4SAYGxNmeM4CELmGqdmYwFFro5hyI56FihyK2kM4UBQijYnIrf3uWYRB2fsb9745rdeSSIevDUQkaybrX760tLSajqXAshm0zROL1wYvPyv/6iU4iv/7e+KmOUnl/M8j5P0xV/+QmHzbC4zRpjxyre+EccxAFMMasacgCOH7aI3v5DMJktLS7BFf9RPOANLEjMT4jhO04Rjzof9dC4bbF6PwySOcnEa+IRsvre0tOBwzqEdxhwDcJbUm+sJJDu9KnbAxB8Gkpb5aJidWQLqpNDyo0s405tMS759I/346o3twfrGOqhM44CZywk6D3cNLEDMMnSQ4NRkwpVLW5QK4yB1HGhBGSlwAEuzKIyRZgYDmTDQXAMWTL0XDBSYxqcdKa7+x59hM0JlugUJaym1BpKAUEqdHhEpRUvmIAGYeS500h8AIWWUikIAlbkQPUriOeSWjUuVKIyYuTgWEWbmGuZmqMSdNCDIXSN7wsxrv/zC6oXVuTidGj4kodNf4nw7Z0Ze5MxY+Hh2/c2rUAmYb2z0gzjhMGDmwuaD4Y1klstckk5aaJGEYMagf7XYyQMgubC69uQLyWw2eGvdbA+KvTxN0v56P445oKscIp1LRAoTBkVRBH7CKS8tLg93+sPiRp6kSZgwx+nsMrQsVdLZHgQJJxxmP9PGBSDEYRaH2X1zPmUccRyns2sMZHOpyQeizMF9X3KQaZD6gwEA4rqdhNYy5aWiaXfvguH6RVHWYyiTFIeKETAhibkAMJSPTA40Z/6ZP1B9GXCFQ5PcmYJJRLlOYtQW6gTCyvrKrCBkaK0YJk2fB1FkHb6xU+uRJZzkRrK5uYRNAC4VolIISiMJIQHAnDAXIgLO4iROkqvXvsmE1acvXfr0i5O0xsFAd2IASZisPXWJGSLyyrdf4YCz073BZj/fM+npdHBzIBYgCSiQEXofX+YzGGwXC2HMAJPhMIZKvp3nJh/cHGQf71399jeYA7NtxMLNRD4cxGEBCgLimJHN91Y//cV8OMwe7RWjbL3/jXynL2UcR2kaZwAnobsb5MM8nZv7kBnQj3hdH5I0GYxAmYO0dyZj5kABQgnAyZgSjLjZEQD5oJ9v3wCQZsv9wXVoMLd4QQozeOsyx6mYInl0Nb95lWezq1s5kMSzvaFOXwNDpbAAFQEHmGMZSn2i6StDvTIdaDbAZe0dDlTTYVGnghv70grwSKvGYfJ8VJQ9ftbs2tFI4JEGRG0i0ij0ARYV149MCHMRlk900oi6R/jWj61twe6/Z/Y1mqGI4Lcp8MhXECGaCSMiJrnnurt5vPDYwutXXu08mL30n/7G2QdSd0Gq8L26xE5Er/751ZWllaWlRQCj24NumkVHo87JlINw+E5/546hmdDuWpphkHRnO/MPzw/fGVx8arXT6ZzLeukjvYtrz5vb+fa7wz1r8+189ZOr8x9fGW5vjW5bjC0BWlHQVjoMHetwKN0HzsfH0zDNzNZmdIS1orR7PjnSGZotlRG1Wp3Z88yzZtSPj6bBTIq/+9Cp/3oNj3TSeQIgos5skrTDVqOLqgAq+JUS8c6u+MTBDDDWzb/82sXeH5phf/PP//BC79q5+LU3/mz9Ie9rS7PXzNuvfe4XNl77fvTCua9tvv7y6vy10Y2ro/h5JSoVNcBdQWVPx76Iyr6lNrksfK2TX6mr/dUGJWp4Q/V6+AG/yP3xA/1pGsbT9NpYPxDCJYQAYhHU4n7MAGKgv4MhFwwBcRowgELKgIKY2IgAiMkpNyK3hjFZ7Q6sfmlxYfljPddbyK2BJepkap4P1p5ay870wIkZ5gD3++sgZPOZeWuwtLR6+corAWFuNs5OJ8YWAhn0cwgGG1eXn1wTwlya5YNBMpvGswO2IlZe+Tcvp0lc7uTM4jL/AslvSTESDuNscRkUJ92FAEmWLeXDQe/jy0yxxFkcZ4PtV5hjkRyEeLaHg83io49mJLnZniYzMe2AoHZ95H5nCEwoRBJGGsYBASqDIS5d4lc2vgzkz3/8X3HCl/N/Xswa4H8CABgIJwlwkORG3aVaxWVbWSEKM3LZ36nTTf3GgWaDOxwkDWo0rFB79dN3WefRDpaibi+zY4xu7yj56hH5VKtPQH3yiVwRfn3GoE1MSA5T2Aa8wKfS7N6zquppCxSiFqUVramx9YkJHEYrn1gLw8QnctRMJx0MoFXp9TfX7b4899znIiazO/yDr/4L3ZWzD88vP7Gadc/237wuIlTp2QdS39MoCuYf6zx0LJ1/fIWPdZKjSf/Pr2z+9UaUxHPHE/tTi0qozRhbu2uIlNvERCB1qFXvkcVf+9L/eP4TF+MkGvx1H3d3Ngc3oygc3R4kc1147Fd+dnatVRFzxO3ZScZ70gLh7zn0IG5p/gCoHDDcXRZrUvajiJjuOU1FEd9Dfuu10Z1Nir+I/Q1Ut7rh9ta7kqYyuJnL6PV0diTD0fJj8vo19P9anv+Uvbb7bEmRWwXcl9ciMgqtlMagsWolGNeZVx3XDEaXXa1tSKjhAYLgqQB0yJ8UoX2IDTn5GY/g+Z1OvHB+XluBuWMUSgQ6xOra2nu+VkoVESmT1kSzCtFhSiiIqCQE3IZ6pVaq2hKP7gHsuWy/MjnxfIHHvYd7yfEk8IBKy0a0Sj110Pa5R3rnH19mD7Jv/rd/+c/sHdOZ6648cTHrZunp+SSJ1tdfyx7JPv/539p5t7/y8aVOd5nDBFVwb6wg0GH/bDf7fn89aIE8JEniBy3f8wOGD+q0yfcoaFMAOvfY/MXPfsGfSUImn5MwYmOGy0sXAw5V7yVxCo/IAxOFMwm3Q20w99oa/l4bmtrR6hKXup6woVHUjLODLhzwGsEXcfJuOriVD02w/PR/M7g9DxkY7ehD/93GO/Oz7cF7Xm/zzloS71y9tSInVrpdvPbu83p6pQasPcckrkFIZ0MoRVy+rKqTZVAhFdGmr97SL15yxC53cKM6KK7h5n0RfpOwnLxwbTqZEcaiAAVggBkRc+jYT0FAJShwpLCEwYSYkAQcExJGzEFAKBSQUihggIkDAjMmdWfF/aLErj68XsxrpiSCmiopIFz/y6svf/2rEPzz//WrNXvN5H/0r3//i//ZVwAe3Loue6YwBRRmNCylzD6WDbeHc6eXgoTLwiQRx7OpkaJ/5ZVSJGCGCKTeN5effiGdy3g2reNH5sHNdWYOOGHmfNjPziy57ftDj4/azj64002Tump2njQ+RF1KCsikTj4hiKJwQgBNn7xSYNTJCkAUpZaiEBEBM4GBwZ5IQ/2b1JG690BR1uw7wV0RAVQgRc1eUGEVUbC6UXFQgTvxFJWJXVGiC75+1pLuGxdha8DxQXPWuxCRpu1r0BQ3StkUuTIQ0IE8MpOYAzKalMoQGJIJCoUpBGtSMeekJgJygqEHxr3282sBkJ3O8tGgv7G++tSl6+uXe6cz0XJuNmYKkASwRa+3/K/+8PeZymGI3uJaejq70X/dDAdmBPSvgsAxMzGscBhDEAPJbNb7ubV6fBpDyR5dMqNhHDMozs4cqEJ/lK1MrOTvDpjde+pzEQRNF8Qa2kET89YI3IGfChHHC60NqBQNHGtRtK5zdSbrGKfNjtj4YfVPWZPX6so9mRp4F46V3EzLh93x1Fb8YT72z4yLcwBrOmVw4F0pgLLUIIAwc8pcy1MCBpI0EttlYyUM1CKQcKxWGCt1f1qAqW4xCWImAcVcv/6QS7rw86sAhqN87dMviAoTlp+6FM+mxhqzM+g9ubb0sSUQLnx6TUy+fOFSKQAFaZql3Z77QhFhxqB/HSQBu2eA4+7CRwwBXE33h8A/H3XQ3zmwB0AuBOKe8MlRGPPKt77Z6y0MBoPB5mD5woXek8s121BlfaNfmtxY6T211l+/Wozy7KlLNaG5RP7vXomZESc8v1RT3FGzQ0VrMAn4AB1WI5meRAAAIABJREFUDtjS2oRfU0dr6RfXGsue7uTq5pLrpcVHgxg1N9NMZ73MUL39gRgMcIKQOQJCTihgRjzLCxHHBFOiUCQB5tgx6BsgSgEqGQFzw0dz/F5iF8olfPDofzgvs7m3g8rwqW7ImNpfPjh5xJOP3782yPqVlwFw4E7KyVwvnutNv+PvupL/EHqxO73e/7q5wsvffjlmvvydy2tPr/Xf7DsOrtvvihK9+Uxscfk7l5efXM238tUneze2jRQFR4HcLdcurF29ctmIybq9wVaeZWmh0j+95hYhEREtoSilzohK6fjyJWooWFgFytBiYn//ITf6EQ+SW0UFAmagZDAjOXhM6zxGTbJ2vRl0CtiEMHFMHFC9zHATfDIdGEpzrgZCPcBYm/J7lebvrpZ+aj4w9aDXu3ZtSTw1cyLCfkNxDwFMOvc2F3P/lRx8+X0r8X3nun/UJv7lhx/Tp6hXR1eJoDK4ma8+uTq4NRCRwWBw6TOX1q9dnUuzuUdTY8xgo//iL784uHljaTErrGRz8RACLRfms8F2P0iChdML3/jW5UufviCCVNE3AwmzybNX/uzT+NEH68Ed1LvW1CJUv0MIPGntMB1xHmx0zWeb6n9uPC/sQRSFc3gJMcHVHriSDEbAjITYJdeSxmjqb/jZQT+YmwYGx4H1iDpzLIEGtqepzRHSmNcUujFZe+jAkiazBQW4sRt3PRTUn5yeeHcx9VL/QUty+4UArsM1ppe6n73Bv28rZIIZmcGt/NJnLl19/aoZmezRbG5uLh/lc1k2HA4vPb3W3+xnT68Nhnk8l/W3BkmSAshLpJ3sxq0hwlgEg/Ubq09fuLwxSDgREfQOMi3QoHZ9Dp66sgavp1yuetgVmNrL4HYu4OC5n2xwU/nXib8yvZcBxHV9ITM44IiDMI5DcJgkIachxxFSDuKQncXU5uJOph98UqeOg7VkcsXudT1JWt+tTO6qBsomg87MdQWmTJ1oEn5OnZdB0/cOsZIP1yGNISqS2ZTjOZ6knKYLJw7spgleJkezfLrHmkOGgikQ+nDr4Q+xpL9nxfrg0Tjs7kkoVERgxBQCo2UhMCquGYKBlC4xpSIC0bKuDXIbmYqUbiMD1I26sDhvvaxnxK1DzXoyta4o3/+UHHQDqvNfxBwGCJkBhPHyYtY7k6VpkDLHxGAwIah3h0mA9hE3TAdP9s8snlLbx2RotGQKXNRwMH/3I+n1k+BmgoN6eZ3qdtPcLFwYPG2jQi4tyM3AxGAJuH4bc+PCT9aemkbVVNU04iwihokHwzwOkySOm41VQCxy4KU5J6Z/cwAFh5ydWQAgJAdmpBCRwXDQe7RnhgWAubnUGNO/OXC+wdLPLU2P13B7WEqZPZpNgtzBrUHvYz0AonW2zvnOg5uDghicrm9c527W33JCf0DT0X4SAE7ABTidfBQf2BkmaM+HHh8aljHi+NJn1taWMo6TAGBCGvJkfH/mAz/7DdOrC0TlwCvTg6e2iUru81EAiJRMkzmr9zKerIuYrC5BbQq1sBDXAln13uQsrx7TqausIxQXJQTMmN7LgAbMbXZGndRklQenBphjAP3+IB+9np3J4jg2I5N25/KtIROEEIexsYaJ0058+TtXL/z86jdefnnt6aFb0DhmV1XCruoScZFfHQ7zUpHOJoPtXMTkW3lvcUlEmFDslevfW0/nUg5ZrPQ3+0ycZpkx5vrrV7PT2dW/vJpwUBQlgLSbDgaD9e9dvbE5WDiTwQ9eWMrM6d7Amn5eXL2Zi22W1Y/CH3TqN5re5PU/eTU0CtBBuYnDRg81XIGjs2vPr335M8vn59LucU5n0GkTtxGSEpSaZ1NVdWwV0MpqNfmtWll1qhRV/QM0JO6GK10fFUCgCgLidq1NQZVPns8UwAuIQO2ImNQDeYw2wQPaQBVw26cZBgEes+dKuR3ITgADCs+p/TdKIJNGi5VrGaB1B9KqRfAJPnk+eb56BE+cFK+MBapTuLMP+Ew+Tf0Mbo/W/2Ij7XY3b/QFGLx9M5hJClv2/2oD76NFASqSCunxzmhk026X2/HOsLh1axMKYyQg//KVN9JuShVvvNXvPpBtv7vdOZ4Mb49A1Omk82fmN9/efOWbr6an0mQ22bq9lRxPiOiNa2+kD6b9GxudE4nsFxz4X//6yzqW9/SeVnrte1ciDqxqeirpdrsidvmJi93jYTek86eS7qnO4I411mgFfs/pgSgqJ/ytNHb9XKUhNAKNsuPEvv4+P5y4t7T8haeXk5DBwmqgIpK7OujJD1REjKiIGqlxKhE1UFNvtBML/0C4dN+5ptxSMMjBwnWEwgQgYAJTwpQwJ0xJHCYxJ3EYM8cgZjpYGp2r3hxTPSSoCfoP1kKRSbj3gaNZdaTG3NxPnfJkt2g1P1evXWfm3nwWM8ezc/2Ndea4N9/r9/urT60lcVKaQmwBkclSt/7mOoB8xyRzaRIn19evLy/2AAy2B3EYX75ymYmNKQabfXfS4XAoIqtPrcZxnG8P3GIsIkkSGGv6G+tAOXc6vXzl6trTa0mcFKYoTAEAzCKS5zkoGGwNGMIQJsTMq3Pxbz/dWzj9/5VlgPt9agBNimPqRT3ifgCAz/S+8l+9sPaxlJ0ZaAkRITCnaFyQSctEoKa2uBm6j31yEKVP+bAf2PYcsqe1Ap84vHgqHJj4wtzgBbV3IoU0mBBTMOHVATjYvz4wHBOneGI8U47zfccBsFuCAEomN3j/5Uv/rf4gz9MozneMc3cGb/XdOGSnM/cRZu71egHh+vp60onz3ECl1+v1+3WFeJrOzZ3O1tfXVy8s5dvDfKcQMUAtmxyHbESYWFTiMGbmJEnyPBcrzJwknD26cPX1y01UBYHEzP23BgA45N6jPWMNgEufWauHjhlgUeQWv/+dq9f7Q+dl11C1GCggJVR4MhGK1tIvrokc3L1MYJIP2BCAJP3Cf/HiF55amuPGJ5BSVDhMp2xCRKY9g/t4rhOIU7RkTmqNxwNraLyfyWwwQyE2b8rLG6BIITAwuRkOyjyHGGPLwooZmaKAGCc/mqTdOPv5LO0yOGiWpQQcM6WTM0zBOQ28NAU1feThfHM6IH5+EHdWERSsBlJMYZ4YbPeTOOU4Zk7rK5n2r3FgxM4yDrAJMfUDcJ/veH90ObGDgzuauqhGbVKsFKZI51LQVAyoItYtUQlzLIqBkd//9tXr/YF8lA01CNz9NuTOMdWpjpWFmH2AkrXPXvryr6ylTkFbjWgJaziMpyHs+jowjRlOEoqOdBlA6ijP/Z2bbMZ9Y0QNHFGbssAWxg6K0eD/be/9Y+S47jvBD8evmW/FPZcqZAbpupA4lVcM1FzT1kxEn2dgZcG5Ew4awxeIhBJIhA8X8exFTO0CG2mNQ8IzDoHOfxzkHOAzHcALOoAD2kAMMX8IpoAlMAJW3pkDGEwLS0MtHAWUsCRSDU9D9c5Ty/e1+mn2/njvVb3qru4Z/oiTjfnFgOyurnr1fnzf9/f3+1AM5K2s/16apZxKlTMGu5y7gFp/gZNFOv5ElJwMw0UQRRHFRGFEMYkQFBHFJMhaNHwh0TIsD408z4P9arlktQHI+Cc55yLNhynvpKyZ2iSHMnsvN9UXcslS50CAtgrng2gB4UIYh1G0mFCYkOigHUNEEOa8QCPaE2DzWHwE6r/dY626jx6ndiilfOe9d9Y+u+rpH5PKEGeDPL2dxgtRciSpNNlJNDLElcii0Rvbmzf6VpNgkGZoZc69d3SIDy19dqWk3/acPe/NBGIiCmj1qdWXvng2CV2MkqFARCyCirqwV0HUKUdW3bVmJLBW5OGWW4bSeGWZAoGZMzlM1SDlPMuGg8HtLN3JswJ5gXTIvFsrUmGnwb8ikMR0/NGo06WggzAkCigQEYmQKCaKAuqQWTCKSNja8qXGztVW9sHRG0cA7OoWGRcDLjJVZDA2FamYJQTzUKmCYRTmXUgpYc2hrDSxllwYegNqg4iiMOpEnbgTR0e6FCe0kJCLHC8FAwau/OByXjARxQtR+n5K7TA+EnePddOb/WCeskxSm4z7PUmSNE3jxTDLBgbhVJFHCzEJSOaQiDXWn1qzJU0MGlEAEIigKZPy0pubWzdSMCtm4/sAGK5gEDSEIYBkdVom4a2HAIBQ0/Jjx196bi0JnbjDCjygdgcISoMys4I5e8DsAusm9AIdATiRyNT0t5vF+ufBMsve73OacpFmnObMgxzZAOkgy3adL8IlC4wbDCb4TgCChiqUvKnkEDgSdI6EmDd2NYCZhSLIoB2CGEKhHZGzY7FB4vFmPQSqEF2iyFlL5lwxQ4N3DfOSXORKMhg8YmqRArhgLnJVMIO84sZm/kEMJk7fz7c5k6oHsRG2OGqj04mPd7vhI904SfBIl0w/wwjDNM1SOYyIKDkSy4K3tjYUg5n7/f76U+v5MA8o2Li2kTySpGlKFAAgoo1rm6efPZveTuUgSx5JcubsdpY8atRzIgqYFWxEIychvXhqOdZZb6unGNCKrTXS0mmlWfhlxUNfXBXW1rR8NHrpy8/HnQQarCVpxcUAYYe90kHQYJbOlugVetagduBjJBC5WVM8lGmaZu/15a00G2ZyyDmQsRrscM4MgZLLEABiCDLrMY4vdSCBACDBUMRD5AWCIXIFAgcLgGCGZAK1AAoAVjoPjGAjAtj4fLAg67opWYMpyeXkRWjmInNKqFLMzkQUkIZkyoaUZVJKpZhBFGjkzFnB0IQRowUe2aEFAAGhRiSITEoCwFqypkwh28m2ehlwlYjieXQW4vhYgkfXGJwcTeJOnA0y4y7tdpfTm/2skKsrqxAwrrRoPgrDMH2/lCmxcmrN+BTyXHYfj2KDzSUzsUZ5Zdgoa4QhnXlyObq9ld5Ic3YiNpg11AhseYxAMLaPHdlMFun8H51PHl2GhtQZNCAHaIeWHzkpgXVe+pVIgMhVWBLKERtQoQbDQZa+w4NBLrP0ZpoN8gEjB8sdzusd4Em1yJxgL4hHfmV+D3XcB2P2DAWillNgNJEED5DrnIhAFGlzwrCRQ8kY8lmATKgCuc2AskCYRSByPWGWjvHZrnLBcidTQ8kylzlnQ84LZRhKhNKBSnLEZZiOqqzVIIFgxNQCdi0hJ7cf7PgYKXO6k6Gf5di2VF9QBA6jMHnseNztbLyXdj+ZEIWSOT4SdR9N+u/2N97aON493u0m/X4ahhSGsZQchdH5L5/v9XoQiBfCUoQiEIiYFbNhagxGuBCvPL2O7CLek7bnI9tz1ji09kRX6QkcAiDQaePC1853T50zJhOwksWA2iFR5MuYbIQslC4CMEtIzmXKOzkXkmWeyyy9KTMN1sgkpzs5M1v6Xali4/6KMfwgYT8FHnrZ6CUBAgIBtMhZaxATRRQorSAQtINwkSikoE0UxtSOEIQAkall147I2nWsdbuMM6n2qLtkg/o0MxSYuZA55ygk72Zc5PlA8k7OkhVLE0cBgUiACHnBA8mKwRpSsxqRYeisoTQCZ8FS7MUOeHuDwAGIyKDXuFPI4DoJJHGYPJIk3SR+bDlOuhRGUqrwSFzX6UppxsgwiigohULbYpFBBEZmZc4hkP3k6sY3Lw4yk5Nk/ciwOMSVMwwuaymJ6ZU/vRA/se5KKSouBqEga2komDUrmXMuuciZGZxBQ7FkRpbnUkoG5ZplgeyWyorKrGhD6VAa1EtfemXZc3oik0BAFAZEbURk8SMAyBoYXYgIiKzYrghBME9EIYUBGRnOvGPeonhApADY/FoKKAQFoJCcC9miUTs0s8yaS1MkO9cjNJhz1qwMAjHzboYiZ5ZwHjdr8tMg4wWWigvJu7nSVndhDS5ULllKKNOuRj4iK3PAZZBhHEodxO6c0vbm7T1DpUKi5GicPNpNjiVxN0mOdGkhQqnzujh8px1XRh7WABs1LYBxMYHTt65c+fPLeQ6AWZDxG9bpkOMgnSS88McvJ59cdQ2qjR9eSq/3pMwNBbaOQ0GggAEQcYGc82yXnbeFCAxNLJzrrgkMmzMZdyEcczRUpGV9t7DyjaNDXBquAkBBBBYXDCExkZqCKKRoMbK0wxhaCCCiMAqimEJjyI5Qs2W4MATTWpvITVMp5xnexJqNdKlYGkNrYF3LGVGfC+adXEnJRQ62Q2ABlowCprApj9gz/cGagsAAka6IM0ykc4m+NYOWd5BGyUbq9DvQ41dIIF4Mk0eT5NjxsNMxgrbDuQ7RslsrY3DNAZRzYjJR+9cuXf7295ltcIQydMiO07Gn+GjYfSTKhpY6ApAFp2mmDhICPAVMv4LK82BTm0kgcFohBXbvBoASiEzYF5VWq4BlDk2KvcKeI6s221e0iMjJFkRhGESdUGkEAM0T2hGFRGGMkIIgsvEqBpMMuoigZCKOo4VWZppAIMAYEjkEAOJCMmcocrWbomAws8xZSh4BbNLJFRiykIbsWpu4hiIEgpRBVBOM4AwHzMg1Q0Nqw+8YGnLkr0LNMl4t/v7LQQCjBRqBWhR34m43SR7txt3V5JGEbHyXCdLKranPCL6cE6j3+qXXvnOFbegEHVr/bBeenbq7lEDmvUzCyRkAMo9D7wdMwmbyNtAeG+ABoLJZeyZyi8cMe7BQKWABzmpQqmkCkQbNU0TImWkEAEHLyqEAIiJqIwyjgEgV0pDuKCQKCGFECyFRhHYYRBGFsXHGGbIKAJoMIzACuIvZkDAE2PjIEACKNcg4B4s830kxlDzMmBm5yoeSwDCBdiAw54NcFtKGx4/AGjlK1IFDICjtOLslqw6l4OLjWsAIhmh5KhUBTjURpcG9aYW8aa/bIonAgeF9jyXdpBt3orBNyYkujJIkQBqyyIjCzb++ePXbV42AIlyjDFBIGAzy7VuyatVKLfuo0979ZMgvNHIfP8yv3qiaDzRyGqIUIMcxyY05AKIyvEQjEggJURsdYeRcE7RkDa9hGAQhhWGIKAgLwggwTI/I+tGMLMXMMgOFQExtNyXGeGgss85ODi5FB7spwQBLWeRgqXZzMvRRgIBcMxFBIBAAQUkpB4oLVkw8MvKUORvKiWv2ihPkAYBYA5pkpaJWJEaVzg2jOBkeD+dx0LVA0Ik1av5sBT3m/Ga6fTMFNsyWjkPqHkuidqSgIoqY8+7R6PQfnB/clj+6sgngYwudxeJDFHti/jBoDzc/GMtzEnpaX5pAe38AtIY7PdP+KoQX3eEgMJETe2i5n2gPtAcBiD3QHObBi0LQHNqAYW7zYDos2h/X86SDwzQ/J1pCzAuIw6DDQggI0dIQLYL4GDAX8CGt97Q43MKcoF8VOAyIVusw4ePzRCRong6DAbFnTGeHMAcxB9Yah4UQxCx5L6e9lj2T5EPwnVzfKfAh6zuF2i3Amj8cAkocht7jQ5JbmvVhtAzTYK0/1GB9CMAhTb8CcQitlmg5VDBlkA4JtHTNXIA9ofeg5qDBv3NKLC5i8AGvrLSTYxof0c9bhZ4Tn/onYmkJx/4J41fC+fkiioSU+Mx/i52f4jO/zcUdvfakEB/j4Qdi9SQWf5Pj3xTdT3NyVGRD/synxa2/nb6ccwBQsM7+djiUO4cOfVRorT8sdgr0ejd+//nf6/2H3o2fFh9b/K+PstaLAguHaXBHawHhCvxqt2C6RIG56e8za2+3sfubqz7PG1zZQwu1v3lhzz5qz4HmQHsgQAjQHLQ9QwgaotjDR3so5qA12IYiacmaCyE/0JK1/kgX/0kXdzQX/NHPubhT6IKZ+dDeIeZCM2vN/KHGxzTrj/CrbXE4aH2cIA4JEOagDwc012YhtKkzAY25ltgDM9NhURQ7tAdTI5BZ6Q8LsLUu0p4+9J9Zf1gIsBBaHNb4kLlgVejgQ6Y5oTWU1MWdAkRa60JpfQg8Au6YYoGwJ6G68oHze2gB0KA5gTnQHFoawa/qF1/SWuvPnMDv/Pf85lv6U0v8z/9n9N/V/8MpvfOBOPOF3Y0ft859Ua/+tvi3b/H//ifiE0ex87PdF78yf+M/8O8/i/nD+nd/V/Tf07tS/69fxlv/Xi+fwD9/QVz7MfOdfciENpg0LG797TD9W3nzPw5u/L/pv/vxxv/yxbM337kuAIQACeoXnpfRI7AVHIAeHUSg8/nx5BvLt9hqueZkBVG72SR7BO4hCkCg0r4CwWRMZS6YmtohwPbMBgUSwGDAQrIkWoixSCQiaIaWEE7edLyAAC4AdjXvUcWKwFjDNUPlYOkCLBnaepygyQgZCiCQEemigGxKncdIjFpgtBYWVgZS9hbrvY9DSjq4+havnKLuMUBx/4Z6+UvB9k+o9y6vPglmxCExOIlV3CEiXH4d1OKNt4hCjiK88x6ffZbO/xHLXWzewKUvYuMtrJ/C5b86wLL56yUAIM34pa9fPHNqSRA4JkqnlSmazlbvFnic+3pGqbE3wtEuY8hyUrYxxDlHG7Mgm56rARsOy6Tt0QGBBgsONaw3UDjTjgZLicUwDMlIbzAeLgpNQoETesBG0RHmME8TaxZUE6KN6svQuYKzXxROn9EEYWv2qGEupZdQIDjwNNwqS1qXko1xqlNloQYzkN6ib3xdhhEBFHeQD3nzepQXTGSSGGn9Kdr8G8ka608H2SC8+J30/Jfifl++8lVEHbr0F3z6aWub5BZ1j3JWUK/HZ79Il/9qcnGmQ80EhcvXeodOf24pG/J95ZkdGHx3RDOUyn+ZyQuEnq5h7WkC1g/git2UrmJqEQQH1r1FMDJ0GERhCNg4GBKEiCACImAhpHYULHYAYATMR1azNbqY5rxgY0EwKx3PE5FVwq3crXOlGEXOQxPRAC6Yc5PdwYrBMpfS5n0bBxOceRoCSjO7NFYGszkCx3zV9swTR6EZTCxAglnAWYbJyOYBWAlAEzSDEGgoTSC2jTjDLrTFbyf2EomcdXAXODSxpkLyA6M0s980C0pLq2NVDJuGZn+FKY4GwOYgBVaHJ2pZa5zhd6UJyoHTfTSITLocAYBiaEZEKIhJIZcQCCiEZs5yo8EppQaFrAx6xtE4QGehY5udD6ByxRKFYilZMnYVC6BgFFVoZRkGpEZWdYNLoGPjKi8rLWk7ZFthTljNv/Lrmd2lCd4+dJGaFGgoE07DzjLJJZ323AIAvORr1vXjYw4A/moGgPXbG8+rVcunwDRZhybuqWHMBDcMKindWSn0OJKVgVGBMxqV+GRloxZgTJD2wCUObBaESa92EY/GsMGK2iEJ4sie76wKDgDMd0ICNLPMiCKlJaQMNNRwAIF0oGQZgGAok2apoYZZHIZEUByAwZyDmQtruTam5vBoxFmeS2mdiRr5iKGpkjKdAbqWsuIXRnDTc3AWYUwq1RxW7VRX9hFYDya6cP3zx05+YlFo0BwIoDnMO70gEDi0h5ZAaw6tOasvGNz3Na95QAtgDwGgS+ULaAmngs3VVLBgz6pg4RxEqXnNgZxqZlQ/0hB7COaY9oQAC5sEIgSgNQTQAus9gf9sMits+oHeE3oPhzTMqQOaC3yoCylZg+8w4+eHtCYIrXXrsEBb6DnojzT2WtjTuij0z6QumH86FHOi17+dDXf4zkd8h7lglgUXzHe0lLtDyfTRz4M9rT8odDFkyZp3+f8rtCEsRAD4Z3q3KPhnu3LIeg/5HrCneU8zsAtojQIQ2iaTAGDwLoQxOZW6PcOelM17xshif1JAC1DCPv77Xzm/3b9RfKh///mzvf6N3/lnazffT30LC4Du0tLv/o+ff+8/pnyHIbD6z9ZuvZ+urqzqQ7r1K4LvOKzYT++eBAIOrTzRrfCqMgpXdwCA9gsU1XBwBpOqCT1lOBFgbK8VxRKAtkTebhRH6ms008hGZdeF89L7u8JE5LQsGSsJnnG0hURBGDnfuOUpUdyhdsBawRz/vgsG3pGcsmOLwo60NNoocAQsHQkjwFIgYU2XNthPMzQx58ymoi+zOynMKATKN0xbMyMrY7Aul8DNvJ3niVJ8SgAa0dH49LPPpzf7V1+/+sqfvpLeTmEkcAEuOAzD/s1++n669Hg3Xoz7N9MkSbIsixaj5JEkH+ZcSGb12l9dmb6M+0GZ51p+L1eoYqKoi+L1FmbQxhoVteH3rEBG46j7Cyu3l/WHONsrQKVt2jrtW/YzCFTyGuNggQ39MZMOlxELE9IkgCpR1b6Lc+ZdSfMh7+RgVhpbBWcMmJqHRryoD4g1JJC/P1hrh4FmJRkCwQIgoNjEBhEXzIycmVXl80LJrSq9zERzm+DPMuStgnKWVP06XCPrT50eDAbLS6tXX7+a3s76N9P1p9Yh0PubHgRY89nnz57/0nkiClrR6srq5tZm91iXCPkgY83ZTi6lLGfjXkDg0MoT3Sqe2iMtY3y0hGnXDcxWuLxHaqy5jAGCdpJZ01tIAGAbhW0jQICWze0qH7TRhkYINe4LL3gDbaujOVGMIQgFK+a0QK9Q7EqFBmZAvmlKoMyGhkCIYFWACgWC1CBCGEYAZFFWYGGpKlpiuqHGMuzKiRUNiMLeTFW0EE4eF+jESZqlSZykt9L4aJzdypKjCWuOFkJzDiRFUZamwWKYPJJQOwrDcOPa1SiKzIjy3Tw5mpSpSPcGh1ae6NY4J3zL9PhgsJ9QNo21WRtaE5LVKqRMtBaYgDKTW1Lz/PvPkovqR9CmyrCiSwUYpCsiZGiYpVthyEOpmFOpNgo/S2pKbaGxcWleEkQaMYHbQU5kSm+FbWNWsJokF2z0Sd9nLI3JU3NAlEkGkEtpygcqAKwCCpR1BSoyMQVa8ah6O+uqnF4Ar8TggWB/CfuAICDIJgw4XRQgkKm4wIoRR', 9000.00, 0.00, 0.00, 'https://project.aiscoder.com/spiritweb/localData/epub/100002.epub', 'https://project.aiscoder.com/spiritweb/localData/epub/100002_pub.epub', 0.00, 1, 'admin', '2021-06-19 12:46:40.000000');

-- ----------------------------
-- Table structure for thistoryrequest
-- ----------------------------
DROP TABLE IF EXISTS `thistoryrequest`;
CREATE TABLE `thistoryrequest`  (
  `id` int(11) NOT NULL AUTO_INCREMENT,
  `NoTransaksi` varchar(55) CHARACTER SET latin1 COLLATE latin1_swedish_ci NOT NULL,
  `TglTransaksi` datetime(0) NOT NULL,
  `TokenMidtrans` varchar(255) CHARACTER SET latin1 COLLATE latin1_swedish_ci NOT NULL,
  `userid` varchar(15) CHARACTER SET latin1 COLLATE latin1_swedish_ci NOT NULL,
  `GrossAmt` double(16, 2) NOT NULL,
  `Adminfee` double(16, 2) NOT NULL,
  PRIMARY KEY (`id`) USING BTREE
) ENGINE = InnoDB AUTO_INCREMENT = 5 CHARACTER SET = latin1 COLLATE = latin1_swedish_ci ROW_FORMAT = Dynamic;

-- ----------------------------
-- Records of thistoryrequest
-- ----------------------------
INSERT INTO `thistoryrequest` VALUES (1, '2021061656920205', '0000-00-00 00:00:00', 'b13f2058-93b5-4d4a-b404-d90f4ffa1255', 'aistest', 100000.00, 0.00);
INSERT INTO `thistoryrequest` VALUES (2, '2021061382776947', '0000-00-00 00:00:00', 'ebe7aceb-626d-48c2-b5da-20fac90a9165', 'aistest', 100000.00, 0.00);
INSERT INTO `thistoryrequest` VALUES (3, '2021061586671609', '0000-00-00 00:00:00', '3684121c-51cb-4e04-a6ba-7294bf12864e', 'aistest', 100000.00, 4000.00);
INSERT INTO `thistoryrequest` VALUES (4, '20210648361522', '0000-00-00 00:00:00', '0c7cadda-84a2-40c3-b3df-9872a60712d9', 'aistest', 100000.00, 1500.00);

-- ----------------------------
-- Table structure for tkategori
-- ----------------------------
DROP TABLE IF EXISTS `tkategori`;
CREATE TABLE `tkategori`  (
  `id` int(11) NOT NULL AUTO_INCREMENT,
  `NamaKategori` varchar(255) CHARACTER SET utf8mb4 COLLATE utf8mb4_general_ci NOT NULL,
  `ShowHomePage` int(11) NOT NULL,
  PRIMARY KEY (`id`) USING BTREE
) ENGINE = InnoDB AUTO_INCREMENT = 8 CHARACTER SET = utf8mb4 COLLATE = utf8mb4_general_ci ROW_FORMAT = Dynamic;

-- ----------------------------
-- Records of tkategori
-- ----------------------------
INSERT INTO `tkategori` VALUES (1, 'SPIRIT', 1);
INSERT INTO `tkategori` VALUES (2, 'MOTIVATOR', 0);
INSERT INTO `tkategori` VALUES (3, 'NEXT', 0);
INSERT INTO `tkategori` VALUES (4, 'JUNIOR', 0);
INSERT INTO `tkategori` VALUES (5, 'AKTIVITAS', 1);
INSERT INTO `tkategori` VALUES (6, 'BUKU', 0);
INSERT INTO `tkategori` VALUES (7, 'buku2', 1);

-- ----------------------------
-- Table structure for topuppayment
-- ----------------------------
DROP TABLE IF EXISTS `topuppayment`;
CREATE TABLE `topuppayment`  (
  `NoTransaksi` varchar(255) CHARACTER SET latin1 COLLATE latin1_swedish_ci NOT NULL,
  `TglTransaksi` datetime(6) NOT NULL,
  `TglPencatatan` datetime(6) NOT NULL,
  `MetodePembayaran` varchar(55) CHARACTER SET latin1 COLLATE latin1_swedish_ci NOT NULL,
  `GrossAmt` double(16, 2) NOT NULL,
  `AdminFee` double(16, 2) NOT NULL,
  `Mid_PaymentType` varchar(55) CHARACTER SET latin1 COLLATE latin1_swedish_ci NULL DEFAULT NULL,
  `Mid_TransactionID` varchar(55) CHARACTER SET latin1 COLLATE latin1_swedish_ci NULL DEFAULT NULL,
  `Mid_MechantID` varchar(55) CHARACTER SET latin1 COLLATE latin1_swedish_ci NULL DEFAULT NULL,
  `Mid_Bank` varchar(55) CHARACTER SET latin1 COLLATE latin1_swedish_ci NULL DEFAULT NULL,
  `Mid_VANumber` varchar(55) CHARACTER SET latin1 COLLATE latin1_swedish_ci NULL DEFAULT NULL,
  `Mid_SignatureKey` varchar(255) CHARACTER SET latin1 COLLATE latin1_swedish_ci NULL DEFAULT NULL,
  `Mid_TransactionStatus` varchar(255) CHARACTER SET latin1 COLLATE latin1_swedish_ci NULL DEFAULT NULL,
  `Mid_FraudStatus` varchar(255) CHARACTER SET latin1 COLLATE latin1_swedish_ci NULL DEFAULT NULL,
  `Read` int(1) NOT NULL DEFAULT 0,
  `Attachment` text CHARACTER SET latin1 COLLATE latin1_swedish_ci NULL,
  PRIMARY KEY (`NoTransaksi`) USING BTREE
) ENGINE = InnoDB CHARACTER SET = latin1 COLLATE = latin1_swedish_ci ROW_FORMAT = Dynamic;

-- ----------------------------
-- Records of topuppayment
-- ----------------------------
INSERT INTO `topuppayment` VALUES ('2021061586671609', '2021-06-22 13:37:20.000000', '2021-06-22 01:38:20.000000', 'AUTO', 104000.00, 0.00, 'bank_transfer', 'be0a34d1-9a65-43d0-a450-49c3f0dc132a', 'G799701428', 'bca', '01428674928', '38e470f6a069756acd3f8bebd68095d4d1456484e5b31e32161c4f71f8b6c889cfab18eb00134f01b255c4638dc06361c4c9e73d629db7dcc0f6e267bf3e6a3e', 'settlement', 'accept', 0, NULL);
INSERT INTO `topuppayment` VALUES ('2021061656920205', '2021-06-22 13:35:51.022189', '2021-06-22 13:35:51.022207', 'MANUAL', 100000.00, 38.00, '', '', '', '', '', '', 'settlement', '', 0, NULL);
INSERT INTO `topuppayment` VALUES ('20210648361522', '2021-06-22 13:39:04.000000', '2021-06-22 01:39:09.000000', 'gopay', 101500.00, 0.00, 'gopay', 'd6a4b07a-28a9-48be-ad5a-f24f8e189802', 'G799701428', '', '', '17ce46c5912a709cfd60ed1ceb7878ba0ccb91220e958c3ca7c899cae64c8d67f16a21fd939f566ca282d907f3fac588fad964dcd4235000743129f09683e635', 'settlement', 'accept', 0, NULL);

-- ----------------------------
-- Table structure for tpaymentmethod
-- ----------------------------
DROP TABLE IF EXISTS `tpaymentmethod`;
CREATE TABLE `tpaymentmethod`  (
  `id` int(11) NOT NULL AUTO_INCREMENT,
  `NamaMedia` varchar(115) CHARACTER SET latin1 COLLATE latin1_swedish_ci NOT NULL,
  `BiayaAdmin` double(16, 2) NOT NULL DEFAULT 0,
  `Active` int(1) NOT NULL COMMENT '1: aktif, 0 : tidakaktif',
  `JenisVerifikasi` varchar(15) CHARACTER SET latin1 COLLATE latin1_swedish_ci NOT NULL,
  `NomorAkunPembayaran` varchar(15) CHARACTER SET latin1 COLLATE latin1_swedish_ci NOT NULL,
  `NamaPemilikAkun` varchar(255) CHARACTER SET latin1 COLLATE latin1_swedish_ci NOT NULL,
  `PersenBiayaAdmin` double(16, 2) NULL DEFAULT 0,
  PRIMARY KEY (`id`) USING BTREE
) ENGINE = InnoDB AUTO_INCREMENT = 5 CHARACTER SET = latin1 COLLATE = latin1_swedish_ci ROW_FORMAT = Dynamic;

-- ----------------------------
-- Records of tpaymentmethod
-- ----------------------------
INSERT INTO `tpaymentmethod` VALUES (1, 'Manual Transfer', 0.00, 1, 'MANUAL', '123', '123', 0.00);
INSERT INTO `tpaymentmethod` VALUES (2, 'Transfer verifikasi Otomatis', 4000.00, 1, 'AUTO', '-', '-', 0.00);
INSERT INTO `tpaymentmethod` VALUES (3, 'GoPay', 0.00, 1, 'AUTO', '-', '-', 1.50);
INSERT INTO `tpaymentmethod` VALUES (4, 'QRIS', 0.00, 1, 'QRCODE', '-', '-', 0.75);

-- ----------------------------
-- Table structure for transaksi
-- ----------------------------
DROP TABLE IF EXISTS `transaksi`;
CREATE TABLE `transaksi`  (
  `NoTransaksi` varchar(55) CHARACTER SET latin1 COLLATE latin1_swedish_ci NOT NULL,
  `TglTransaksi` date NOT NULL,
  `TglPencatatan` datetime(6) NOT NULL,
  `KodeItem` varchar(55) CHARACTER SET latin1 COLLATE latin1_swedish_ci NOT NULL,
  `Qty` int(11) NOT NULL,
  `Harga` double(16, 2) NOT NULL,
  `StatusTransaksi` int(255) NOT NULL COMMENT '1: Berhasil, 2 : Pending, 3: Gagal, 4:Return, 99: Delete',
  `UserID` varchar(55) CHARACTER SET latin1 COLLATE latin1_swedish_ci NOT NULL,
  PRIMARY KEY (`NoTransaksi`) USING BTREE
) ENGINE = InnoDB CHARACTER SET = latin1 COLLATE = latin1_swedish_ci ROW_FORMAT = Dynamic;

-- ----------------------------
-- Records of transaksi
-- ----------------------------
INSERT INTO `transaksi` VALUES ('202106001', '2021-06-22', '2021-06-22 04:23:29.000000', '100002', 1, 9000.00, 1, 'aistest');
INSERT INTO `transaksi` VALUES ('202106002', '2021-06-22', '2021-06-22 20:29:43.000000', '100001', 1, 9000.00, 1, 'aistest');

-- ----------------------------
-- Table structure for userrole
-- ----------------------------
DROP TABLE IF EXISTS `userrole`;
CREATE TABLE `userrole`  (
  `userid` int(11) NOT NULL,
  `roleid` int(11) NULL DEFAULT NULL,
  PRIMARY KEY (`userid`) USING BTREE
) ENGINE = InnoDB CHARACTER SET = latin1 COLLATE = latin1_swedish_ci ROW_FORMAT = Dynamic;

-- ----------------------------
-- Records of userrole
-- ----------------------------
INSERT INTO `userrole` VALUES (14, 2);
INSERT INTO `userrole` VALUES (43, 2);
INSERT INTO `userrole` VALUES (46, 4);
INSERT INTO `userrole` VALUES (47, 4);

-- ----------------------------
-- Table structure for users
-- ----------------------------
DROP TABLE IF EXISTS `users`;
CREATE TABLE `users`  (
  `id` int(11) NOT NULL AUTO_INCREMENT,
  `username` varchar(75) CHARACTER SET latin1 COLLATE latin1_swedish_ci NOT NULL,
  `nama` varchar(75) CHARACTER SET latin1 COLLATE latin1_swedish_ci NOT NULL,
  `password` varchar(255) CHARACTER SET latin1 COLLATE latin1_swedish_ci NOT NULL,
  `createdby` varchar(255) CHARACTER SET latin1 COLLATE latin1_swedish_ci NOT NULL,
  `createdon` datetime(0) NOT NULL,
  `HakAkses` int(255) NOT NULL,
  `token` varchar(255) CHARACTER SET latin1 COLLATE latin1_swedish_ci NOT NULL,
  `verified` bit(1) NOT NULL,
  `ip` varchar(255) CHARACTER SET latin1 COLLATE latin1_swedish_ci NOT NULL,
  `browser` varchar(255) CHARACTER SET latin1 COLLATE latin1_swedish_ci NOT NULL,
  `email` varchar(255) CHARACTER SET latin1 COLLATE latin1_swedish_ci NOT NULL,
  `phone` varchar(255) CHARACTER SET latin1 COLLATE latin1_swedish_ci NOT NULL,
  `RecordOwnerID` int(11) NOT NULL,
  `CompanyName` varchar(50) CHARACTER SET latin1 COLLATE latin1_swedish_ci NOT NULL,
  `CompanyAddress` varchar(255) CHARACTER SET latin1 COLLATE latin1_swedish_ci NOT NULL,
  `CompanyPhone` varchar(15) CHARACTER SET latin1 COLLATE latin1_swedish_ci NOT NULL,
  `IPPublic` varchar(15) CHARACTER SET latin1 COLLATE latin1_swedish_ci NOT NULL,
  `Nations` varchar(50) CHARACTER SET latin1 COLLATE latin1_swedish_ci NOT NULL,
  `Provinsi` varchar(50) CHARACTER SET latin1 COLLATE latin1_swedish_ci NOT NULL,
  `Kota` varchar(50) CHARACTER SET latin1 COLLATE latin1_swedish_ci NOT NULL,
  `Kelurahan` varchar(50) CHARACTER SET latin1 COLLATE latin1_swedish_ci NOT NULL,
  `Kecamatan` varchar(50) CHARACTER SET latin1 COLLATE latin1_swedish_ci NOT NULL,
  `KodePOS` varchar(10) CHARACTER SET latin1 COLLATE latin1_swedish_ci NOT NULL,
  `Location` varchar(255) CHARACTER SET latin1 COLLATE latin1_swedish_ci NOT NULL,
  `HardwareID` text CHARACTER SET latin1 COLLATE latin1_swedish_ci NOT NULL,
  `ImageProfile` text CHARACTER SET latin1 COLLATE latin1_swedish_ci NULL,
  PRIMARY KEY (`id`) USING BTREE
) ENGINE = InnoDB AUTO_INCREMENT = 48 CHARACTER SET = latin1 COLLATE = latin1_swedish_ci ROW_FORMAT = Dynamic;

-- ----------------------------
-- Records of users
-- ----------------------------
INSERT INTO `users` VALUES (14, 'admin', 'admin', 'a9bdd47d7321d4089b3b00561c9c621848bd6f6e2f745a53d54913d613789c23945b66de6ded1eb336a7d526f9349a9d964d6f6c3a40e2ac90b4b16c0121f7895Xg53McbkyQ/NmW60Sf4cu3wJsi/8cyZXxeXV7g6b04=', 'mnl', '0000-00-00 00:00:00', 1, '', b'1', '', '', '', '', 0, '', '', '', '', '', '', '', '', '', '', '', '', NULL);
INSERT INTO `users` VALUES (43, 'operator', 'Operator', '216a8e9520609ef5d94daf2f606bd425ff68ba564f9340e3ced8216c114825998bca4566e0e26d21553848b0641d5f954932cf105c8b253c7f7260a53610e6b4AMc30ZoMECNLImxck8z7ONNigRNBdVWsWU+/Bv03HLY=', '', '2020-04-26 10:11:27', 0, '', b'0', '', '', '', '', 0, '', '', '', '', '', '', '', '', '', '', '', '', NULL);
INSERT INTO `users` VALUES (44, 'adji142', '', '8bc7969d9c13ca93ef45618237907117993f4c9da409edb6bb9fb60a3e13d593791527528fc7999fb0f46f40e1b61592499582f74c4f069f7130361a21a8836bhiejAAVac2SnNsa6TZ09lnvl5jSZmZTRFjfO8F/0z0w=', '', '2020-05-07 10:07:59', 0, '', b'0', '', '', 'adjia7x@gmail.com', '081325058258', 0, '', '', '', '', '', '', '', '', '', '', '', '', 'http://apps.siapaisa.com/storeimage/scaled_e43d864a-1024-4066-9ec8-d2c952a9f4fe5452118784484563293.jpg');
INSERT INTO `users` VALUES (45, 'bayu04', '', 'b8508f774492123c1401169515544a1affabb249b4b327bbf519c3db50e3026a3af97609b35b2df909e9ba6483706c1148d0eefc7634662eed220f83b43a207doXTp1Fc6pK7+SQEh703yCVjFfhJIdIlhM69Ug55EXw0=', '', '2020-06-02 05:08:44', 0, '', b'0', '', '', 'bayuchris@yahoo.com', '', 0, '', '', '', '', '', '', '', '', '', '', '', '', NULL);
INSERT INTO `users` VALUES (46, 'aistest', '', '078131d65d5fac27e89982ccda29a69cea3b1fbc9b8c450e4481bb928d658d1654796bd05c28673de1c5cbdac56d19d29ef15cf7427aa0aa0b1b587fd757768bJrzc0Si83KxSdDgfkCd6Ln+Y2+WPNVeBKbvP3cqGrpo=', '', '2021-05-31 11:05:16', 0, '', b'0', '', 'AOSP on IA Emulator - sdk_gphone_x86_arm', 'prasetyoajiw@gmai.com', '08132508258', 0, '', '', '', '', '', '', '', '', '', '', '', '1eaf7d1ed9aee723', NULL);
INSERT INTO `users` VALUES (47, 'tes', '', '1416fed18baa90cd771c802e6e1eda7043edd41c2561e0d1986d42fd96d781d5ddbfe0cbef8ff1d15f0987485d8652bf92fdc509df371d50e0c0d49264535b47n8m5XU69owkJybpjXG1ryr0sIPt89XogOIE3/KXdDlo=', '', '2021-06-17 02:33:12', 0, '', b'0', '', 'ASUS_X00TD - WW_X00TD', 'tes@kkkk', '098765454', 0, '', '', '', '', '', '', '', '', '', '', '', '03acb642da15b692', NULL);

-- ----------------------------
-- Procedure structure for getNewRelease
-- ----------------------------
DROP PROCEDURE IF EXISTS `getNewRelease`;
delimiter ;;
CREATE PROCEDURE `getNewRelease`()
BEGIN
	SELECT 
		a.id,a.KodeItem,a.kategoriID,a.judul,a.description,a.releasedate,
		a.releaseperiod,a.picture,a.harga,a.ppn,a.otherprice,a.epub,
		a.avgrate,a.status_publikasi, b.NamaKategori, COALESCE(c.Qty,0) JmlPembelian
	FROM tbuku a
	LEFT JOIN tkategori b on a.kategoriID = b.id
	LEFT JOIN (
		SELECT x.KodeItem, SUM(x.Qty) Qty FROM transaksi x
		WHERE DATE_FORMAT(x.TglTransaksi,'%Y%m') = DATE_FORMAT(NOW(),'%Y%m')
		GROUP BY x.Qty
	) c on a.KodeItem = c.KodeItem
	WHERE a.status_publikasi = 1 ORDER BY a.releasedate DESC LIMIT 20;
END
;;
delimiter ;

-- ----------------------------
-- Procedure structure for getPaymentDetails
-- ----------------------------
DROP PROCEDURE IF EXISTS `getPaymentDetails`;
delimiter ;;
CREATE PROCEDURE `getPaymentDetails`(IN `TglAwal` DATE, IN `TglAkhir` DATE, IN `PaymentType` VARCHAR(55), `NoTransaksi` VARCHAR(55))
BEGIN
	SELECT 
		a.NoTransaksi,
		a.TglTransaksi,
		a.MetodePembayaran,
		a.GrossAmt,
		CASE WHEN COALESCE(a.AdminFee,0) = 0 THEN COALESCE(b.Adminfee,0) ELSE a.AdminFee END AdminFee,
		a.GrossAmt + CASE WHEN COALESCE(a.AdminFee,0) = 0 THEN COALESCE(b.Adminfee,0) ELSE a.AdminFee END TotalPembelian,
		a.Mid_Bank,
		a.Mid_VANumber,
		a.Mid_TransactionStatus,
		a.Attachment,
		b.userid,
		c.HardwareID,
		c.email,
		c.phone
	FROM topuppayment a
	INNER JOIN thistoryrequest b on a.NoTransaksi = b.NoTransaksi
	LEFT JOIN users c on b.userid = c.username
	WHERE CAST(a.TglTransaksi AS DATE ) BETWEEN TglAwal AND TglAkhir
	AND (COALESCE(a.MetodePembayaran,'') = PaymentType OR PaymentType = '')
	AND (a.NoTransaksi = NoTransaksi OR NoTransaksi = '')
	ORDER BY a.TglTransaksi DESC;
END
;;
delimiter ;

-- ----------------------------
-- Procedure structure for getPaymentDetails_Auto
-- ----------------------------
DROP PROCEDURE IF EXISTS `getPaymentDetails_Auto`;
delimiter ;;
CREATE PROCEDURE `getPaymentDetails_Auto`(IN `TglAwal` DATE, IN `TglAkhir` DATE)
BEGIN
	SELECT 
		a.NoTransaksi,
		a.TglTransaksi,
		a.MetodePembayaran,
		a.GrossAmt,
		CASE WHEN COALESCE(a.AdminFee,0) = 0 THEN COALESCE(b.Adminfee,0) ELSE a.AdminFee END AdminFee,
		a.GrossAmt - CASE WHEN COALESCE(a.AdminFee,0) = 0 THEN COALESCE(b.Adminfee,0) ELSE a.AdminFee END TotalPembelian,
		a.Mid_Bank,
		a.Mid_VANumber,
		a.Mid_TransactionStatus,
		a.Attachment,
		b.userid,
		c.HardwareID,
		c.email,
		c.phone
	FROM topuppayment a
	INNER JOIN thistoryrequest b on a.NoTransaksi = b.NoTransaksi
	LEFT JOIN users c on b.userid = c.username
	WHERE CAST(a.TglTransaksi AS DATE ) BETWEEN TglAwal AND TglAkhir
	AND COALESCE(a.MetodePembayaran,'') IN ('AUTO','gopay')
	ORDER BY a.TglTransaksi DESC;
END
;;
delimiter ;

-- ----------------------------
-- Procedure structure for getSaldoUser
-- ----------------------------
DROP PROCEDURE IF EXISTS `getSaldoUser`;
delimiter ;;
CREATE PROCEDURE `getSaldoUser`(IN `UserID` VARCHAR(55))
BEGIN
	SELECT 
		A.username,
		COALESCE(B.TopUp,0) TopUp,
		COALESCE(B.Pembelian,0) PembelianBuku,
		COALESCE(B.Adjustment,0) Adjustment,
		COALESCE(B.AdjPlus,0) AdjPlus,
		COALESCE(B.AdjMin,0) AdjMin,
		COALESCE(B.SaldoAkhir,0)  Saldo
	FROM users A
	LEFT JOIN (
		SELECT 
			Sld.userid,
			SUM(Sld.TopUp) TopUp,
			SUM(Sld.Pembelian) Pembelian,
			SUM(Sld.Adjustment) Adjustment,
			SUM(Sld.TopUp) -  SUM(Sld.Pembelian) + SUM(Sld.Adjustment) SaldoAkhir,
			SUM(Sld.AdjPlus) AdjPlus,
			SUM(Sld.AdjMin) AdjMin
		FROM (
			SELECT 
				b.userid,
				SUM(COALESCE(a.GrossAmt,0) - COALESCE(b.Adminfee,0)) TopUp,
				0 Pembelian,
				0 Adjustment,
				0 AdjPlus,
				0 AdjMin
			FROM topuppayment a
			INNER JOIN thistoryrequest b on a.NoTransaksi = b.NoTransaksi
            WHERE a.Mid_TransactionStatus = 'settlement'
			GROUP BY b.userid

			UNION ALL
			SELECT 
				x.UserID,
				0, 
				SUM(COALESCE(x.Qty,0) * COALESCE(x.Harga,0)) Pembelian,
				0,0,0
			FROM transaksi x where x.StatusTransaksi IN(1,99)
			GROUP BY x.UserID
				
			UNION ALL

			SELECT 
				y.KodeUser,
				0,0,
				SUM(CASE WHEN COALESCE(y.TypeAdjustment,0) = 1 THEN COALESCE(y.TotalAdjustment ,0)ELSE COALESCE(y.TotalAdjustment,0) * -1 END ) Adj,
				SUM(CASE WHEN COALESCE(y.TypeAdjustment,0) = 1 THEN COALESCE(y.TotalAdjustment ,0)ELSE 0 END ) Adjplus,
				SUM(CASE WHEN COALESCE(y.TypeAdjustment,0) = 2 THEN COALESCE(y.TotalAdjustment ,0)ELSE 0 END ) AdjMin
			FROM adjustmenthistory y
			GROUP BY y.KodeUser
		) Sld
		GROUP BY Sld.userid
	) B ON A.username = B.userid
	WHERE (A.username = UserID OR UserID = '');
END
;;
delimiter ;

-- ----------------------------
-- Procedure structure for getTopSeller
-- ----------------------------
DROP PROCEDURE IF EXISTS `getTopSeller`;
delimiter ;;
CREATE PROCEDURE `getTopSeller`()
BEGIN
	SELECT 
		a.id,a.KodeItem,a.kategoriID,a.judul,a.description,a.releasedate,
		a.releaseperiod,a.picture,a.harga,a.ppn,a.otherprice,a.epub,
		a.avgrate,a.status_publikasi, b.NamaKategori, COALESCE(c.Qty,0) JmlPembelian
	FROM tbuku a
	LEFT JOIN tkategori b on a.kategoriID = b.id
	LEFT JOIN (
		SELECT x.KodeItem, SUM(x.Qty) Qty FROM transaksi x
		WHERE DATE_FORMAT(x.TglTransaksi,'%Y%m') = DATE_FORMAT(NOW(),'%Y%m')
		GROUP BY x.Qty
	) c on a.KodeItem = c.KodeItem
	WHERE COALESCE(c.Qty,0) > 0 ORDER BY COALESCE(c.Qty,0) DESC;
END
;;
delimiter ;

-- ----------------------------
-- Procedure structure for getTransaksi
-- ----------------------------
DROP PROCEDURE IF EXISTS `getTransaksi`;
delimiter ;;
CREATE PROCEDURE `getTransaksi`(IN `TglAwal` DATE, IN `TglAkhir` DATE)
BEGIN
	SELECT 
		a.NoTransaksi, 
		a.TglTransaksi,
		a.KodeItem, 
		b.judul,
		c.NamaKategori,
		a.Qty,
		a.Harga,
		CASE WHEN a.StatusTransaksi = 1 THEN 'BERHASIL' ELSE 
			CASE WHEN a.StatusTransaksi = 2 THEN 'TERTUNDA' ELSE  
				CASE WHEN a.StatusTransaksi = 3 THEN 'GAGAL' ELSE 
					CASE WHEN a.StatusTransaksi = 4 THEN 'RETUR' ELSE 
						CASE WHEN a.StatusTransaksi = 99 THEN 'TIDAK ADA AKSES' ELSE 
							''
						END
					END
				END
			END
		END StatusTransaksi,
		a.UserID,
		d.email,
		d.HardwareID,
		d.phone,
		CONCAT('EDISI ',LEFT(b.releaseperiod,4),'-', RIGHT(b.releaseperiod,2)) Period
	FROM transaksi a 
	LEFT JOIN tbuku b on a.KodeItem = b.KodeItem
	LEFT JOIN tkategori c on b.kategoriID = c.id
	LEFT JOIN users d on a.UserID = d.username
	WHERE CAST(a.TglTransaksi AS DATE) BETWEEN TglAwal AND TglAkhir;
END
;;
delimiter ;

SET FOREIGN_KEY_CHECKS = 1;
