/*
 Navicat Premium Data Transfer

 Source Server         : localhost
 Source Server Type    : MySQL
 Source Server Version : 100406
 Source Host           : localhost:3306
 Source Schema         : spiritbooks

 Target Server Type    : MySQL
 Target Server Version : 100406
 File Encoding         : 65001

 Date: 21/05/2021 21:58:36
*/

SET NAMES utf8mb4;
SET FOREIGN_KEY_CHECKS = 0;

-- ----------------------------
-- Table structure for permission
-- ----------------------------
DROP TABLE IF EXISTS `permission`;
CREATE TABLE `permission`  (
  `id` int(11) NOT NULL AUTO_INCREMENT,
  `permissionname` varchar(255) CHARACTER SET latin1 COLLATE latin1_swedish_ci NULL DEFAULT NULL,
  `link` varchar(255) CHARACTER SET latin1 COLLATE latin1_swedish_ci NULL DEFAULT NULL,
  `ico` varchar(255) CHARACTER SET latin1 COLLATE latin1_swedish_ci NULL DEFAULT NULL,
  `menusubmenu` varchar(255) CHARACTER SET latin1 COLLATE latin1_swedish_ci NULL DEFAULT NULL,
  `multilevel` bit(1) NULL DEFAULT NULL,
  `separator` bit(1) NULL DEFAULT NULL,
  `order` int(255) NULL DEFAULT NULL,
  `status` bit(1) NULL DEFAULT NULL,
  `AllowMobile` bit(1) NULL DEFAULT NULL,
  `MobileRoute` varchar(255) CHARACTER SET latin1 COLLATE latin1_swedish_ci NULL DEFAULT NULL,
  `MobileLogo` int(255) NULL DEFAULT NULL,
  PRIMARY KEY (`id`) USING BTREE
) ENGINE = InnoDB AUTO_INCREMENT = 13 CHARACTER SET = latin1 COLLATE = latin1_swedish_ci ROW_FORMAT = Dynamic;

-- ----------------------------
-- Records of permission
-- ----------------------------
INSERT INTO `permission` VALUES (1, 'User Management', NULL, 'fa-user', '0', b'1', b'0', 0, b'1', NULL, NULL, NULL);
INSERT INTO `permission` VALUES (2, 'Daftar Pengguna Aplikasi', 'Home/user', NULL, '1', b'1', b'0', 1, b'1', NULL, NULL, NULL);
INSERT INTO `permission` VALUES (3, 'Daftar Pengguna Aplikasi', NULL, NULL, '1', b'1', b'0', 2, b'0', NULL, NULL, NULL);
INSERT INTO `permission` VALUES (4, 'Management Content', NULL, 'fa-folder-open', '0', b'1', b'0', 3, b'1', NULL, NULL, NULL);
INSERT INTO `permission` VALUES (5, 'Kategori Buku', 'Home/kategori', NULL, '4', b'1', b'0', 4, b'1', NULL, NULL, NULL);
INSERT INTO `permission` VALUES (6, 'Daftar Buku', 'Home/buku', NULL, '4', b'1', b'0', 5, b'1', NULL, NULL, NULL);
INSERT INTO `permission` VALUES (7, 'Transaksi', NULL, 'fa-briefcase', '0', b'1', b'0', 6, b'1', NULL, NULL, NULL);
INSERT INTO `permission` VALUES (8, 'Daftar Media Pembayaran', NULL, NULL, '7', b'1', b'0', 7, b'1', NULL, NULL, NULL);
INSERT INTO `permission` VALUES (9, 'Daftar Transaksi', NULL, NULL, '7', b'1', b'0', 8, b'1', NULL, NULL, NULL);
INSERT INTO `permission` VALUES (10, 'Laporan', NULL, 'fa-bar-chart-o', '0', b'1', b'0', 9, b'1', NULL, NULL, NULL);
INSERT INTO `permission` VALUES (11, 'Laporan Penjualan', NULL, NULL, '10', b'1', b'0', 10, b'1', NULL, NULL, NULL);
INSERT INTO `permission` VALUES (12, 'Laporan Uang Masuk', NULL, NULL, '10', b'1', b'0', 11, b'1', NULL, NULL, NULL);

-- ----------------------------
-- Table structure for permissionrole
-- ----------------------------
DROP TABLE IF EXISTS `permissionrole`;
CREATE TABLE `permissionrole`  (
  `roleid` int(11) NOT NULL,
  `permissionid` int(11) NOT NULL
) ENGINE = InnoDB CHARACTER SET = latin1 COLLATE = latin1_swedish_ci ROW_FORMAT = Dynamic;

-- ----------------------------
-- Records of permissionrole
-- ----------------------------
INSERT INTO `permissionrole` VALUES (1, 1);
INSERT INTO `permissionrole` VALUES (1, 2);
INSERT INTO `permissionrole` VALUES (1, 3);
INSERT INTO `permissionrole` VALUES (1, 4);
INSERT INTO `permissionrole` VALUES (1, 5);
INSERT INTO `permissionrole` VALUES (1, 6);
INSERT INTO `permissionrole` VALUES (1, 7);
INSERT INTO `permissionrole` VALUES (1, 8);
INSERT INTO `permissionrole` VALUES (1, 9);
INSERT INTO `permissionrole` VALUES (1, 10);
INSERT INTO `permissionrole` VALUES (1, 11);
INSERT INTO `permissionrole` VALUES (1, 12);
INSERT INTO `permissionrole` VALUES (2, 1);
INSERT INTO `permissionrole` VALUES (2, 2);
INSERT INTO `permissionrole` VALUES (2, 3);
INSERT INTO `permissionrole` VALUES (2, 4);
INSERT INTO `permissionrole` VALUES (2, 5);
INSERT INTO `permissionrole` VALUES (2, 6);
INSERT INTO `permissionrole` VALUES (2, 7);
INSERT INTO `permissionrole` VALUES (2, 8);
INSERT INTO `permissionrole` VALUES (2, 9);
INSERT INTO `permissionrole` VALUES (2, 10);
INSERT INTO `permissionrole` VALUES (2, 11);
INSERT INTO `permissionrole` VALUES (2, 12);

-- ----------------------------
-- Table structure for roles
-- ----------------------------
DROP TABLE IF EXISTS `roles`;
CREATE TABLE `roles`  (
  `id` int(11) NOT NULL AUTO_INCREMENT,
  `rolename` varchar(255) CHARACTER SET latin1 COLLATE latin1_swedish_ci NULL DEFAULT NULL,
  PRIMARY KEY (`id`) USING BTREE
) ENGINE = InnoDB AUTO_INCREMENT = 6 CHARACTER SET = latin1 COLLATE = latin1_swedish_ci ROW_FORMAT = Dynamic;

-- ----------------------------
-- Records of roles
-- ----------------------------
INSERT INTO `roles` VALUES (1, 'SuperAdmin');
INSERT INTO `roles` VALUES (2, 'Admin');
INSERT INTO `roles` VALUES (3, 'Publisher');
INSERT INTO `roles` VALUES (4, 'User');
INSERT INTO `roles` VALUES (5, 'Manager');

-- ----------------------------
-- Table structure for tbuku
-- ----------------------------
DROP TABLE IF EXISTS `tbuku`;
CREATE TABLE `tbuku`  (
  `id` int(11) NOT NULL AUTO_INCREMENT,
  `KodeItem` varchar(255) CHARACTER SET utf8mb4 COLLATE utf8mb4_general_ci NOT NULL,
  `kategoriID` int(11) NOT NULL,
  `judul` varchar(50) CHARACTER SET utf8mb4 COLLATE utf8mb4_general_ci NOT NULL,
  `description` varchar(255) CHARACTER SET utf8mb4 COLLATE utf8mb4_general_ci NOT NULL,
  `releasedate` date NOT NULL,
  `releaseperiod` varchar(6) CHARACTER SET utf8mb4 COLLATE utf8mb4_general_ci NOT NULL,
  `picture` varchar(255) CHARACTER SET utf8mb4 COLLATE utf8mb4_general_ci NOT NULL,
  `picture_base64` text CHARACTER SET utf8mb4 COLLATE utf8mb4_general_ci NOT NULL,
  `harga` double(19, 2) NOT NULL,
  `ppn` double(19, 2) NOT NULL,
  `otherprice` double(10, 2) NOT NULL,
  `epub` varchar(255) CHARACTER SET utf8mb4 COLLATE utf8mb4_general_ci NOT NULL,
  `epub_base64` text CHARACTER SET utf8mb4 COLLATE utf8mb4_general_ci NOT NULL,
  `avgrate` double(10, 2) NOT NULL DEFAULT 0,
  `status_publikasi` int(255) NOT NULL COMMENT '1: Publish, 2:draft,3:discard,0:pasive',
  `createdby` varchar(255) CHARACTER SET utf8mb4 COLLATE utf8mb4_general_ci NOT NULL,
  `createdon` datetime(6) NOT NULL,
  PRIMARY KEY (`id`) USING BTREE
) ENGINE = InnoDB AUTO_INCREMENT = 2 CHARACTER SET = utf8mb4 COLLATE = utf8mb4_general_ci ROW_FORMAT = Dynamic;

-- ----------------------------
-- Records of tbuku
-- ----------------------------
INSERT INTO `tbuku` VALUES (1, '100001', 2, 'Jesus Feeds 5,000 test', 'asd', '2021-05-16', '202105', 'http://192.168.1.5/spiritweb/localData/image/100001.PNG', 'data:image/png;base64,iVBORw0KGgoAAAANSUhEUgAAAMEAAAETCAIAAAAAofVbAAAAA3NCSVQFBgUzC42AAAAgAElEQVR4nOy9f3Ac130n+MHoDf1tp5F0b4D1dC24Ucdk4mHCJIOEWgO7dIpw0XsCS74SUPaWiUqyEWRdYtC+XZGn2tOiVCkVo00cSrmVRW9ZFqRau0DVykWoVipCdWZ5VAk3wCbMYrIHh6MKfGluiEtPGRP1i9Bhfw18Nb4/XnfPDAASkGgn8Za+NYUa9Lx+/fq9T39/v2/3DH14qNFo4D16j94Vjd47qgAkkvxdj+Q9+gGmwt/1AN6jH3h6D0Pv0Z3Sexh6j+6U3sPQe3Sn9B6G3qM7pfcw9B7dKb2HoffoTuk9DL1Hd0rqe92hBcBC22mZwOq4WgLAEnM8aw3ckYuz8w7k9v11/rq1pQUkCpBtvynkY0Z6PL9HK7mzsf/PQbtj6MnPP1nqK3WcwQAgDMm+AxBAJZDsuGmg0G4pCQsI2VkCcGRasjAx82baE4GZAeM671i5nUcqAHhbm1L7X2WRAoOAvCV1jB8EYnNWkYiIFaj7QgyLFGW9ERSBLCD/ToAL5dx2Cv/OiJm11mEjDFaCpeWlxmrj+xGT2B1DI0dHSgOl7mOcfgQdjzKDzdqYpUrSBsJghiQZmBjCSBIWIoA5b2NAwwAhZuxwqxarFAsd2DLARfYTddyQBUK6zGJulNqdpT1kRxRBWbAJRFCEIgBgEygCmxYskAIrIkUAgSyQAzJfSlBeV89/j6mx2qi+Xr348sVarfY9BNP3Rx+SdGm7D2YcI/vC0s1CzIMOmOVhZaFTDuZgVQCBVYZ/RSAiUMZgTCOrDSZzFWkjHwwIQWjrCA0Vt30BAKTcqPvYTuf//aXSQOnkL528OHfxG5e/MfGJCUtZu5+zB3oXGMoXvvOhzw5u5WuGV+WcIGtTBAFQRCrFRMdykAETKfPFyj+EjJ2kvxLyWUj7sbJPJmtUx69q2/AMXzH9EEGRGQVtgoxs3bSoCFKUSau8Jdr//qAhCYB/wD/31LlvXP7GieMn7ry37ykf2quCTgBYERRxutJmbayuxSakkoVyxtOBtbRNyrE4PZ1A+aeDURmmqLKL5/2rjn7ywW8yZ/yJigARAxCkB3NupKyu8fwAkn/Af+75584/fd513Dvpp8B4p8YZdf01nKBLcuUypXPJLYAo4wqkXCpabQ3GPOgGSbnqigxAyqApbd619hnHStnStp9SFphTJy9UBFjokJgEMECZ7k+b2XFltG9zOmeD+EFlQlto7P6xS69eOlQ+9K57+P7oQ8oCcuXaHOngCgAUmMCW1bU8Xbyhm99slXfo6jkHVkoGOh0CVLWFYPuvWJ2QStWdbRoS5wfb1llHt/9TkH+3f2nu0vDQ8Ls7XRF2mLjdiLos6qybNmgka5POfvfBvBPFKFq0CVbZuYqgQJy0uaN0nNLWajM1eevdoFuz3kGvz8hq40BADCaGosz7QACzaSYMRenfzk7sfCrulHSjEXHi2hYUomYEwBvwIWBhsilcDSDk9rnMnMSRuUfXSf+1iBzHCxshAG/AC1dDAF7JI5sgCK4H5l+tw4TZsl1SiHQERV6fFzZCCLwDPimQTbNfmZ345YmFxYV3Ov7v0aMkfMufVIetZGwrRRA2somJoUAJWBGAyd+pWsRTxyvlErLl4XcO8W0DQMZC0mF0/gQYC5EBBeMf2nYz3OEB6uzqe0Oj945aNjn9rn+3X7u6FGk99dBUQ+skSfz93vkvnvd9f/T46Nyrc5wkkdau41Qqw8H1QMchEoyOjc/PXXT63fFPTDzz9DlL4eQDU5Ofnqz9SW3qVyctm8Y+OTH7lRnLptJ+z7Xd+reuRZGefGBq9sIsmJ986tzQsREARDT7/OyJsRPX6tfe0fjvRJblj2C3WqCQOofQ7YSUBCp9mhnpHwIIFheR2ty2Pvevg3OvVlkAsTqUqlyzYYDBBKaun3IJlY+h/a/Rly2YPpGkn07dyIyQGcyc6XYkjM0kHah0iOY2g8RWfvzuSOHcF54kRRD828em3X6HAUICYRa4RGcemZ787BSAZ75w3vO8049Mk2KAR4+fGDo6TOBKZXDm+Vnf9z3PGzk24h/wATh9zuRDkycfmAAYCud+90kLVKlUnnt+xiUHwhOfHB8cGux0YZBNzz373DtVsb8HD5TW0cwLs8FyjYUJYNDY8eH5K0sch47jjR4bHDlSXqwHM1++VDlyaPL+IXPW3OV6tXaNhSGcgCzB6NGyJXD6efgXuL7KlYFbC9lbjXqLTmM40Hb5BWSmQJJ+yZmlAMykMiW+2GHQbSWGJN8nD3XOC0khEYQ3AmAIAAtYjCedAARBUKlUONZhM4x0BEBHUSLw+j0Aru0CWLyyUKkM5j17A/78q/OJEdQ7aXX+3f65J85NfmZy76NV7xZFBGiAG9ej058bP/WpYOo4SIEF45+lcHXh7EPs2Gjo2sX5+bnXhkeOVkaO1sH18xcwcbx8+ndmTxyrn30Yjs0A5q86ns0XLwdhnEqKBKg3GcIQ8vuMQWd0INMgi1p0wqVTDUdH7EwBnc60Ld+7NKfEHGEFgEkIRRCSFHxbZ5w7zLTvGwk8zx371Mkdf5z63NTkpyfHx8ZP3DfqH/AbjUb58CFvv7fwerX80+Xgen3u5bmxT50crAzOXpg1g59/edYp+ac+N5Uw8y00kNH7Rk+8euLSa5f2OMY7tMuc6cfPPPnZYKiMeh0XXqUzT2D6M5i8X4chLrxGSYSpT/LYsaVzz8+Rwsn7uf7NpekvzE5/tn7yXg5u0IXXnJkLzvRTIIVTn2JsatPv9Eu1alCt3liYfmUhjLlt8LflyPaPAYfVZi3IXJSGVMZvOj9tfT8BAE7aYRkAm+BNaxs7zOI8wt8bWbaNjC/K2uHx5i1frO0IFiD1lcI/4E9+erL8c5X2T8D42PjJX53M/92R2Z997KxFe/ViF+5AYyWtQ+Klksdzr+NibSKxzzgOVSr6wms089qoUzrz5NdG5hdp5Ige9CMGA3ztRlg5EJT38/mv0MXXh0v2xKGDk+PHhgETykxvftBPTj+gJ8fYseD1dU5Trvd0W9pGCVNWB3Q68CHdX7CTeMqVLRO8y0FWTLr8CpwHlZOstzuGkQCc8tTffOxsFOrByuD816vVKwuHKoNBEJ4YPXH+C+cBQDJ0gACc+vUpI6+f+eLMidETwUrQrfLT0uLS+OiJ+RcvsPCZz54GAFhnHpkaHzsBweyF2aUrS9jEdioNlE5+Ymfmt53uSB9irR2HAcwvOs88PzX3tfmRIU1Cl66UZ744ScDoscrE5+qjR4ORI7lyzSNHWDPV3qg899ioOVZdDrb2zN6Dj1pQdOb+CpFLErFRh7cGK/Ivt3loshSALW3aBmPSBlCOFWHufMRT255T3ZwBYogGCLhTlWj+tapTcs4/OwMC6wiwSgOli6/OQ8GxnfnLVQCO40x8asLpc2Zfuug4zuDQMATMEZTl2M7EpyYAlEql0ftHKePWlZ+rzL16MQG8kjd8fASSELlQiHRkkeU4zon7xyHYFlBPafKhyQsvXthLaPZdY4gBTsA5vyUgihO/DyxwHZdyV5ByABCB2YQ4QDZ4HU6fi1xzzPpkIQhcC2PH/NEPlRkaMDFaFypKVRzJkWRBJcZVqGM4NrblBlmZ1pwQrC52IRnrkk4ORMZPDcWARUbj2Uzd1yxmnEk6bcaHKQzVpRLppiYiHWvHcYj2pCo5JQeA0+cAgJ0i0nHSL/kak015s+zXrI1d2nKWGWTpbj9tUGoDZXvPO5J/tz90dKj6enXX8b87DDGEdRzOvXipctCoulnEA4CAGTpmCF98rTp8dwCgtkzlg7t2S0GDNWPkw3z639X9PtezCSZFRwCxaquI7PIglgBrCWVXL1UGAKC+GtVVeYwaXdljygwUs3Ua3Z8sNp0yheUBtN3T3UJ8oeHovsHwRjDuBY4QBPUGa2DobsrEYo6VJPNkJotXgrBZIyL/YHlhccHr88JmWK/XByuDjuOM3jt6m7vVTb20vDRybGRPU/53QeP3j3+fMMTVy9WZL5xx+8LhMkaPcbBG5JQheQYPO/bS2ScmAQwe1pMnObhBl664vh9lMoCszO3b4YRmACWnfO4r4dmH9NnPBjOvhRxT2MT40PDohz2AEgW3XFlarANERyrB/EKgBqGI1qpU9qoNDm4Erj9IkjhoNJRf4mC4ZPmeM3cDvu9zHM41B0kiJw6YXAI3IiSuj5gnBgKQyzfqw3JtQQ/6CBYSYkHl2OiTr82WD/skiY45Ui4YXh9p4fIAKpUyhIyRWK/XWfNCvXri4+NgLvWVguvBhRdmSgM+C2utkzixyHJsIttpNBtEFF4PB48Mzr82f3uo/R3SyLERS1m7irN3bpcJz3zhzMzjwTMP65P36kZI07/rTX1uCswGDqRw7mF97mF97pHGyeNYrNP0F/wnP3964Soby5zAl/4rDR/0kAGoctCfu+IANFz2XHvkN58nrx9nP6PPPdKYfaJx8WqV4/TiC68vcl9F23796iIUBcE1p88LYnIGfK1cvzIcCejA4OINAMB6BJX4CIaPjTnNhcgZccIqOd5iCHI82KUEllvyD6m6sbPo4Mh87Dt3l8MErueDA27U/f0u2R5sN2L2HB8cUJ8faY7EA5CAHYeGj5SjZuQf8K1eN1oL3T5Px9qyrShm3WxAQIpcx03iCIrqb9Qd2yEiHYXRWjh85F1Gqf4WyHGccrm8azMFy7LeSUazboaNG3zmCQcAi0tO+exjk/6ACwErBsCMU084mbvP9Q9Uzj91wrEpuvf0xGNzHEdnfpcGPzQ8+UAZmWwYOeLXb4xMPV7zSjT1yeHqonfq81VIBGIAOqQgjsrkAlQZIA2QQrlEiytcHhoNmyEBwfXQ7SuFjUZYvxbWqocGnGAlKVWGIXXfxtz1ekUhUKzFcRRBOM08kQbHulJKo7NOc2GqrJeEQya35Dk3CIqimEnSHDfNyfCH/Hoz0mv1BkU4MgIkjUZS1TWvzyWC4zggcogANBqNMAy11kP/bMhEr5ZqS8GNcHho2Gg25LpQFDbDVBP6e0nlny4vLS/dvk1P5diIXrl2GwzVFmuZ8pWmH0IYHGU+kjxRMDn/4tzgwEwUU/3G+OkHRjP9NOvIfEmTX5P0uzIWUJZ3kTZh2oRGQtyhBwvXmxwJWQoQJAJwxOSzMOk6lENkBWuR75eZmeIQfYfc+Fq5z4LC/HUM9yWhIFI+dMO3kzp8jrXDQWPTGfMZgpoGgEoJdU2Rc6jRCCslDlB2JUjI55hJJZoxdtSv1jWU59pRpVKuvdHghBLw4OHK0nJg9VIUsb/f17F2bCcMQ3Pj/n4fQBAEELZ6XbIpiiKv3wtuBF6/V/mFCv6+0syXZ6Yfn75Ng/H7xnsqx0fC28bYujFkwlVJiqQ8CV8AROe/Wq1emfVKg2cfnXCIMk2HAbCgXg+Wrod6jVmSUq/ll5zBA57T250CoFKQMRLKQlVZBm3K5Ja+FQWhbsRMQo4N38PggENd3XSkBrR7tto2/NZsgrZDBcoiIiaQIlhoJKj+cRiusee5o0fLjpOly+UZTmTSGh0oC3B+MNOJtvgt81sgAPOvzU8+dLu4x/h943vXqTm1Y40bF1mGMnJXGyY/MTx5/yCRk+bngwHU6uHM16rVK0sQlEuWRwmKuJYg0GhoVA57E/cNjw75ZPIrbuXwFFS/Gc1eri/WA4eo7LDbSwCH6wiaYMFw2T/5YW/4YFso1Ff5/JUgCDUpGik7k0e91L5DtyGRZTXVGzzzer1+QxPRSMWbvK+yVNOnnr7k2Si7mL+Mc89Xzz92cuhId66WmQQ7zxjBDw6MMqmCjjVt5ziYODq57u7x156hDw8Fq1tdfJ2U8SENMdstOE2t4Xz3RY5fbj/lwlpH00/Pzb++NFam8Q+h7G29h3Cdqm9gZpk9xz/78EjloJefzpJQkiK13uDp56v11XDiMI0eQLm/yzFMgnqEi2/w3DJVDrrT9/l+Hy0s61MvLo2WaWSAQ6G5ZUBZMw9UHMoEZpqSlg66WuczL1RHyzR8N3NMs8tgcsNmdHoI44fNvfFMjc7XrOqLp0slr4NvmSzeLAkTjtZ87qlz1deqHOvykcqZh89Ufq5LVM2/On/+y+eDlcDznLFPTEx9eupvPZdtG3qY23u5UhgZnwpq3wxG75u4TV/j943vEUMOoFMRZq7X9vRjKzMUBqO2Ek4+OjNoR6ePWV5vso1Ppu0J0EIzVzFT43/7q6OTHxs0u88YCSUMwdwfh9PPzo+W6cxROKrrYp1EQJjgyf+C6grOfeLQ9MvB1NFkopxaglrh9CtoiDX7QNkovFkADgCqy/rMCwvTx2nsYNqegYlX2CGa+RhzFsol8OQcDd97Yuqh0a65Nln6RFDEMU58fKKk6pOfYtfG/BWaeZWee3Z25HjqBDr/H2Zmnjoz9csY/BAHDZx73jlUOfHcs8/9LcKI2+hJt3NlK9teI+OlsaCo9kYwev/Ubbobv2/8rv1379da37KJsn7tgZP2D78NSbDB2GAwYyPBBtBitAQtyfwDDAFaDEHtT4OJf/V//Yuf4ukR9L4vlx/b50kJlCrgIx7K/7j3t19cln3qnoMeI8Emqxbm/iCYnvn69L3uZEVUoTtpu5sEsIoY/SDbdu//+Z8Dh/CbH4NASQFSgAJ/9CfVwoq89N/0Pz/skfEwFIAWqn/Kp174o984rkYPttujAI9UsYfv2U8dcX3ViLFys3f0FwfRAgAUFJT5vQcFAtSXvjATfGt+9pw+uF+8fvnIz/N+T5159JXyTw36H/R1U//avxz/0m/FHz8ae/1S9uXEiMxeWHn9v65+/MTo93nbOgMCxEAMSMp+NjQ4wkYMiXEzxoZgQ7ARYeM7aAkg2JDG/xfOvnw7N+Ohnzy0K/47thoapsdJ5t3PoxkA2pHwRjOafHRmqoKJIyB0R51udX8KI150/n6afLHq97ujv1CCYPFbevqF6rnj7rCfUJqPses80UQ5AtPcypZfyBF+8uN0+pVk4tna7ENDxt1freszLyycPU6jB7emcHg2Ar3DyOtBeP7FeWrrDXAdZ+TosDNAAKpXFifu7eyIxo5pAp16aOKZZ2d1rP2SHiq3OWnJ4ZnfxeS/nn3wIf7+cyOTRpekSykdthGn39NZEIASwAVum6GakUKvCxXc+gG3UlWX21eCdCQops04N3lOf35uuC+ZOGJGvYPw2uk4GFTxMH2MzjxbHTww6ig6/Wx18giNHIw4386847x0d8WgE4cxc5U5IcdqI5gVEVIYTT6/OPOZoaVAn3ph6exxGj2I7Yrw0qq5nc49dPAdLoXhwiudiTWWjpPpx2fOPnpq7JdGO2J5+fAweoxZ+NRDEyP3jkM5QKOzRcnmmd/B5P9x8cGH6Llnn8mCKlvoTvR005uGJGCG6HZOaaoJReAUK3ngEkLgKN1bsRupXYCmEkgEdtPt8SqzyFQeqswNNIagevVabXnp0i+5hGgHoCS01AQL/D54vTvc62gZl+rJM19b8vpcS6LJI7QjG4vWUdcg4UF/h1/NBvvp13HuY9S9ouQInx+lM/PJ2FOLDR3tyIEABGt48iqmjmztefQgRg6CuqaVGbQQ4Mzj57wBZ/gXBi9drp88tvXEseOaFJ36/CyE6gGV/U6/F0qOgdHsgw9Fz33xPHaI1O6oTe5KW3Rn3TaDJHPyGdaANJ28bZd1DG9XKli3b2c4UJynXGV7cfL0K+kEU3L+xepEhVwrydeewASOEkxfxsiXceZ16+yideKrmLhg1UOmbTA/dRQXrtRnXqtPHdnOwzhcw+QrPPwCT77Mi82tc2q2htXXwIxAW9Nf39o5K4Lis6M4ZEc7ciASBGuYfNlYnlsgmLJPBnV+AAz7mKjQzAvzk788FoTe9LO0fb1Hj/G5hwGFiccQhF3RdRih9jsc1ucf/MwURLc13z3Rji0z+8YAKF3ETJCxRhyBmVmzRMwJI2Fza2khijxHdPcxFJJklzhHkub48Q5sNjPjU01ojWvLwdiHtvYQrrsTX+OIvIuPn1h6arT61NjC0+MjQ/7Ey1QN3C0wqrgoOwREI91xfgJqoTv+NWbxAJw5QlNHsBWCisOEpl/D2FHvuYfKde2emd9BLjjAuY9jzN9hduoRJl/m8XsHh8r+7aele2w8NICleuDYmP3ydHXRn356BxiNHdfnHmHddCYe6YYRgE4YPXQavEf0dBJ3fDSgIRqIUg4kOpVf4PQ7M5hJEmM1kLIoo9Ri3bNyVthSmWALWYCFfEtDBu3cN51/RwIkC9+sl/vg9269/+nXk8GD/syvD5cHCAAJSkSnP1E5+9Dw9GtJmHQrNIqHD2J4P23BBwudvpwMH/aDZnRqiCaHzIAybicgcJjQg1+Dv989c9z3iJ57qHxNu9PbYMQKMA9cB+UcaPzY4On7y3vmAem8NBieTRD2B5zZL0/PL3rTT+/QcuyYPvcINxo08TCCcCvIOmA0tdP1b8WZqKNB1kySLPkuU2TTLwxOmFNNiCVNF2ZTyST1wmcfc2Q3KnTX1rgNcar3GOmWU56JLKjXw7K3VV+ur1FtFad/aZiQbVnPfNhjx8r+3d78G1uvVO5DpS/ffJNSNWDACtf0WNm6FQd68Gvs73fPfaJsts96hNlfLtebO3KjrZRyoGPl0/e/Aw6UktBMDSPHB81D5Q/QxS9Pzy/60087W+4CwNgx/cyjutGkiYdpZ270uxyuVB/8zNQ7SVPuyA8GUt8PADBYpwDKi/gwgzVLBLFIWSAi2yEiKHdrqifzXuyyAm/uFrM3IQ7mjnHkHKgzbxCh1p699eylBsoHPd+m9J465oUSHhnyFm5snQ7fhmdvfeIWGvA9qjeSU79gAmnbORD7+71zn6h0FqHybH7uAT9IYbTzdBA4WMPkyxg/Vj5932DXYnRTtI76DV4K0fmprmDiJZDrTX1yKLNh4Q/QxRdOz1/1pr+4Qz+jR/ncIxw0b8GNbJ75Hb5Wm7/w1Ys7jWLPqpIJPnKEuAEdIo4QR4g1WCMBAWwTnBIcD44H2+0WXknH392usyurSiRJ2Y/ptHMzgOq8HninrVjaMHmYDe3d4glwiXYQ/aYY2ZYc03WyiiAwWW7XvSkO1+nBlw2AypQHW1Iiz+bJIWf61ah+mMr7d7hBBmb/BFCYOn4IBFNBZqc9FZh7A+evkuN0Payu44ze6099coRUlpKgALh+yZ19amrk5PQhn07e1+3FVRg7rs8962h2H3ws+sZ/2OorKTk8cS9VX6+e/NXbxRm2UZb9YPY8Gcsr1oijjm3sDEkIgLKIHNhuFwS6drtvK0V3C1Lp5qlbN7XAt5R3+ZWyfymLQG0hNtva0/sETFpI9mMnVsio57K1H78X19bBoPpaUu43pzAJwk168FX2Pe+Z+/xMFch6UwTi+XoyfTk8e9/OADIDmj6GcB4TT1VnHhlxTP43keatY/Md9kv+pS9P0HYbGLl9ahKnIhac+XezIxWMHd+BZ1RrTqDhUnT2c7zV2QYw0/wVjIwNbj+xs9Utrf32PhbOMJ3GcFI/kGXBdkBZFUCV67XYCp095OTvolPD2GWS7S++E0qf7JQVcx7834nC5tYjIwdQux6O3O2evYxoPZ27IHEffJlLjjc0QKdeCia/Uj9/JdIpjyQmVFf4zIvB2eMYPXhL5s8AKT4/Ckclk5+vas0Q+H1WGG3VyYYHKGwEtVqYu3pZmKVTyqd/dczjD884qj7zuCbaeulanU49Ri5h5gkMHeYtV2HGqccJvcNTn94SqOJtgmyLUOswffIvKi/L5FKq+rgwHMh20pJfW8R3e5fLngyLAjaT2zChRMHabMcxduNsewdZx9bVLaQYCktrWw+XPQwfpDBmh6wTL/LUK5h6hca/mpQcT2ueuRqW+6NhL6kuh2NfXAoYUFyt61NfvXb2OHb0RHcwQmIQUhhFk09VGzFXDpYWGszdDNixePIInX56LrgRGbgQ58YOcw4gzROPzDiqPvMYb/cX1uo0/ggBPPMEDx3W6S1nZLJAAx6+eGHWpDuaw2lQIv/cyiGUziEApOkodgm2lyLG9lLtx/FADtIt4UabpvZZ78QmRVrD6ntCuwpOQbaQu+fZ1K5ji81P4LPH4KiorpPhAc9SlqWskbvdWiPy7GT+JCaP8EQFF8cw6GH6QlCtY/qrS7fiQOH69gCcgRE5SCY/X/VLFgvV17qeCgZNHsFwf3Lic3NPXlio1oN6EGE9QZIgMRtkE53wxGOzDgUzj2myt2ZE1eo08YhDuDUHesIJ4uGLL82QQ1v5TdeGzD0QEchNy8OlJcIIZFCVVwxzoJyOHcAdum/n39vSbjq1AKJZSrT7uG+Hxuyh3ytiWTD3TUweafv4GUQK58cwX8fFehQ0GArlPpo+iixeQQBY4fQ/w0e/HJ168Zae6HqEiZd5ZIDObt1PkcJoaj469XR1pOLN1MJz3la14+xRjBxIZhcXZl8mZobtTt1fmbrXp02wYPLxOac3nHmMyZioHfNWq9PEo8TA7BM8dNgImg4OJHTqCQr04MWXZrq2iW2xElS+OW7b4E3j9lnG2U7oyu+zYCOFlPkXHSk9zAw2mwgyl/LuS7ZNndtGiaBkNnRKxw3swfW0E+2ocO9IPHOVxj7kur3Rlh5Gyxg7mNYronQjQNdgXAsOYWrIGvN3iNkZP9DYYW9xJTozz+dGt92I4vOjNDGXsDgL13lpjYbdLqbFCsP7MeKZg+5CkEx/rQoZnrq3PHO5riW89BiTvV0HciYeRRRj9nGdcqAtAHrcAOgZp28LB9qRbjX/HUjKV0plMU2T9KIIyu3OedUAwBFznqvAUOC9rXJhr1jIZbDK/hXOb5A7y/PsTIwsvpd+36FUVAcRhg/705eTHScrX1Heah8xgCgBKYwfTm7piT7iTx/znjvpB02ant92YRAUJo/wtZVw8t7B6ddYb6ZRv+4xmM6TYR/n76Unv24InFcAACAASURBVLakY67+cTD5cewEIJp4FOWD5UMDlG4b36IDPU5BXL740jnHcTsiSLyzDtp1X9vnJ6thCsp80zrbj2uWL1eis09ba0vlMktWsX4P9A4Tn3J7JAWUNjyTdruYKZxjzHvO5+jWMCdFZ391sMHW2dff2QAB/OZluNtcncg90UP+6WMeAM+2njvp15vY0Yvt26RjTB73fc+behV6m7u5k8r7USJe+lbECWjbpWt1Z+IRZ+qByYlPnKDerWKIhU494QS6fPHCk47jZAlbt5nPW7pA26QckAuYpzVCnIDNJwJrcAgJb8HhLAAMps0sVXUPKCrg9sEO1X75RmdvlOOmwx1OZOm4sxmTMEuGcmGkJZjSveskcCyzPNyRL0jMIFiOjeceGVkIrTOvGNjtfjec0NQclpppon7OOTJPNI8PlU/fW85VSM9GBzfqkv1LDfgliyQ5/0sVkDs5x8H6bisnXPGd+SudR1IONPXQ+NSvj1eOVOorHISUG7ksOPU4Bbp88aXzbR3oVlpzZ+kj7Pi989JGhCXQDcSNNOzKGnEIHaBZBwdAA9CQEGyCsgwkXASKxAA2uSNmcjsq8G0Vb0vaUoiEu0NlW4iHy6VLQdc1NehSHYMH3HbJFQDIa87z4AEv0Fxfay8PK774BgbLDgFeH809Mhopd+wrmF+5vS7F88sY/Sqj151/eLg84E5/HSzpnoTampsByNvSiUd4JuVGxBmzMflDE8d8CJPCzAOVsuePf5Vnl3e2U5ZuQDMOlTB51F+6StNfdBprpJnmrtDEozT1wMTUp8egyD/gjX1i9MFHqVZ3GAhCmnzMCXT54tyTjnNb7qIS87qc7Xd9O7WXdfsnBmJGM0IjhA6hQzTraAaIA8Q6rZUDIlikLFIWrBxGu2PoLn9g/9pbt8ynFoVf+eiPu0oBwj1FJRARUSJQ6VOhCC2BAAV1cL/7ypWV3/9TPlSCa1lBxL/xfyvLdqc/fggtoAUohQJUQbGwtKAKpEiA4m+9tub/A+x3ESV4/o/V3DJ+69d+0X2/QgukeLyyX1Hx339j7T8tK77JUIoUrKIFFKNE6g3MXeN/c5mWvm39q+P+v7nXJ4XhH+t96b/p81eT5RD/aRnn/0gm/2n//37MAxRuMlqMFhhQEBTgFjBy2H1p+Ttf+sN4JVSzy/jSAiZ+0Zsc8s2zrxSPHHYP/kPv/B/omT+M124qtGArWO+zWIq////K9GX+3z7qD3/Q7d2nhg97c7/H01/m8y+qWr3/Nx6e/JWJUSgX+wjK/tix4eZfYfrc9X//H/GVS/bPHPnYl774m84P90EJCoKWAoBWMc3XBoAEkHT2WgJV7Eo9FiNItu94EhQEItjQKFC6RhvrvMFKmDkWjtWGoMVtp19BQXSaOQRShaJ8V7AhzTd59ve2ZhZ30qGfPLTLvg4L+Mbnx32HjJZO5lgxfccKZ3UXDLGwjpKzL1TnrwQAQ9HoEX/6U4OOsU4VKC1H38F1wBCaeb028+o1HXMCDN7tnR2rlA+4eXItAKiEGdWrjYvfDOtBpJlTpiRwHBosuaNlGim7eekd8+6hhZWo3mQCRg6Q5xqvZkdNNHQ48pXFRAsB11cTIgwf9spOp88tG6yguqLn/yRcWuEgjkxfZNPpo/7EkJtaPSA4rrY9WE7pbr/zRQ4dcXVuNLTjOB1exC2znpHqHCQDlNUI7LC/2lOaX8LoqQniLMuZNZoRc4MSUyqUSRFbRLYHxwU5qfZt5sQY+Rxhk+vf0qOP366o3h72BiksPDbiOa4ppZO+8KAIwCJkb+vJilMzAEk4AQsnDe06Dqk899vKS92nd6uAzG/ECmAOGhHB8uz2k2bqV7LAUQkjRQaYI43GWuQQyGKXiJCXm7UI0EIOuJ09I5xeXznZANLyMSyoryWVfhd2vuOMGCDVUYJAdcqKtkQOGhqSAJZnm6eXMrMZ6POoP/MFI3/PUBY5uU10UnWU4MmvvmPEyjwP2xkQOn25UZo9DYaOjOTiMETc4TpyPOr3UpdjZuswmJghCe8NQ7u4DjN9KGK4xtlAwrmPi3I1Pmu/sKwD8SHRibsdZmZmx0bYBFPi26Q1G1bEsQ4Z5ZKjmUPNrkMJs6ssx0bYTAB4fRYUZpZpbD9fCGjyYBJp7RKTUBix1lGVy1P9QT2CqxAKdMJ+L4hQDa3QG0YcnUAtWo9IsQWEMVMMKPY8iphd24piuISFEGH/SJlqgWbfKRFxtcGBGiSJTpSQcATAJQqbTArM7DkOwIHWfp8zd6M05mkojkAeZe81MzXadyhPu2WNO34Sa4c27cadIe18J2Hm8lE7BaBM0D5nuirPlSZsEmJGrFObSwGx5jiiPg8WsXmrTurESwCmXQ3Ane5vKyUAREMIEoHcHD2cbQPgIgCr7SdW8Pu8oEnXri/U5RAUucvzOHwS4OBPqoHyyw6x6IB916boW2E9drwBP7xa1eI6nuetLHB5DILy6nx5wPUOlmus/cOlpfqFOirUS35U04dPRpdn/LJ3MdTslKMk1L1eCPjgUVmCgiUJSl716kLoj0MSP5jnoUmAEh1660FYdK3lBaqMEuvQJavPm1+phVbFjzFKISnL73NCTddWg7oaZMC7UcXQSTBHcejHHN4IuH8kbAb+wVI9WKzbFQc0QQHZLhGxYdJkEioSiLPbBGdiawcnENIibl1Z9JlvSQiUn9Wx0sqCdCQfGg81RYCbYiNusA4RMxKGAorZph3bBYFth4ou1DuLK+zBP5QjndueIZI0SQObRoJmMSOgoUMAmi1vwCeJEoEDXSLWCch2WVkAmBMHAWwP5AbXA6+XHc9z+0qR5pLokuIwBpBAMwcLUaPBIKeXyHYZcJq1QUeT7bqOp2Omfo+InOU5djzj9HQGvFJQLe33HZso0UxUagZJM8TyPPo9y3EiEDkuO761Vk9i7fT7HDH1pTugQ60BaCGvVHIkSRiOaBLGShWOh36fk4ScEtlWBHL6XerzWLmwCRZRr0WOC5vSF8rcCh97p/Zu9Hx3mPH0cNvUTVNXPSgPcDpKZjvZvwQ4sF30+eSVyfaQMGKGZlrXWMtyjDiBGA6UMMCbxqWyexz9rv0D+/Wt7TIL+JUhr5cUWgqFIpQQoFopO+KCUEukqADIXZC70GwywL0brDZurDH0X2n//TG/DWxoz5K4ZUcbxf5C3FjT+12ltZZ9LtAjf8OqSHH8nX6EvEnYaLiFpke08D/0iX8k9RvRftKNYr/8dbNfAgg8NFffEluxLvRa+ga/2extadlQh38kDt8qio4+8qOh/LW+8bbVbIY+Ytng5pt6/0aD9yl7M9buoMUNB/qG5au42b8PzRYVN5vlH+YbWizEb2/E9vr1tbeV/qumb2t+W1g3XVmTomUVRH8XFt9AYb91sy5WiTkeHIDdS9jngmxQP/ZZoF6QQkEBCqoIUGZAKQBQnFphhdwEo62KUiHJfjLe6hgbgAgUo6XQErQYrSL22Wj1omBnPeSb5nMGqFCwUGAooNADESWM9TV5M8ZNyAYgLBus3leEUkAPtRRESXpRbn5bz/7B1kzTTtqTXXbpc4d8x0nf8GWnr5BKXYXGOrM6eOlmxy6iduo+QJkdl92aUX7nvwUIVajhdwWJTP4vpb4pAcVG60ra3qw0o43zglQEGImeavqSsACskbApycu9ROTCoVTDJQtCECZJONUekrzzNvfdSRjVG1xHeeSALtkEi0xOOxHSrK58BSV/m1auzhu1mtu/dsmjzvyNPBfMTKNGnKTntp3mFhzjkqbdytMywOAQcYhGwPVFvn4NdZ3uQ7YTOB71u3AcKAK5sMmwutr1aOzp270FZm+1YzjJaoqnaEgznYQBYpW9ctCUokqts3wNkpSlGzGjsmrlSDO/xg4AbGyHqCPZIIMgjG8TSC9vUT6z6fNGUG6aVUipMksAWHMMAmMTbKU5D5QXV2ivFyOPvuWWTl6OYse5IQtA+YBbJk1EKJLRfqhdlyiLAUu+w4bygGc7GrozdSKpo85/LrMk6U4XSfZc2djExRyTeE8A+hxQjcOILEKiGZxi1HHAEZTxrSS7RrGwp1SUTaTCWFGaX5KOCenUpLhhCBpgJ4uIBY3E77NSlpCdw7k9DyLiNLKhkL1phfOAGmVBR5akbWxns88CMu/cNLlUHRwOApBDDAhzEZRm6zmp0bSDorilbrXVtqjT0HdHA4NSIlIEKytmpfJiVp3o6TC4blVkWJLbh5qyISH3hnSdmyrv76R2lirBJtwN6vPgehRFrBt8/RrF2ax0JpbI9rnacXS3RVGiTKADbN672+lwMzn2pha4gIQvXI0gIJsjzSCCUPVqQLblKgrjyLOtkXLpmSuBa7uODYtAiiLNUNBNdvrIJ9QaXO6jWiMiBd+2PEoALDTYIZ4oUxtbaUZRQsptAyhlA0gTCgzvMXlYBkaKwFH+WqD2qzy2GNvokGKGOXUCNPWzEiuL8tc8mjFQ5ptRnb1lTiPZ1n82x1BWFlLoaJlb9blXKWWymSot2ZvR9w6gdFQO7DJUCGGQQ67LnEA3IGmyEZHLmddgL12r21sNloBjjdhJU/I6u2zvAYgAMLjs01Kgw1UmQrmXaoGOBJ4AxJUB1+tFAm1lQnCk7M0uBhXf8Qjnr7NPbPUTVhOTumC4RSKAwnDJvdZMcgDxOkMxFYmFUtuEGJSWwYMFTggC2Nkjle9e4A4tDR1rn8uyzkJs6WsbMl9ozkgskw2XJSmblpTLrG4Adb5jJJ2r7gc9PZi9vmjLALDNwZiD0jiKyH23VfodqChV3fpcp0y8FiA2SoXROmgPqWUdg9qFmDq9iEAClVUVMRpPphU6YFfx8GHyCKTYVeQphAxSiQl+kqAyAM8FERbqweQRp97gYA1TRx2y0WjoicMWIfLICnXiUhLG8GyEHI34puBinrMMVkxE7DIpgomtUub5NMlT+YiVZdgk51vk2mROzB/wPDWlgyvk8FGEIiMHUOerOdN1zXqVDIJqG+O5lePxVmuS+4eaGkhSnoosNvBOOVAXWbDdVHsrEdkudJiDmFVCRrHYA0D20EQYmwQG8kJ0ALaoWgIIe8SeT2y0YE58GxCrbOdeBwDWsG+ZRfEdB0C5BKO4gNmzicGAVe5Nyr0WgIqXAKjk6rykIcg0cQKZB5ZMZZKEY9pB85AESJhzNx0yQYxcRaX84cvRY+bGjFUBIC6ap9Mi5WQT0cHDOqcz52G7TGzH9+2cacsScFJ79UL5+CgNlLN7vLM3EisCORlL5pStZoVBSDQkInH3wo32gKEuNSjj+UbrFCt9M6EJS5kaACamlb6qrUsDT/uJO7tmzoWuYkjuIe22vwx7yB21aW8JNslwSDK1LNLQAZFKd7RlJ+en7HTrwlk4OfM+pGU/qBNThv2wQurGVdnrGbcsZHvMbHwHQM42MorNHOkUwYpADJva8ssYE8YsMA9MQ089Wz1/YMgn7dhOZl3eCR8iKA+21Q4sKuN0MCVZLYBYWbCj3frZA4bSx91Y+JLpEGDktpLJtmQQR5y0/ada0rd6A215AUUdqTBJl9YmJgCXpC9zwS1s4BS7YGVRzCgaAw8UM+IGyAEROxaIIDl68jcDdfaTPg+UK625tdn5shYFArFlGRcUYZsWRR16bj6jHSwbqvv/mLWOFi4vLtSu6ZgBkCK/7A0fHSn/tE8KwbfCer0eNDVA9XqdFFzHufZGAMef+dq879e9kuff7fsHfacPZL/rgsbmrp2cC8P2oLIKV2QGBthbS7Fup73IMmJhsKbYyhxcUWqRSi4gEsSaI2Zt9jQCAAuRYssGFIgZSFhcskwoj6CSXPMwYZP0EQfSJVfdTCjfiQwLQBTDSl2dDLCpG8xg4gRkAQ5sk3meBfAV0jR4Yzq1w5YJS9up02n5MzIAFTNspd7LfGCZIoxMHKRYMQ+ABURZAAvpdDHrRnju2dnq5UXLOAnADNSuYvYrc4eOVPyD5aXluj/gV19fILIOlX0QVf9L3XEcz3Pq13V9tZ4kNcsCkIwePzF676h/t0/2u9OsDVGqz4Fhu2nuojDERUywb12rM6O9yDJAgHWGnaRv4lWpLQbjCOaEY401Zk2RBredCkSKwGwpRDZbyqK04l++lhmnMe8XVSALbV01v3Qe3834FzPAFAqI4ApDNEwijvFzKoIkLC5Rt2un647ynRXU4RPvzojKXeqZdpw66CVDjGRdbU8MV8iYn2HVqYjUzfD8s7OLlxc9BQJZQAREAgbKhythk8nWwUoQ3gjLZd8f8Bf/uBbeCMqVCpEVrASHyofCRkiuw8zhjXD2wsXZly6OHh8ZHxsv/3Rlj6+6yqhD80vJyUbO6e5pRbDDXTvaHUNmZ5kR4FBMyICZFiIBr2sws0akoZmihNP915tMRTJv+3aYEmI4SC3sLOUIqdoEErCAix3iz5Aw1jOPMpC5klM/JAuSmKBMnm7KolgxiSYBnPwt9OmtpCKfu19Wn1v1uU6dhnEIJjEhE7ic/nHakZBOESa52MoPmvPSt6SxjuZfXbh0edHNBhMCEZO137MkqdXrEETr0ei9o1rr6pVqbbk28cuTQRAE3wogDct1l2pLOtYm1c73/Wg9ajQac6/Oz1+unn387Mjx0T1sA0T7VrqIur8TlAaIirvXON8l5loE/sVBq1+JaoEU5C6l0AMR5nXZEPXXmrXmWNY1Yk0GQCwkomJWLCregGYVt1RPjyhRVkFUASgIWoAIWgBBClAbYDF1iVlaIm9DCqJaCi3whogIGclQBDYEG5ANMCsBUUuU4l4CTLcoQhJIUWRdCj3qLkD1QCFFZQFoCUQggoKCUihQ+yCKeeESBaUAbokUBHcpAOo7grt6FES1BAWFggCmqHIRAFoKLUCZMGrn/OXuoCLi9eU/DX77qeeLLVGA7JOAZZXXpdDT/Lb2vP0jHz1BP6TeeOON5WvL9g/ZH/nFjwTXg8U/vBo2woM/tv/GjbVD5UOVnz0cJ/E9/+QevI1wLYzjWEQUVPxWXP29qnof/cRPHSJ1GxwxIFmF4QgSo2Dt5LAyLWO0eHU1mL24S23hPWDog5alRBUSgUXvA7dYhHFTkMSiOXoLoknHSgTrGyreUCxYbyEGsyjd4rglvKFQkOJdoIKy9olZJtoH2QeyHNUDbklaoUKKYDFVsKUl6i6oAuQupSwl+xQpWxWV7DNOIqUKQvtgOaJSN4ZZTmEuqlYREPU+BRTRyhEm2GBsgAuioKAEBWBDAEFLQWIUAPQAIoBAmQLWBnNSEOmBkmI2vwAUi1IQFATogcGWyWhodefUKMEGWOsvvTC38uerxQLWgNUYDDhO/8dPjMZ/E62sXF/5s7r1PuvgBw82v91cbazeWL0xeHgw4XXap378H/14/we86u/NL19bZubgetD4dsOxHbTgf9D3PuA1mg0RWfy9K2vfjn7myLB9S3YkWRpJgpsaotHibPCcNYgzqAk2uPE/buxan3oPGPqxnt4CBEVVEDFlzmPmt1i0rMfgtyjeIBYRofg7iDeQCLgF3pC4IOspngUboPeZRRaLACUCBUWqqPAdkZaA11lbEpPcFIkhG1AtEWElEBZhofcp3qfU+3uVRShIscUoiGULKaCQoJCWL+GbxSRGD6AKkBaru4CWoPU2hHkDaoMholpAQaAUNlSaX2EqtbcEykIBaCnAMCeV5sMDJMJgJeDvimr1oMUCUUIpB4JAelLZlqbWZ0jaAOL4668v/ceLl7kALYg34DgOWpCW1P6fldF/Pnr48OFgNVj9y9V7fv6eg+WD/B3WWts/Yt9Tuae2VAv+or5yfcVxHM/zPnL0I4fLh+P1+CcO/gSKCIKg+e2mbIgZZP3a8rU/qx/6+Xv6f3inLXa5b60VI47BCbiJFmOfoFVM96tKjJZJ6U/QihurwezLv3+nGPpfvV4SJSI9LYhAYqzHkLcovqkkVtwCRCmo9RbHotYNgIRZmc12EEAJeguwQJalVAvFgqh9gBIoSA9LyzCe4vpbiG8qvqmYFbMqKlEFyIaRPuuCIr2PWBXVvl71XcYG9xSAApRKAPBbRWGSWMAQoWJLqYKgABGWHlEbglYKoLS2P4rYEBZW6X6BThlUTKWbUmnjlgAiBYUWpCDUUhDhuwToUS1hQLUUxEjnYiqpke3T2GC8GdfqN3776Qt6Q7QkIkUATp9T/klfv9nkDV6+trz27bXeH+rVb4bB6uryN5fdXrf5ZrPRaKz82YrT57g/2u/1ex/5xY+sXl9d/IPFlW+tNJs3wsaqfismIlVQ3n7P+4DXbDahsPrnQf2bSz9Tuaf/H2xXZVTqzm9pcISbOpXsygL1plZpQdBK0BKAsRE3/iKc/c93jKFR1+oRQNqrG99UbHa3toRbEKXWW8wbiDeUtBC3wAXJMU+AVSBSqrcAVURRiRLp2QcFQAQsuCkGa8wQUSiACxAhERRbSgzbQBFK1A/ZooqqoDiOcZOFgRaEi9IqYgPJhpINJRsKLYhwTwGqBbQSSI8UoHoIAFrgFpRhOS1RrSIEgEIhiz23VCrKCgLpSacYCgIqiBQUChCIglLC6rtg9JiVyaDGKACtnjQQKcJv8dcXl377mZeimxzfhLSKRFCK+Cb3FHtP/C8neIObjaYiNfizgwfLg1EzVgUMHhlURdXf36/f0oOHB2kf1Wq1lT9faX67STZ5H/CGhz7iuH28wfccuSdO4iAI4rdigRg+GPxlQzi+58g9t7DUFFoxuIGNGLyOQhH7XJCpF84dLnJBHDVWV2dfvV3+0J4w9LEPWL0FyAYEiBncwvoGeIO4ZbROSEsgkBaxcNwSaSlzK0XAAnoBG4oK6NkHu4d7CiQKsiFFgpIEXMyjWLJB0gKAmGntb6A3Fd8UbCiBmMp28iM2qSJaIsKIWW4CG0bXAQSyIcwiLSUtqJYIqEdEFYpAglaPtEQEcpdQSxhKGUEjxYxnMApAIYtW53wlVY16IKIKSpRCASRAS7gFBSU9AvSoNFVecQFmzxpaPWgJ3lz/+pXlJ784t35T9E2wStAq7vf9/T+2v/lmM4718n9f9j/oN99sKqWWry0f9P3g+gqzrv/ZSrPR7P/R/sa3G+FfhuaFKpWfrezfv//HP/jj9T+th83w7c23V/9ideXPV7TWENikIpZ+m3hDigBvslK9hw4fVjtmOxd6sBFDGPssvJ/w/v52FYdCDwoZJ74ZN1avz176o9tjaE+2IIOgkAgzAwosObzbwYDMl5dSomAJKN0onbphdJFYmGJyFSLJKjRKltShGCAWRAk0I2FoRU4CD2QpTQRj5KekTPpRR0WO7JU/ZjzpKxwZWTQmNb/ZhE6pK4CTeX12unkBOIGyWABmdFQ1Y2GT7QdFJnJHKnMFIeGYa/Xw/FfmIaSFWSWOspgovBE6jlM5XKkt1wAw88jRkbAR1pq1+hv18uEyx1xbrlcqFde2wjCEgm5qsknHHASB57kszJrNRqlyuUxE/oA//9r8yLERiyi4Hjg2ccxPPnXuULk89OEdX9LogJyU5ZjMJ+RB3DTFMN1bvYdaervzoeH3u+hhQDErnSjeUOuCWPC2AEWolqBFaEE2wS0lLZGWWlcCQRFkFxQVlDKevpZSLUhLoQexKBb5DiCsGBAF1YIqKNUCt6i5gTVGvIG4wEVRqsg2ifV+ACwbIj2gfSRFYB+gRBUSJUXZQHwzFY9oQQpAC7yhBNLTImn1KAVA0jTkAuS7EIgYwVQQZfQYo00X0BGwMHJNoSBGQhmJRpmY5pZK06p6iikD2ycQ8E2prwS/9cwrEmMNHLcACL2/1/5hR7+p9Zva6rUaqw2b1PXrq7Zr800dMzffbMY67unp0W82G83V4HrAwr7v939g/3Dlnqu1RY5jvsmyIUP/dMh13ZGPjjQajeXacqSj0XtHa1f/yO6lg//Y9/6hpzXf8/M/o99sDv+T4VtsvHgbStBivL8fhd6OaHqEVoxY460IN9ca16/PfqN+GwDtiQ8lYDKsYtPUzE83BkERNgGYLYvtosHt1FLp7CQjSb0wtEk6YSqmRfXczJNpKoSwQoTUc+EIaWY3NuvGadKgDVKUxvIIZHYzpiufplY6CiwEYctsdzR56ybAImaXJf5/6t4/SI76yhP8VPKyeSmyIBO6TKVRYRLT4BJu+bq9klc9Awzts3zIO/YMxJhdmB97x8VNxNp3N3Hri9vY4CJmIxz3Kzx/7KzlC88uM2H7hAM7rI0z53YYZpoxWqvP9IxqTBuKcGtIma5V5dC11NfqjM5H6Sl9f3wzq1tIohuLnbl90SFEqyorf7x6Pz/v86q2fA7xgO174C4nKqIMiBCPmzPlVVeXyMJQSdaGX/ijRREBWW5QSxIqM3EEIO2l8W1x+wNtEVl4eiFZTcJGNH/P/MJ3F0TFbi5oNptpL22328P1YZom3dUOBPFU3JxsRnujftrvLHc6nQ4TN5tNk5knv/lkHMdLS0tBENgSc2dlaf6e+e4r3fYHL7cbmlB2hFB1HUqAm4VdC7K+mBTZu9Bz9URZACjycXV4DGmVrQPkEFEIOMe4J1U1mFC9S8szhdpbzlB4ABOLC8vNa1D2N+ynQKWfM5hhEABeIEwGHjPBopqEGQIhqdrptkvMqDYpWSYGTyEqXE5sMQDeEJDAs7AWBvLyciz8qkQFlapTdsHGoEcV3u7U3PF1saiYIY5+fdEYw0CiAkUwyWEY9tf60d64/cHZ4988tvjcIhPHUzEAEUlWu+UkcSZplqIkFEB3pQuA/TDwAxEJ/GBpaQmAHbK2emYGZu6eeWac6pyamWmHQTQ0wyMfO2JEAEnWksvp0Dbka2kRhmW9vuSw7mPQx3oqmVzy3rfKjr7MndvDgGRKGaAOtChj9xqUiqq0V4gqZ0pSICvKTMYFkYNKFSDVEjsZ/yhEkUGMkhZ4s6D1EYkiG8m4ziVATVWEsxFlPyeM4JECmYpiM1OnPojTBAAAIABJREFUvBFUaA3qKkkhCmihOeA5NgUDFVBbUyC3fIOqahn+28q4vRbALStDDsGxfo2BKvN3XDiEAuxAoHCIHQag14Bhg/RatpH/b0+dWP1RL3A4UxqA/MCHYu6X5tZeW1v5SXf6P9sf+vXVn6zGU/HUHVMzH57p/qTrT/j1MMw2jX+9L5vSfG+zd7Y3Zm6Yev9UOkj96/3sXJZlGQgqCuCTn/ikX/f33b3vmecW11/vf+rBTyWnV6fubA8Gg+xctvDsMy550c2NVqv11gRNMxQbQLXUUDewOcBIsJliU5D1sSkYppptmDeyY8tv1zLbOS9T6EG/botmNl8XQl6UaRdIGeo6lCsJJCt0CBKozZc9p6IHUWQQLXT7z0ahBpqBtCAp5E1VGamApIAWpOPjABkwGOm6kowEwvRzeKpUKApgpCgIBNgGQqEo2CqfO2KFgkAOMsd+4aimpIWWptMmYgqMBCoKomsIVNW1bStmq61RZWojQSFa1OyQFznAtWQLTFDPbOTHnu0sfH81JNSJ1hRGZebA3CDtx7fE8nPJzhnzxiC+s33qlRcg6JzqNG5qrP5kVUYyeD319/gyEh1pdi5DAWb2fZ991pGaN0ypQMDMh2fMOXPgwweWlpdO/+T0Wrr26d94cOXFlbWfroVR49nvPeu5WFnpTE1NhdfXn/nTZxqTjXiqTY5UWcage+pFl97kPUFpe4oMm4JNg9EGNgWqsrmu5wyyrLe+/tRfvV3rfrd52bb0561EpyAuJzF1zA1ZviUnwAI9tsVG1oUZiPVrOcmYxiKw4/10USxVvgwCFaM8ZJF1FuVmJmEg4O3TFyXqrezpVgC8MkiisgTFdqbM39YfLRuoxqafPG71V4kYAKiIQBT9TARo+vACsE3ubH+bIJInPXP8ua71znZgHRmiZtBRsVChIAj6/f6DrfihX33o5ImTIAwlb+6NoXmapiCIkfHls89msPX8gsmSwqDf70smnU4nmAzseT75tSePPHAk6SVmYNrT7cDn9gf3MQVRK5q/f/7kiZMnl08duX9u33QcBBYWJ0EQlTeeg3I35ngvjApyqUjT3g0c4xhnaEPpakNH+TsPyCuyJPtnbqERYKMIqIqcCHmFCRFIpXA27hljCGHBRVLGJkCFGoDyUCUFhiIgYJ3zEAKOSgBWXk4YkmcRP6wQvwRHX3QPyoC6ghdu/z4IoMKuiO+VYVOZnBmT4VQ/P3nadNfFGOSAx9z0EUVBuxlGEceTYRhwLnji6VNDQQSEQAJYRCWUo1bcH/TbH5jp95IEydE/Ojp3aM5WfbqdDqjE3FqNCSabZpCOvQ8z2zTe/qU52Ux7KQARSXvpoUOHPPZyzQXorw+P3D+/eGLxwV/97NE//EJ7ut093WUO2rfFT379yYVvPtmeiucfODR/YC6aDCEVqIEYHFVxxhAMySyLI8Zx7dvLDr4MwME9dQBSIAdlZdGtbBDUHGVHoWxAeaHGkgkWogVQUK0AAV6hCs0dSOXdFdACGQASW+JTKEB1Bx5ADimgjmZbPE7QAsbRjZFmgKh6DtyCvZpSQR7Zdj0wcgGQA29Ca1DPIXdCPIdUxfbh4QgKpQl2HaGJqji5XWxR4BoiAhwXBclI1gyOnhgeWxokRi8Ihppr4cqmDjY3+oM3O68OnvlRurCUPL+yvvzq+gvdFAXqDkKiFLzv0NxGNszelKnbpkSl86OO69aiRnTmzOlDHzlANfKu9QaDQet9LckEBB0pCLzHH57LaiOVTQFw4MCBLMviqTjtpbIp1p0Fk0FwY9C4qaHQ5R8ua6H3/v251ZVOuj648/13fvWpJ2Zm2p3OiqiEN9VPv3ravGG0QDowS0srSz9YHJiscXO9Th5NoGwVjzI4ALnQTGWITcEog4jZ1GMv7uDLdtah6T31GmQIyiCZdS6OdR3qFlBAlLQo/0kLZErqKFTFUSlUHVIgc6BFpeuK3PqrwpoFkDI5cB3UiQlQFS3KuNu6qY1CjEILSIGaA4C4UHI4vEZdKBEwgoxACkwABVQZJMygCXVHjMKqEZFDcMQtmEjLuKeofsqomQCQaxv+G2tD/fz3eis9KTWsAMEtwzTHzQrY+NoDhudkdbCu6qoDFDmc2nCCs/O6/+7Z5LUzcBAFYfYzmd7fzjazXq+nF3T1r1dpgrJzmYwkO5dNvmcyO5cF1wfM9Oa5rD3dzjazyRtbtRr1emeyc5mooEAwGaBA65bWmVfPAGjc1Ijj+MxrZ5KfJvvaB5O1VVyD/XdNZZvZ/vbswdmD8/fPH/7Y4Rd+8Hy2WVpkk210ftztvnLm9uZk/VplXChXhNuGT1EjUVJRFUB7b8hTV69Dt+9xCcigosgdyQpSBxfKp8s1R7XQnJAVVktEChJHy+80kDlqVFVJCtQKqIO85LGTcY6GguCI6xAXWitKIskMyCEKFSUD2ijUWjIpACJ24BdE12qD1AJmyAEmALYPW4GS7k+hrsMKwBGUjTxbeFTbDwZyOC6KHI5r43gtoK6s/4x+/9k0GcAj1B14BWpAHWjsQeig5qAxwXf61NpDDaKQiJwaCohCHDcT0PXc6w1arZZ/fb3O7osvre6/e+r5HzyfZdnU1NTq6ioT0wSRQzpSVbVpFzMPXh8A2H/3/tVXV6fuaq//zUBVgiDIrGJlmTU/PMGDwSAdpNlmdvj+w2vrawdn5mSUTX9g+oXOK//4kd/58p98OXpv9K3/Z6Hz4opVuEoUQPpG1vnLlUado2tdJmCPhTAQCoWK1Gq2dWjy2tXmZQBmr/dshgwHomqTYSlUC6o5Sg60YBQqpYfSrFAUpcMSe09twm8hXQ5JgXFJUsE2y2YCHH0TBEXmIFPkjohyVqhR3RipjMrqACnU0TpRw9G6i8CWsIsqGC8Ax9JZWLMBmgA5WivUdWANJwAt1FWGqhYgixuxFBwWFlKIjPCNl+VkTz0HTEDBPKFxEITXswtIQfEExXu4cZ02PA5dItIQpKRaFizyRtAQlel2e2WlSzVkm8Polkgv6Efv/ejwjeGZV8/EU7Hneq7rDgaD5t6m53myKdPT0720N3/fvA2QvWvdXi+Znpk++Mv3tZqRjJCmvexclm1mKDBzaC7bHIY3RQ/9+qfM60YkW/nRSqvVWjubrLy8IirBDcG+21utZmOt15et6NgCVNRk2fN/eQbOxr5bGsweWOEoRgq45Ihe4wI6GMixH+7A+7GzDn08CtORZiOQAynKkIjK7zdpGdBUSqMlKLVsWRawnXwUqBUoC48KLUgLsoqVA67VgIJRIAOMI1JoViBT3Rih9GtV7KIO2EGDKHS47mh4ndYBGUFHUIEqa6EYsY2y1NmCw1sVGYfRrm3XW5QIxtlFbsGQa5veEx2pFWCACxBp1AjYhY7Ed7BvD0c3UOMG+HuIJ8CM2jWkBdULqNqak9u43jeZIZcPfmhm5aXT8ftbS0tLcwfmnvz6kwMz0JFO3TXV+csOCLIpU++f6r7UJSZzzkg2bEYtf4+v0E/9g08RUeM9jYXvfbvf64c3Nfa390VRtHFuI5Ps8X/2P629tubv4eNPL/TTtem7pwc/GyQ/TT77Tz6bnE4ajfr+6VmzqY8+8tjg9XT19JiaUwEweVqoam31dG/qfY3WzSFNMNSCnwSFKoAaBoPBjtwxO/MP/e5Hb+XzupqpKDxCVmx7NgXVnPKkyhK2o1KUlSTYgEarx0+oQaVQsvB0aK6lv1MHtREEqo6KaqaQETbse5ErXPuJotAip8JlwHc0JJBy/RrUC/vFAgqGIh+pFqRKWpAWWhvrzciuD9TqRqpbEArQhJbBUFFaI3HclddpMVW3yl2i6wOI+NdqFHLrOgpDRJPsTpDnqEeoKQiouXCvIUBFSbDh+mHr/VPJT5PszWz2Q9PP/tmzk5OTrVtaSS959NOPxrfFKy+t0ATNH5rnGwLeQ72zvXsP3Zu8lqjj3Tl1+4nvn2i9byp5ddVk5uChe+em99cct/Oj5e5Pup/57Ge6P+nOzswd+9pXXnn5ldYtrY/Pf7R3trfy0srn/ofPGWO+893v3PfL98mIoqjVfbHz/PcXV7sr43iI4RJcFCC4RNAR1s725z4YhXUPE6gAmS6NVEfZIL1qHVJ4//O/+MydexvLP+wYpdCaokK1DEUJQK2AFsgtiFJ1w1oabGmSVTgqoA5cQEnt68XZslX2ZTKCFMicEuijCnFcm7aVaR3ZEqXrTcBXcol8EHtAoeqwlj1XkqJEdLJDWqgLtiVBVdshJvujBdRBzdGyhKoW/IqNTe4YrBh1FeKAAZfQqnMroGgPwhvDIPB0wiVW36nbHm3NIbUNXbAUmo1qCspG0opaKz9aabfb/bP9xs2NEz84cWDmwDPPPbPy4kp2Lpv7yNzJH55MX+udOXMGBdrtdvJaMv2hmX137Y/e2zAm6760Mvvh2edPLp34s2c+/ZuPhEEYteKvfOWJtJfe+yvzd77/dpOZtX+/Nnhj8Dv/6HeS15LuK934tjgMw5UXV+p78O3vfPve+w4+/PBD3VeSNE1RfpdzwLX4YSpyn1x3U9jBvjgk8iro5gZGmf7MDFJzbGkHHdqhPuQhR3Mf5yJggQzHqI9tVcdtWIhyzGVLxjMb1V8sJiQflxBRvWCb2mKrkgRoftESsZJZF0NBwmCIAZsMwbZiviiLnaQmyxTAOcRTa4TGnysYj2ALj4eO7AkbQDaqYSRFQGjW0QwQMoIgBLNH8AhQziF2bJdthZPZI0SKJINkJo7b4WQIwvGnjz/4qw8ef/p4EAT72vuWlpYe/PUHYauIz5mZAzPdlW4wGQzNUDKByreOH4tbcbw3ivdGMwdmmpPNxTzvLHcWvrvwyG899thvP7rw7GKy2l18bvGRf/RIFMfJaveLX/ri3D1zcSs+9o1j+6ZnBTL/wEPgcHZmLh2Y/rqNi+2oXTUbSAgRxowmI/mrJDkQx5YpxT5V2SJvfXvZxUtMXzIzhIgihTSJmXi4vWlHPC4/yrgmeemBqzAqr1r041O8aJXYVvyy1Qy/zEkBnopR7gsY5eiwrSiKSq5lcZkt+HM77xNBVARbe2StbnmWz1UEhCF4OI6bFGB4xB6BORRFuO3CYd9FQwE8ZigCkdxDCPQBZj65dGr+/vlTnVNJL4lbcXxHfOzJYyD0036n07H3Lb4t7na7URQtLS+12+1oMpJM5u6ZO/qlo0w8c2Dm+NPHj3zsSNgIg8kgTftPfu1bRx54aGZmBsC+6X1P/MkT8x87MnfP3OJziw998qEoipqTAdD+4v959PH/8Z8unjjZ+auOLUuOr4gBJoSEGIiZozqY0V3uxq2ouv+mWuK5s+wGC2uyN/rrr5kG++EEvAnICFmhAFS15kCLMrIpi8IO1NnSYLFRsJboUAIsRz1QVlwuKs+gdCiCXLeHvxeLjd+BnIqa74AL8DVccyx+3xbEVQE9z5lSraZMIFuHBmUFZ4L1DTZCgxH1N8kIjGB9BDOC/lyzEQYjWhOsbkqdoQ5cBy2Pwz1AIf6E504QnDJMcwt7sTVShYMaAdA3N3VjRAPVW2+J/Zsb3ZdWoLCJ2NKJpVarNf/R+ZWXVlAguiWa/fBs95XuIB2YN4yOdP+BgxsikmVHPn4kuDHg67jzFx3ZlHa7/dVjX22327PT+1UxMIPj3zrejGP3GuRZ/sx3F6bePxXeEM7dM7d6evXN7E1AW++JXnjhBZfe/L3f+2fHv/kVQEFgx0MBHwgn0CZu7eE4lNZ7tBGoUZm6vUXXXBjPSyl08Loc+8GV6cuBfXft24EXNof3+JOdY9/tRpMct9COud1ikIxRPjnGoKJL5t704maCWsdUtfFx8eu3XrnbxbGiXh9IgARIc/RFRJArCyDnWc6zKIxiqGwyNsJGA5Nxf4j+BhvBUDFUMYpUJRVJRfoi/Rz98zzMYckScinBBfkWdirPBVDbKeNcrdXPQR6TFxA8QuCzBe++vNJhIAxDENjnZDVhn5t7m4vPLqa9tD3dbjab/V4/WU3a7fb8/fNM/MhvPCjZsL/WP/708Se//uT8/fNz98zNzswCCPwgSZKjf3Q0DML2HW1mjprN7ywszh6YjaJo/mPz/bR/cvlUkiQzB2ZOLZ+KWlGylszMHEpWSyWwbL4MeIyYuO2jHUm7ibiJeC/HDGNSqRgjbNfoioPC22RHa5UnmZdkgrVt1OZavVVyeQuP2LYDj7m0MI57Sk70ra6qIGfyLFueXAZ2+XYXIIAIUojH7EHiDUZdAJHzF+Fcje29WdJPxbDSePunkAxhOWvKWVsmiIoBmHKjZdfMiBjh0E7122VIxMPKHbLlhCSxcCRWBAzOICJhEHY6HVQN1JmZmaUTS0EQNPc2o8no+L89btkp2h9oLzy7ICppL5VMHvsnn7E9RxF54o+fsDyTR371SL/XX1peZD9YfG4RQNQIPQ/RZBA0mwtPLwSTgRgThqGIzM7MDjeGD336oSRNu50FlNGfZ/uPMXG7wfGkxJMcBsyhBx9RHf20X/ZxbYzhym7c2c71Ic9xbf3QehB1cjiuTaaUXAXUKX9gy/xQgZLjVg+y+g2V74ID0VzLNllZU7Z/XiI7Lb0maJFLUWOHyFG3YFHSETZsV6RAXogWKgXVFALZQDk3AoVAxMHQQveK0hcbB1mhA1gT5WpRXqxPFHpanyBwnQqGA1VbIwMATIAcABZV4l2AyDkdiA4KYFOj97caNzfOnDnDe9iiguYOzenPdfkvlydvnLz3vk/o+QthEHZ/0m2+p7l6ZnX4M6kz/fGfHJ2Zmeu+snLwwEH9uZo3zNT7p5Y7y9ALD/7aoydOLM4dmpt6/5SO9Jk/fy6+c0o2s0bQWD2z+uCvP2gNXv+sCW9q1Cfo+eeeF8kIHhPqQIv5TuaZ98m+W4P6TQ1EHt3o43oGkPx7aTVCciCFkpJeo4PBzjtfdtahmnPxg7QVZyiRWybDVUAjmis8hQu4WkBhFWX7b8ahjLu7nx1EC6CweqxQUocwEuPQtl6bxSERSFyPG6HcerePn2uWSVZsI8QqkFdfElNACjEKKaCFayFsdaKAQB7VCTTh2bqGFKSqOhItCCREjEItlFt/jmyEddFMZPYj+597bjkIfBXVQoMbg+5PuoN0QA5FUbT0gxPGmNXTq3Bw+OOH773n3tD3W3ELSr2zZzrLJ6Nb7hykKTEd/PsHl5eX5z5yr+th6s4pHenCny+0P9C+M75TN0U2JW63UejCnz738K8/9NS3nto3NRXHrfYd7W988ysMDwQfaDCm2N/fQPs2v35TyO8J6EZGUOebQqis9YatkBUuq8pIoDp4Y+PYiR3ioZ11yH2LDo1rdIVWw+tlA8S+/JJX7qwKVyO2AC1FrqipAwEGhZpCUeiFgrJCxLGjd5i/v7H/Vw/GvzwX3dEYvLo2MJpViWROIgWNHa8oNlAWrqznrYPCCYQuuQ6BauSQ2G1RxHAEBZEdc3eIHEWhoqpCaxnUEfPa+tx9966/sW7eMDzB2WYGRXu6Pfuh2W63KyLzH5vPN/PGTY341vhLR7/Uilvf/rffvjW+deqOKb2mdvDu2Wf+7Jnpu6d5gsObwnwzf+Z7z4Q3hVN3Te27a9/Cnz6nkjeaDd3U9PXevffcu/pqkpxevf19t//uf/O72UiP/qsvZ2bARU6Ftva4s0FwZyhTt/lRFHIzwnvqCDwOCT40zdbOZI2bPcoyhcKpATp4I7vaGiMuo0O7txy7siXvVGIf7fcFrQn0snHFGShUoDKqmUINVArNCsoc28VTddid0Nn5/fLGBt09v/Lj5F8+fZKoXGiTF5CicvsqUlQ2zBrXIqfCBWmDyfUonFByoPCgIqI6suYHuinMVCYM6rqA1FQy7W0qEcIbguz8m3BAE8TEcRwnf510X+naHlY+yuGgcXPDnXBb72ut9dayc1n77vY3vv4NVW3d1qJrfR3Js88924ya+z60b+qOqVbUeuLfPDH3S3MXCtR9T0TmHziy+mryrW899fCvPdSIG/s+tK/7WrKyvLz8g+cCgpIbkTt9I9/ZoNinqbjB742wN0Doc4OxhyHQ0+kzf5WeODXwnCy6oQ4HcNzeOXnqP4IO/V1KQHj8t+fvm47W0/WV17cXJl0pVApXkGfqiuJNm10UmhVUg3oOz94dLHZScfD4Hz2zll1gR7WgrICqlIBXqFQ4JxdwHcCxR86J3AYRX6s+k0fEEx45BBBNqKgSEUAopEQKaO6z5xXiXUtJJuLQ8I304C/d2+/1B68PQEjPpqrabDYf/vTDzFy7pnbm9Bnzhum+3J358MwgHSj04QcfJqbsZ9mJ75/wrq3P33Pv1Aembm/d/tQ3nlr+i+WHH364/3rfmH5wY3TwI3OrryZf+ZMvf/ofPtq4PrhQu7A+XI/jeHA2feb//nYIuIWGhGiCp67D3B0UvTf0b5nEe+rcILqxgT01wIURPd072slWB5i6TqciFxMEB8Zkx5auum///ysdmr+7efj+g93l7ld+2BuD2ipxFZCibL8LclX3TdgZAWUHM9PRV0+uLjzXXR2sU+G6DsjinKiKigDYngzABN9hd4JQqMKlAoCGRHWP6hNE5KGMxois4kyA7GQ3sVLNQgbqvnINKwPhPf7qj7uHHziylq4REe/hIx8/svLjleXl5V7aU8miVutT/+BTAGY/PPv895/XQnWki99ffPgf/s7UnXHrvdHCny0s/bulww8cvjW6lfdw98fde+87HLViufDmV/7Nlx/7zYdlU10X9ZvqGz9b3z89u/76+urKqjm7EpNGExwxteuY+2AwNT3FN/hohhwFCOoIfItGx0/T7Gz/6JKRQh9rkxcSTdQxob1z+tR/gjqUt9mtE8zlErXf+ei0dyF7/Knn++pe6bSUcikUhQdrVApcALw9dO89+5ZfGS71DOASYOfLx/38rVJnAQKzQ7Z9UXNICpUCIbEq6q4SwWWXQFrYsiVZZLuCyCabDjDKUYBAjRtZMl19I2td73deXjnywCdXXlzRka78eGWyOZmdy458/MhUe8aYwfPff77X68W3xnpBo1sic840Go21M/1nv3f84Nwv3Tl1JwqsnV17/vvP3/cr92lBg8Hg29/66uGPH65PuM/8u+cP33Pv+nBY+3mtHkb7p2f76foz3z1+7y3c2OTWDTr7Pr79Vpput3B9HdfXcXNAN4YICEQYKc5tyOm1tZ9my2czt8Dh91H9BqYJFyBzTo/98D8pHWoyfne68XCb5++KcF66ZuPiiCp/5MhcS4en10zv3MYVg63CtTapxMEpALSup49+fG7t1d7zZ41rt7FSNUutsDNMinKWiEkZ5E3AItdkBClyoFaDThLVaoQCLmp2fogdy1OjIKJCZZT7hZuJ2kF3ciS6gdYGMgQa1wedFzuHP/Hg6qtdHenhjx4OwqCz0un8xfLhjx5Oeok1Tmtrax//Lz6+1lsLg3D2w/sHb5ggCJ78+pPz983vu3tfzakByIyhCUzd1V55ceXhhx+Vc3LmbC+ease3tmY/dPDFl1a+/KV/+Xu/Ntc4uxY1cOetFLXC+JaQ3tPA9cyNgCZD+IwJ3w7VI82yM+m3T6XRtX5/E3wB+yaFrvVA6J2Tp5bX3+aR7Vyn/luW2Of5D4ZJT55Y7scBN7fvxLTsvuBwb/z5356fmdyZ4022quc5AGaeawchEBCicgik5H7c3jbeqqptq79XJW+kUnKli+TVX0TEUq3bYRVPxm1jAoCmj0cPNOen20NjooAXn37yyMeOtKfbnR93ut1ue6p96NAhUQnDcPHEIgjt6Xa1dxtH//Bo+452FEWHDhyKWtEf/B9/0J5qn1w6ycz9Xn92ZjbeGz3+zx+fv38+juP2HXH3TPfUSufol77whX/+aHPtVDyJeC/iiKOA2Q8QMDcC+B4CLidc7c7NDYGIyTggiX05uirdHpANIUO++nl7AO7E9jXHO0oesyvAgRv543dNQjXdvGzx8Aqf5ehMO3r+NVl4LUuN9EbYbmy0AG1mhx98OLjJdwdnXkxNNtr5mAqo4wbQT3z0YON6Ornc/a9n4v3v48Y1BNEMqiPkztbHUMF2LkAc0YLWRTOFFmV9iwg+yHWJJqg+oRX5GnSkFk5OE8g2c4KASDeFHCamxh70zvY0iuP2fjEbK6eWW62pqQ9Oh/VGPfC8PZ6Krv716vw98/U99fSN9JnvPtO4uTF3YE5EHv6Nh//F7/+LVqs1eH2QS26MOfjhg1EUteLWV776lYd+82G+juPbIpNp72y68Tf95/588cv/++9fOHm8Vb/g3+CFN3vBjQ26vgG/jgmmsFFiDKiOUYZMkYn2kvWfDrPXs9YEGjf4z6RDGtX2s3ChvU089ePsynd3l77sneTnhwL3vz8UPDrFD/3K1OzNF+bare5P03Rz1+8vkP1MV/+DDET7epkPTlJz+K6g0Xpv8sOTg4yScztPPwGgAjXg3ulWK47vVLP/Lr9ZvzB7Vzh9a7j+H7LBiKTQcVhdg8IhhWiBbKSZoqohQAuQouGQ5xJNkFvAQhbVAVFZqddRznb6cQRAiYkI7gSaAc68Npj60Bzd2DBpfy3t9c8mU1NTKy+vZFmW/DQ5/LHDOtK1dO2Tn/ikN+Htv3v/C50XBq8PRCzJETornc/93ufSNJ2emV743sLcoRm/EUomt+/d98Lyyv67pr7xtT/ed/e+xz/7u+bPjk7dqB6x57O/hxGEYObrma5j7PEwwbgxxAjYFGQZNjM9ky6/aAJSbHLnb2Rts2YEB12uKwYjfer0293kdz8eOhhh/x74N/pR3cXaWr3VWjmTnXqjXNaz44GkwKqRgSgueTETJicgipaT7bsz6vxF94kfr70lWmKuhi4uFgViH3N3R6Ej7g31z391WYyuvjpYSeWjs63VV8267btYLDZQs7xKFg61DT/ABCiIKJhQ9+dQqGcHa8jVCc43N1y4gLuhKgXfYJCjAAAgAElEQVQsj5XvEBy4E6g7FBJWe2njffH0zEEzMBeyQffFlSiKWntjOS+dpaXOT1bm//NPvPLSyosvvXjm1a6OvOkPtpNecu8vHWy0otZ7W8lriRbqum6r1QJosDZoNBppr3fi+UWB/N7nHp+bjvMfPBFPepplmBCeINjdoAzyfPge9hB8H46LUQ7JsKkYmuy15IVXNByRUXzlbGYAFDxbZ3+k6yLHz76dJ9n1nOuuxWzwd1axtGQOTaaPthjSiWyvD9WSsl9URJHat8sQZhhPhbyUDnWrK8vklUvILyftVvD4Hy9+/rfnF068vNAbLvS8mPDgAT55JmlP8cudrfHcLdHLgBHEwo+EpRrTBHusgEgO5LIteiAI2Igw2GMPPuKmNzwzXDi+IGHIlB86MJcOhslKp7/ajeN2dGBmaGTpucUkSWZmZtofbIvADNIkSeK90cnlU2E9nPl7M5KZ5t7m8W8eP/LAke4r3aSXxLfFX/zDL8a3xZ3vPpGjGwUwaT8QQRAgCNkH6tU2Pou02naBQI6sn6xJMoSQJIpUc8ALWZIho859YEcYxbusQ32RQxHPtzlURAG+9WO0JzkmSRURIbkKHbLChHgy7J9JXk6GADzkTfaM5AJPFGyZpi4rxF2TLywliTG2fd0Hji4b0fyR6eitQBTkUO9SCx4QRPIhPAOEkPG+mJItRHOPAUtpUpabZKgISXIBk8eM2TtCYHi8m3B7Roj7xsQzM8O0n64lwTrAiMM4aDcl6y88nYQhJ2spc3D86cXH/qvHTnUWkzNJp9PpD4aW4/yf/refmb1nPmBe+u7xhSc/PzflBT6bXp8JmAzge+wDXrX/arzuyIImqoQAqSyekRSAi5MDqTaac18FGzC7mHN9t3Uow9zfi+NDbQyS7nPd4+syk2O+ycd7w3w3CwN3EgaS3vCJE8mSAYAmefPt5vHO2zUF7btEBPBOrvbbLUY17Q8A8JL1t4I+BR4uhUMBIQG+188wFDRzBF4FYmEGEFKFbKn2RlqrNswAiGfnuOuYmw6hWFztdjrdZjtuH5hLksS8ckpUkEsu/ZjBk+HcHSH7jF+OAcD1OBgeeWA+DKLP/Xefje+Ig6Bpj7/wtSf6nYV9vjky3RYdmnQY+Fz6LxV41ZKakn7Z5qEeMjtan3NuksFwcU1inztDSatrtnRoRrEz+9C7rkOPTnEUARAEUUTdIw3ubMihKJCel+4q/N1Zojvix+6Q9Onuy4LZOIB95ACqCdpLVZWBzprJgSSTGY6Y+mJx2ZTDgsi2AXDxVps0lhwI44D7YoyKpWXKdewcpMI/be2vHWOChxmAYQRmzwNj9gNh6A9P9bDU7S4kSRAFn/kvP9s9/fLLnc6+D7RP/lUnJgZxsxGGzWa0NwqiKAwipkAoZHDySjfaiyf+l8ebnIeDZH4mDCdjUWF4PAk0Q7ZILSq3CUJRbYOsthBbYgaImDzpCxMPXe4aARBQPjcZWvYtEMI6MNjhibzLMXXLoVZh6jWhPYSz6Z2BHIqD7jlZSq/ajQEApEB8A8wbpvu6TDE+dX97sdPbXj6wkXuTsH1cX5CbkbrQjcK9/SaOPC+x5GSOq4WGVDc6jpxzQC+XEYLJDVnjCVbIUNDYQ9515E+oR0BRk1EOBRwPgI5UCykHIGFZ/UQLIkc98ug69q+j2oQ2fIquoeAazYaytPTCxutrs/tnKYwC9ucf+NTqa9kFlzNDL7zUC4P2E//6SSbvC//r50P2vvH5x9dfWIiy7v731GbvbnkBM5T8Om70+eYG1Rn1eskLWGi5JHRPHcRlId1kKASqyETP9L79FwMKg2dXBygQUP7YgahRU1GavYv5Fn9Ns5WzO+Rl744dYuRMXkhoMz6zhNmV/kyjD0EUcHgbL/bfoqO7W4R7BVlcSUUQ+Pz4I+1+XxIzHB/NHjcmzDT5eG97gO2N/9Ptm0dm4jw3SylE8yZ7iV3MuCMA1/J+etL2gn7WHwrH1WZZ2PonVTeD8tJ/arWVUdkYm1jkUR1gZs+LXIAkVt4nyDOkxiT/74JsgBvB8dOd+LY49tuLzy3OHJhZ/PoxGaTH//UXww3T/doXjkxzu8Xh5AzbQqvPHDI4tGxblZkBAGFmGwlV8Vn5GgGyHBvSH4gE0eLSy3Zg5tEDccRyNJEjU8F3VmUp3XlpEN4VXxYTAj/sizQBA56flDSThTWIcrIq0arpZxcpTZM9o794jiaKQ80gyYwonjiRGJtcwAPgATMBz8dsiLF9kmGbJAPppP1PHGgnz3ZTgQe+eLFeKXypR6Ny93nIEvueURENtl5tt6ptLRMq/9y6zPMYZmAyHiNolGxJzCEkb04Ck94+j9nufRfkuUASk7x8pAlJFhjwJsGE4A4OfQ7CMAyYfQ8EhAECrzwHAJklqS15cNnumuXtZ1VemYiBDNN+/p2uMeoBCHzMzcTfebYz4/PCqnlZdvtFv1odihm5wrqGh9rB/AejqC5fOJ6csudJSDLJ4W0/m1Ty9mQ4FEnL+ucVzdLMJIf14OV1k1asgDkw1NwIC3BqJekOhjm8kg9UcajJUJw0SNbTpo/0CvXVxRVj45Uc3hASEvo2Yriy8Di4yQHmfRGfXJP8fKkrjPK7LjIEkAs8RhlXn7fzgKiYTznPDAhgTyQXA6OSAx4J+8zsMTNceCEHzKGwDCXPYDKpJu6kZC5TMLMQcF5YAK42U2teUlGhHF0q17JZ85MBKhAjZojzwMB857RJB+W9jZibzchDJ4p5cfkdRK9XpUN2TCkRMOFIHDz4W0eiA3NY7ZqFo6bMm3C5QMjrDqQ9yXHA3YGZi6NTa+ayz3v+0MyR++eSH3cef3LRhuQeYNQ7lUnMOLkqQ3geMNfkdoN5MmrPtI9+daGTmIAQ+ZxeITgWYGHVlEcTlN/+SqzyDS+rU5XzCliCi7bbQuwaLhX22eOtIUwAOA+gJHq0ITyMgATMRmQoMMZydgnOm4qqG+IC58u3MOARBwSEjABMQwSRjJdQazkoaiu5TBXfN3ulayvXtG1dPytExAyGnf7WpUchh5Nhe28A9gz63q7jjV9Qh+y4ajsAFG0f81PNIEB3pQsKoyh45ECcn+h3M7EFq8ueS3cgj0zz5377wX6GU398/LK2yLzS9e7ZFwblqM3W7zWHhh1TXn/g8qk1efRA7GXSt8EyIWYkuGhG1p7zpXIxyCS3KdvlFAhG7TozAVkmOJudbfELsvVluuU1GFvujD27na2cr02NDAUmQ3+jYhZUoGR0s4OUAFnaZPYgAcGaH+si2Qxt31TA7EIAzkUA8cDM4PFi62oPtc3FRKBDgSDL+4l0q4AnIDz2W48GUTx/KFnsXv4bdCX5BXXIU8xM4jMPzHheeGrl5YWVtJsBSOOnO48civfFzZD6lytO5QE8IYjmM4H30P2zAYcnO6fSLL+s1n8r6c98d3Gx108utlKiXqpSlcPy7jqfyiTqnIpUUskZXioYCpi97ZGOV813vgWZNKyenH2VuXKxWxSSw5JT2yE7WDgt2wPkosLV/wAVIsAOVFmHZWeRCR7AAh4v91Rrinj8wVIRNA0BqHhA2+e+IsxgMrAZchCOA6jyKn3AZWbA97Y2ztrPHnMH2lApFwzMyd5WyNxuBc3JAMRoz6CzcNnLv5LsMrfPx/2unFB38Mm7goc+EpPJTryYHFtZ60mZDJsRll81LSdbzfSVc29tkeVwb2Ucfk+wfu7CP55pTt3iP/5/ffvbL6ZaXL58IIWbpGbldR1ertcWOMgKHGnWk015U9E/m62kInAVaBK/6SDd1JzgFuVtnGRm6OASU3QJ6vui/2OGam4HmyzVCRO5LkymXMC7lohQm1Aqn6Ql0wEmkCsw0qxWrq7yXdSZ/D3wGHVimiCPSEXNpsBBpnCLkvgYZEdfCAWpU5LN1QkhKGI0Qqrvgb+Hatd5zAzfBREmAAJdxzQB+CGYq7lhtsRwpb8bCYaZiEA25NXkyz/awqS7ipYv/U335IuraQaVQXpuw2q3vi1qY7e5PZMXMawx8BTzU0Ec8B88fSqgsJNdYvcIx1dMcrlQxAP6io4xsc+L3XQ4EGTlrD6A4HLYxb7C4DJWyihin9sQURgB7Dzh+F9RBuyelt91AYy+gzhxLCLVFCU8URgVO+GPyizZo5c1RcsRa50dcy42phEm9lAF4MSBD8AT5LkiBmMAG9xIRWlazXDapbMIICFxQOVqDfbh1cPAZ/gemNmrVl0zQB6Yq524le0ZD4tKLpmABUb66+hWZd+mj7gVfOHpTmqWcso9BZPXZM8Dhop8JwjRrnRIFEPJGd4QiBhMeGI5MeoBconZzwHvsgo0PlQieLCJNOOTfelUCRdTPj+zb3ElMRe/11ycMW2rBKMvw5jDRZtW6EWnsb1wIIp2k/tGLI7sF5SqkJ0rjEgKzhU5EKlIueQFXkkbUj45JlQKxtAyGAqJmeF5HjNbMn+Pc5AEPktmN3HDbEiuMIAQg4TBAQKPpBly6CP0JbAOMYjgg+sMPwQDAZfUFONrtPustVJuuy+MIRkwkE5PLAdrxIgDXuyWpRBPPVQdbqZqpnkX92ZnMeoBuQdPFIurpq+Xj5RLFN/biiiO92TOZ7OtBhOQF/ocTwad3tsO3V50HK8vcplCzsXCQCcdHopDswEzeMemiMkr0QFUtkSGAi6DIMmV7RB7KTb0sVsTVDwuNxLZRcehD/a9sM48ySCwSghmZfaHkRGAhxkASIahwFMMRcDMyh5JQGAfHktzksMo4maAgBEyfAvtKAGZIGC8HUFtuQiwSMssh42xNDfZ8GTf3s98thW9/NYi8PgO73Bvt130bsUbH/cq26eCvE+8vcScCo6d6LabW2zTVq6UTFkxCgZyyj298hkRoF4nkYAt/iQHwLhMW/7yp1rCS7xqFB8g9BUhlYbNy2GAwLf1GOGS79xWaBByWU6MfARBGPrMlujG95hYeBgoQmVpYGhMs8XYELgezsOYHGW6XhaHmCUIrAJFHAfgEH4AH/AtLNj61Ir0XbdsJ0Q4ywXC9miZYF26RnIgYq8ZhIuru6pHv80N/luVdsB9kQjeUMrqzlhE0e1d9GQtSPntDyjIw50UggltZqMy9mUBIwK6sqvv2ZaM1QgYKjyCparBeRgBWDyC9T5gy8kP9sFAyOAgDIOAQ7Zjy2AWn8EhFJwJA4HPQuWOeRHxGsyK4XBYpn4qXsBBWALKKjgHtq0eqwJnW+q2F0ZV5ggwsWwYaC5GEiOJ5B68aDJIs12xrLyN/AI69It3u3Kgnw0fOxCbgTyxai49ir3wbb+XJmM24lNrcuWmrcew3a4rnJUi8tHZ2n/j5UAq2DfJD0bobEjfQNQWFXe4NHuIgFE2WNQbkgQKTxiwPP/2NQJlJmFCyGBCEEQhAx7YD6tnHzAgIeM84AOZAQVMAuKSFS4zyIYhQsmG8IQpYN8DM3xmZsmEyYMIMtgoHJLD7lpS2eLsUkgmY1w9K8QID4cn0/I2Bx6SKziy3cs70qGcydtNxHMlsVVmM5BTw53P+9BenosYYBBOrZURH1dtjbdIQDB6eQ0Q4C3lpdjHfMRhwN2+BOBgEqLoGhleMcjbdjTNhbwAbBQgGLssC2CRyONcgcwWBgUM9jkIvJDBHtiPYP0YWTvlCeWAx3WGDKUeAGAKy5WPCihDGb4weVzFuTbwEgWftx06hkiZaUi18murHi3WjYqCc5EK8mEydCtYkBle1LT+xeQd6BCTF5WtpV/cFDFhqNIZXNyFpTyksLsNysoEqMiAF/spE4/1QzSfaYYmk+1qYRRNvgIN0iUSMOIgWEiMwXB7Nhcwwstp5yViv0Jia4M5kBMs55DZELsHxsYiASFkhCEzgf2g3AtDzOwJcjDDK7mO2A9ZtwJhGU9Ecch2j5ul/tNxyGwrCLZHFkBMmXlplYVR5ezKxpknrl3BkSNDnsnLpVXOk7Llc1WySx3KA3jQMZj1ip8aMCKf+5mYKwQabZ+76289wqwfQrF94+NQsZRiCQZAABluRdZeN5X5dtBfNW9J4HeD1w4oj4Oo0zNV821LjFT7ZXYSKVviZRZtVDywECAVHI3ADI8R+F5g4x4/BBjE7IdQ4TAEM/sBIGXbza7oYwaY7apWtgk5M0PEAtw8UUEGtjG75GCPVbZiZ6ryeWArjtQcCpxHSdMpkorYXKQ9GXYGV2uEcMnWk8sLwwPlO7qfdpPbU82+4C0KNI7ZmBCFnGTbkesICABOimDb1Wy/LFMVLawIcGrNxBd3Uowi2oUGREHYHfSvhO98Bz666oxayGy1Q7KkCfRYmMF+6NUZPrMfboW9DPhWmbhEZUzafErGvbayxlhngMFh2WyHJ3Z3FpVv5DEhHRhZVfcc65NKNTMJJrALu91XNO8bRD4enGlyna9egbBLOxQx+rLDh1kzsLRyGdROOI5GCf2hXKr5i5ns/vlZJxL53L14TWS5pfptxWJFrv62CUqW0nItGlgIrJILAgKDQ+bAZw6qoVJlO/4hdWaqhitK2Boj8EBDCCAGACRHXlL7Sja0fVOBgV1RZeFBGUudSyLbUi+rvpktcFuKyPEtyYUVJhPkSDLMhLyUpP23mz18B7IrOxTQznZeFMnlKng5EPiY38szAX8iCpLsMsq4ewUKCI82+dE4uMy/kRxq7jiE8C4okBUZd1Krskx58S4zoznphQ3b/gzKLgQgvI3K0mIL7a4+rYBBHNgNuIxSz5g8O1DAxGzdH4NtXZHC8ghbSIHxwRl+1bfnqqqnwiKSyfA8FhJJzFWNam2XXdkhcxVdAg9IsxKiynyZ4/DlMINXEgb6imPd/qV8pf0Mcw2WbHsa/x9XPKrIYmEXBDKIQ0YUcNgI2M5XoLo4vwp6bAlovGHYxitlJYyZGJSLCnMgvh0aCYPJHIpxO2wcd8EPxk6yDKfGoCIbWUMugqQB/UyWzC52I74T2ZUOvU3/a5eSWId9GQKJ3KNt36GdxAALNgy85C1G8a3EVGXAq4Js707Kj8hLU8RDQgDhCh4E8SBgn8VIaV04tNrGakPm3MYoJeIjE6iBAuRVIAAGCQIu0y7bd2OWOoPK1dKwAxhsYbVDAFsxtdqIyu73FNsJ7mfov9tfsb+9OnUOnDJXG468PXK+NHKaM3lsK0Zv0wO5WvEAhFvJoGzlRICIwC9reqCtDhpzYONuYFs7AhWYVQERyXLU2aIfubHNa5+HiEidOfDgc2VpUHbzrQLxJa7NhqoWMZflBmj76FxtWfEi+dvjjkkF5pIiHsPLdccgBkC5oWF3FssDwEB+1QpkMWt8JcVVWO9TzXCVzQdmj20ZWrafswcAG2asK1sKJBWtO5XIV2aP6x7qXhm2E2RDxL7FhuTKgMD3QGHlBy3qA2WZcStBsxMpggzYwGIiIA52dct3K3/b/bJLxewuGLIoxJlm2DVXLD5tiSLVd8GZCcCa29nqy0agTMJgo1ztLoadEhEVVo9trsRV7m1Lxm71pGXb7a9SpHLQUXOLzxepwikqQdZMoe1uMDOyHBxW1ohtW608UPlLQLc2kyRGThqIDnkX7Pe7l79DDqucy2h0d68GAHgeP3Qgbu+1OcsVX/xOPX4OMJWVqksO5V3pJPMKxRARQAKSMksS5BsiMoQOqwaWlHu+FThva4g2J7fTIFLC2AZ2YMNjOyWSCUuVeRHgeeBQCAAzh+AQvgefwUEJOrOZv0rVlGVwADDn5WaIk71tLFsX31grTL9I//Xv1A69k2jaA4bAYmKCdTM/Hc808s6qBXG/CzLrMxO6O9u3t8pYj0PiXMWoDIXtJhMb9/B2moRMAIg9Z1vRyXJswRMEFpRSzVwzIMx2c5e1HGVtiQAZgsJqcEyAANgW44wPaK9IbXHInLyEWLGc6mTEk9ysB17g5VkumUguXSO7zKX+Du3Qbjtc294AACbDwnICRfwueXWmPA44eecZr5RDGuWaM48YgIgkRoyRXOw3ZFjtAqvckm6NopZTsLQVuAjA6iH3bA2TLfiwxLZakKsgk1KTxrBXoCyFW7slBiqlfVKIxwIebuTd7K0l+pDymYCZ8fJAFtfS76wkC6tpZ90MFW3mgHa1fefv0g79wjmmKI6vpEfioMly9VQQDK87MO80UykR1iIBMwC7ZYIZcp5zS+CRswVZMlWP3G4bsh3UjNkPxhPWQuBMkOeA7blCkHO1cUakrP1s7YazhSWphg9LawSwhyyv9EnKGP+8iEjnjJhLkoz/r733j7Hjus4EP2tuL87NVi9uDbqxr3a6AxZWdPQaYuLXCb1hz3oAtqEZmIJiWFqvYQoOYtNrYCyNkUSKEdhaY5CVjV2v6EWcoQPYYQbrBTVADFKABbcwFtLEWEH3jOVlG0ODTxsKU8SyMVVIv517sV3APdi+EPaPe6tevdfv9Q/2a8qyeUBI3a/r16s6de758Z3vEGRmeOi7G9iqpG0l5L5q9PPF6XlwYWDtrokn8ArYdnRv9kzC9xW5UIW1qAqFAoBkZsuAL8c69gMSURqP36cdCWNQahgGM0rmLQ+wDHaNAkFHyA2yY/bN2kQQzJEEZNX2CsBUiGkbqvr+WASw8RZubfBt85rBDqNenpF1y7Hy7sdl9yyFs9ivirevdFSczmL99r3mJAWMY0UULASgmclQITQE0U6IiYgkCTBbZlAPEN6NjmkasNobHpAkZ9kBEUhWniKBS40dkA/dEVSKYENaqE41heuREBKlDgXdnvERn+nla6Nyi7wf2vhg9+A9LPLIqTIbExWeUe3w0q+8+u6fCnvfl1ARg3GWGNowALttPKgIBFDMMoYALBMs++qYBETVIQSGkLRt2VnyFqhEqKT6SogzQKjJ9/Gv3lEr/QVYZs7vDi/6fVNz5KrZe1qHjl7TkLd6HNO9++bSOy4ihoOt2trDw6rZZBwgoI0x2xyqD9WHkEQe3OjT3JaZArtI6KpmhrUsQNMSwTGq8GVsPYykn7T0/42oT2QSENa8tnkQQrN7lOPToWYr2OF2G7PP0F/8ryO3PYxiCdRNkoc9Dvsx2ZBcNfHArw6WtSGKbEyktaFpggPbPmytir9q1DOzY+xUmWsPj97RgMSUpSkJZ9kCU1W6MqJgh7wD1GwGEkBpQMqD85m1x4qsZhOtbgzKcenQv/ja80tnO1e+t3rxGy/vsRkpeulLFxZPp0TETNqYKy9fvfy99frRpam6+pcvAlj++POmAt2RwA9euSwJL3zt0ur1Pv7xmc+du/Dx5Rs3s8/+4Ut7PP4r336xfaoFSIiAGshL++GznwXwzOfPP/mx5VjFALTh1ddXv/r1y0O7pwoQ5IEuDEjvuQZFJBmAFtCGleBYEaaYiLwmwUKKgKsHM+ea5mMIohlCjyGINQNcMXhYTEveshCgKTAseaCS71XtAYJrlxkAhE8VUUhsCoKQpHVh0DU4InXYHnJcOtTupGpGLj6a7r3Z008sn3tiqQouqNWSL37l2WuvbXD1bqUnUtWK4Ww7Tdd7wSAzkMwQRSAxACRSEalWEgdVGzCETc+RZkm1kmonApAIBtBKW8/90YVqX6lmcOHhCyuvr21sNGG69lx7AQKX/HRB5/HUvtBA7DgWBEDvMDEZ1tLFtFMFU67CiTNgNEUS1GIGRQCIBWGbmyNyWUho6yvzIdTfYUwTAJQ+zmdmSwBvM2ZjYsuQ5EsoSkEQGQMX38q7Pj19qCd4cDme2J6QziUAtdJk7w39QHVT6KVzzzz7hy/5WnQyX2uGTf0RhExODOLORMPhGPiQKlvlb5n1/fa1AlmBZ/7pix/+0IVrr6wB1P1p96nlp5efuAD4a5YAPvyPP/vh5Se51ACSEwNfISXZOdHvnWCAneWAOmUg0KIHcQBbdpACUhARYYogydq6m8dQVGUO0XDJywr0472ckmEYznJpiRlGh0J8npNm1gYCtKU9xJhrig8ASgFYf+sYnSEckx1KZ5SnxknnEhI03uGokmEORWb0jPE0Aw1lkenDiY9m22k68CZ5tuXBPCWj4iQMFS5Z/dA4okNRGABcGkDCMVnjXQpZ5Xyzu1mAhsHS4BrQmaGkzC83G0OdtNVdpHAZqJgYCUISYJljFVvD2GFMkZwCa4NpIgZrA0c1qxAYJMCRDOsXw2el69vIlsmBEciEQjGfmSMKFyBiRITIF3qJnb1x9xidIUxch1JCJ1GL/227Pnyaqu7tESDrxvkDDqYo9fq/vQUg71cdbDrfCkd+OBle0YPV6QsN/X+Pi5yndksBNmmpC+fPFVtm9W9u7Zs5bwkszQKCata2KgIffVZ2bB2UIEkgQTIiRCBAlyQRUoswFtOBucybH9MzNKNISNaVv8zG9CxFMRTBVJ1iAAS4tEQASTAIzJIqHG0g2TKZuYc64KFkMjrkn+2ZGVpIlXWgWW//CcAzTyxd/PbKrVEw6rBNdQlZt3j6U18d/KtMH079BumQHRobkO+jQGcUYqJsC3nPdIBs03z1uyskiMBtkYYpVW5AOQBA2FTIc/MqOREboEXIqmY4rkMt388PjkEkQF5vIGmKyGsPSTahE9/agLek0mALNBvzDgcctWew73HAv/aYnSUBLrVvDAK8725RMgkCSTiLsibX8tUP7W/FjW4+Kdz0OJlEsQCekBXscGWjYIeFJ2IAzIZIxa1k+aTKN4p7aGSiiFozsa8WDfkle8me3yljbBjNkB70qMFZjwG2AnHNhESQoQOwDr+hYa/cxspdQxHgBtltBbjiU+sDSDx6WkgW0IxYAYJIUFiGBDMIpQGgIsXa46Bl6HPliqohBGjVDambN6pTIKpcQyLEyi+kKEwFpuaNO/lx44In4FN78EBWYsOEFp/0RArQxk8yALnDWmbGltgdAAUxeqBdOq8gaOOnmYcLtuaabjVVXRV94YDi28sUFQxu1BFltXHldDPQ4CF1jHAOaZw0QMbo9tAtUTCU59msgWOA9ZyNou7WJWIhRiMAACAASURBVAjEgCkrgGIUQ0ASpFQ5c76lWRvuFWALATgLASifdSR2zE4zIXQnejYGNhDgktlX7wGQopmWzxZUbR7MPQ3HKHErO3I9aD+ZgA61BHIeaNhopS043HjzFoAkTbtGFwcmO25KeiIFcGPjll8A0nSfTMGkhBwyX7raU9gxVV1T7Cw7eGozy9AuuDjBaHgyIUEsACLLyLeMLjSX0EZzoeFJQuI4VMFKH6aRRxF5HBI5cFklo7cNBXQbwMw9w8ywIMtgCwbtAIKKPO/2jtehxkR0qBhkOiJC2kqKwnTvFgDSE8l+pnSsx+eVJr9r8s0clUpNRHZfUGWZCKjGd+wnjZYpCUiGZScZKBznzNpCM6O0Fkhbko01PcM9bQ2zDTzAlplL5h324EPe4bCQqYBwDatYBBYyVP4FsWYu/QBNwIf6AiRCjzW2ma3mKXBPZ2/lfLz+NHB0Hdq9bCRJC0R5ofM7OUCtVovuEVwRcjNFobMsByg9eWCX6BAyeI8HOyL233mQ8J9huRr7WjAXBpphNDPbWEldWk8abIy2bD0FFrtAgs49C2MBG/w5Uf2DzyRpEkRKQYBhiQBn2bvoIlRLfNsrM5MnBtk2azezA74PR5EjnWFkc6E3PPmWye5m/oVP55Nud/R4KN877jMxu61DO00Ayosiu1Mg5ACHzn8EcYDjQEA+8toOfW88dsw74AH5SgUYmgWrWAEotoztWfacCwwA2kFtGYiMiKiVUBRzaPMIDKEsmEoQUU1vBQddcqwIDuQ8FTXBgdl4D4kBlAaxunH3+K3QEXVo5AWGBWgzNz02xiol04fTcTq0t/jFK8+9HcLCyWP2hyYUA/vbohkWnDOn29Q2SFpgtvDANAGz5XteSUsY1qmx7XYKgNlSJJmBUiNSKAuPp4aQcBaOrWf89d60BVTArFUWq0pSE8ztYuPw/JP3IPeoQwSLMQx26Yk2QEVPAzbfLJRqp/Njnz0LVFXLXTDNiNSMAsMYk23mgGy1WkTN2Hb4/BQKDvd64wZvBrsKp3F4qZJGVjupHWdloe6SR11SyCaTdKQdS0dsWQnwtiGWmGnxNDUgHJWtZwswayMJtgepJEnvulXdbd6Wh35FhlDZZn5f+n3vSYcIUCThRs7iqOxQXgAyy/L2o+1784V9pawoCgBZlntHIZlvZeOz3n4dObB4bTsqG+GeFyMBwEELaHAhQrInIfK9FuTAgmMBw8GmwDCMRiRDR1E4DrMgqxlMUkCSpWmqAI0AKgyaVyNjMROTIIs9h5NOTu5Fh/yjGveypydSQC2dWU7m0yRRAO0fk++6Cgu0veYJXPj8efIZM1B6Irl1u6jerGENOLTRcCPs3+DRjrQWVGA060N0W2W0c2YlEFoNq+9QFDqeJpojKPLxOQAwo9RaG9Oznv0DkYxnY1IJO0tRdQ6vbFzhG5mZuXs793w6jGPtGb/XtcyM0SEiarUSAOc/eR6A/3L3ZoeStAXI1lzry390wSsQgpHb2HO/w65lDS3c/coe+SVm3zJW/VprOTtAsKyqE9pClaw1x5EmVPRWALNmzUXP6oLZIWn5+r43QjbE9iCQhGFEBIcKZ81pJNspNm4Xk/Lzxsk96tC4p5TMhzL7xf/tIhwnc+n5T55XM0opZUa234SvRwDanfblb70I4OnPPJ91s/REAtiNn3RXr68CePLj59ITSXoiaRihMXK45SwcT3platQ3uCbxOJoM9BxW6Fgf9NkAx4ZxbEoyhZazRBFCmpGZmbOCs56Bo9bDqTVZK/L9Hjq8ViH+tx4o0WdDc7S6ka8HEPXxukSTrtufSAGw4UvfvAQgTdPznzzvl7ONjXH2IzwnEvA2jPpFVqxeX3vpW9cApHNpeiKZdKqaMTyMoq+a5I64lI0VWx8fQZ8sQzNrh5TBRU4qZkEwWuvclgwmCJi3s2QmvCFsGJ7PGkRRzEZTHZcFdiyYCTUB7ysTxqD5Z5xthkg+u5t51Ms+y1nIDzVaNoX12aAsyzxquruZISSfqm1CNGfv1S+2oxev5mw5mAksBCJMew3Ee3Wd3xe2HEKy0cIwsrs5Gz8aIZgQBmkLvR2wLuxIbxmAyTExE4CSEUlEMYTkJvc54fgihsHvN1HxupLdrbJBDvmdPH04HWc/vJtJRJ3OUvuRsA0zqyhWMwqQWTWWNbvdz3pzFd+nqeqcXvS7dG+Gk1KkOqfb/tl3b2e8Dy1a/682dDTjTKfNXq2dZJ7kY2DhgSX9kJsEfL+qLimlWLNVFtjUPl4wxhpPVulYlwSwLfM4IgkLkjU7EVHo3ucek5CkiOG5qo49sMfkdahKMNafdG9304fTcXaoe7MLkJqJr1677B+nMTq/m7XbHsVm87vhUNnbQUXS+aR7O/z83B9ceO4Pwl8//NgF/2H7keTqyy8BDIenP/fC+hs3Rt/K0OJeGz/ZzTJmTURXvvUcAB/pdLvdo+ZYXOBDqosYVB/PIxIFAuOMoG6mmbNYUWsmNo5zw3obBBgBY8MR4gjWQUlVNUZacHCMVCtGNZvm8Hn2e5QJn+fWzVt5nq++sVp/svLaCjNnd0bnqa+9sgJBi522IsmA7uXXXl31MydWXlllZlPNR8vuFte+t1ohju3KK6s+VRtm+WwaABvdW9deVcG0OAZgxsCWrMCNm5mite6dGm9vTc9e+Pyl5bPtOCISMAY/WN+4tTliJsRhpe+ouyFoW/0TwafBSs57xI51mfs+DZJgB2wTwLxNDHDJLIgtU6TgJFoq2Gbvic+0EEvOdXa/eCnfd+a3z9Tuy0iRE+U7+qUVEiBnQ6eAgHSwQFyxwEoRcJlKkAQTkR84LiMA0BrsmCTBchKTIsSKlJJxRJQokAwAag5VDu9mPfWVlYPPF99D9p6B99QTT71XORvee+IwwGXrcWqN1AaqPjULMLOxYAFPQBNPk5om3uZ4uiqpOma2mArzyEIc4HnTmTGriChVdH/e/gc69C6IbAzGC8yKABDoH+HnWTmGDcB7W2UWQaCoGuPiAMswpqqzMjzcTBCRhGB1v9aP93a//XtYhm587SfVnWuuGr1Qhrl6AIFhAHIwYBKQDJquZhE5+J5FNaMYBKZc3yd/6D7p0EGa7we3Gb3HwZr4D3+2PbccxYd86Fitjud9gMbVsGKIZma8Eb55gJvlJluorWojCp5FdGBxJKGIwI7BOmD174sc13mIKJlPWjMt2agWWMemZ7K7+cicTdpqLbQHWphH5IkdVt/o57uJaOl0u/5TJQzAMjPbXLPpmd2163QuSZO6EcDmBuOa4EjI5XYLFSU+gI3bBbME0FKUJoPFkEb/a/UJb9S0hpWxsa5yhoSvdQ3s5RnQrWMwZASSRALMoCliZhIgImOQA8blqUgg2E8P4siAQgsbOywkra4p7n0M8oFl8jrUmmu9+CcvLJ9ZbpTRh/CmvPHTGy9+7dJgHzseP7v45a9ViZlduwCBQG6h89laJ5Siv/jmM+FP9Yn6WWb4HE92N3v51RuXX1mvj3fmVPri55fgAvdl97Z+/EvXRn6ddqr+4p8te7I6zwK79IfXvElZPpU8/0QbaLYnh9y3DYAeNsxPffOG54eob4T3e6i2OiPS5SFXbpngQIIDWmgbTGQ0fP9aQooAYuYI5OGggkkkDAuHXJu41TKbo9+NCcqkdUjYy39+qf1ou/HRLoUQtvNb7ct/+dLy2afMcAtmH8oAhwGdQKNQ0JRwuwe7rlCrnQWQJurLn1vKNosfbGS+B6j7du4zmv7BpzNjp4a0Z+IwzscBQNbT3GS+big3wJ6V0YKDK1M3pKKyOm5X6q+u8gazVPf+VmoEtg4xgB1mQWC2jhLfTxJJFkCkSCk49ugzjgHLwb5tH3tTByauQ+2Ti+1H242nUf8wnGNQipbPLl17pZ+NtM3td73Z/ldygGigYXwjn+AR27uGIjqGw5NnWqtvhkxYNy+YdTCUO0wC6YzKRo1FT1vEjQrawJLnNEoVUIbOIzw8R6xlJ+HAsGxrSxMyQ+EnzxgM8oNjQj9adcvChYn+DeFtWKCi9WQGmRL5HY0WYuERbYyZBBFBa48bSWfU6t1jN0KYvA49nDQNT/Z29uwXXqj/+twfnF9+bKn6jdsnW4N7c7/eCZu9lT37pcvAsKnnYTiVAev6GT/9xSumcraWH0me+0wHlVVIZvo7cok8K9IZ1MfvJJRtjvhGaczh+A4MZHcaHBoMZmNDhgY3cr74Btf2I3wNEHbZzlC3BwAOoyaGefjrd6miavDjqitEileyOKKYPPE+MUBlmAVLc4QpiWgErcVxyIR1yM+XrH6zXOomGr+xcjEAOZQDczWmkwEY5m5379fIAoQyDxA+AM52s6LGPKQzhO0+Aku5AQqVjW6WnlL1xbRnRrNbpgTPE+WzeTeazJjOWAPsMHwMVfIotjEeG8F5F1tw5ZbVmUYCWIKsYwimagX3/LLkM5CgJK5iuh1GybQDBiNmUgmkRESh8eMAI0qPKBP3qfdGKNcmyv93kBdH2AFTtN9kewBwCDo04Ec3/6rr5azZQmCB7E6OVNd7LUS8W4GUsInQXKKmJM+aBTi22Lb1yEtmAKObvkeLp4OpFizZj8sYBDhIQRaN0TCOUbnhikACuvSDqZimiKfChGEQ8balGUUO7Pg+wPInrUP7qPyQy7wrMK5TrrD+/d5TJATAJmzseOjsxIwyqx0j20goSKB7l1HzxjtuTxM5OdTRlyjJZY6d8PxyA+MaWmKB0nhgBgCUtAdPr+fS9031FbU5jw7K/NU2v8hAaZaloDiGYbQETMmSJMCegMZT9EERejnFniv057Kv4wAy+vHnhe6+1Q2GyiEvBpcqBzhdmR8G75ousVscsJOHGe+7uoIZOQzCkINQ+u5rwI0eoBsrHUhFKAYJDlKy0IU/EQPdQjVfagZzAPf4F+BgPL0iNHv0iYsqfio5UNVvgrAHYxTHlknWXbCeh8lPSVNxVTuLk1Yci3sfgHlwmXhsjwEFEgPP9eI3rl38xug0DACAA9uyH+fmDsIAV1maqu5IzVYNB5RFf5ljNPPLhlEU1KLgzQC8EMkhEudUsmd59h/f2hriGQEM6jDebmOP/HUdefnrC6ZFeCJHrnpIQkmVXM3Q1Q9Q/IoZg1QE3mEgEAtbtipWLMAUU03LVHJCaBFl/mYepzU6Dn+oqUOH2dUxXI5qaaCD+EMAOK+GO/mXWw3oECN0Q7OfETZwK28VaM0A/tE5tEmvNgyVBdq+QFUdLTNDiy8HC+hqHd3nUXGVH/JtikFXaiIvF2J+VMu8rJb7MJtDhKIHTZEUMD2OWwTHbJkEMVv4YQyyItQ64D08mky4bs9hwDIDGtBJC6hHIO4vGmzgckCD82CT9j+l8VzMHpTIQz6WrbSH+3PmaulqChdbghntwcZd6QeTcfXPoTv0RByF4/d16IASpmUMvGMhhgcQjJBskDfEgiRBOlgBdoSd0BMCgJl87cizyRCR7yEhRcksqbEs3hOTCduhvCiq58YAlMKZ0631Nw+Y6fJ2iOAMnD3oO8QVUbzDsFu906cSC/8GZaOkKikAAtqDfyXYxIWsAQHZDobm7jCAso+xP7iQkP1Qvv5/NWW86h/immOURGDIZ4J0ULKaDioYAEWxvxgKzFeBY5/8jJjjzw9N2A5t3MyZizDGxmk4/eKfPK4OyB3DjFKDM3AOlx3Mp7bBCPHwKgoAjmoTMlKHbpV9GwNGIrhZiEiIaRvY8eWGXQuZ91pc1ULEAB/c4hLgiWBHPeDmpQaCLPgoEwwSgAUESwmlVPCmIwIzQ6JkGONZrZnRnvFtHkdpK9h/30mvZSVf/s4qOAfnKAuUWTpjL/3J0kHsnXQMLrCdYzvDdkEHhAPXS5UFdsa3S4/SocKhqGA6AIjRFn1Hvt0E9Dh0d1H0sRtQQbgRGabxF+31aOCYtoKbNS/V+2p9QAj7JmOyzhsnWbXIERFxqeEY09KPtV/wsIkjNEor2j/jNXkc48Vvrq5fv4GyC868Gp05pV/6w/17C62z2Pa7+GjoYDlG7zXv1FoypoVDDAeJACxkZhkNXWkLqt+7VDQa3gSyXTpE1ZNugn4OIr4fg6vgfPcVMwAH67gKCTmcgqjCM4ZrDvMn/Nz7ng7rmtW8AwBp2jpii9nifiz1OBYsrMMzX1zPbuYwGUqvE/mTZ+yXP7XPiiYdDyw997CO72MGhi9AArecAvqkY4vU93PbIhTS/Zp1a9TByQU7QQ44QGM1e+5iMZDwGfmQwwaCSTRathvlZ+zUPrXWJXM19TwEiVPArKIZHNGhttv3fS3zYkp89itdk+uwqLEBFxf+MT/3xF572eYz9rAH0fcw9ulmrW4u95sQDvT+bfCAarXJSBfOltZ2S0CDdscFNaGnR0bLxnWGf2Ksh0QDP4QTSf9Bv7iBKqNU/8r+eiCYp2CYdek704JqIiKKFIEoktgBEeJ7JTL0sn4A+NFx4RizAhf+J3PlfyTyAbOz2MEzH2NT0uXrB3oz0haufbJZCyMAP3ibLm/EI/avigZXPmTY+a9NSlR3fLx02Q/XDbsnBNq0DEmwqWTaCVFS5saUThvrXQr+MnLpQqXCx2sbQq2Ob6/wzLJNLZaN9kIG4FhzIA2W8PloDimlHbY7pKbBJaSqvBYH36NIoT1XdubpvcGTP1I2Mvvsn9m/+GKM+jYJ/vJnkJdYeXPkHgPJSYr4zCkAtVcbKlYDo6BE9aIyMAUAbaoO0hh9slHgatZa7414lnkJFvC05QAUIyGZMRLy43zC481ytXtfiND/BRdaNVpgCIRx9QIM5MN1+zoHFd4NnyInQdJjZEX/4OH6HbNADIbzSCM/B5gxRX3LxzmQ+oKjnxvEfkBxaRcj2mv41yTkWHuD5OqGfOHbACWIFCIF0YJQL/1TdNJRC41o/Lf+pNYSAggcDb7UQmKGoIAZYAZQwCwQA9NADMTALDCL9kl6/JRpz4wonrBA11H/LBHakQbQjhCYWQgQ2BjFmy4FEQVYKhGk/+d/jUARlKqUbH8ZNBWNm0CoJitGFMIC/1JZ1jsBc2IcUDIckx9VY/ovUjJXZ5OOS44d+//ydU5a+pnz3thqgEnipX8mn/qKzcvBfomhpEhJa7tAYbd6u06gqn0d4LCyEcbwwlES8Zl5hgMJPjMPRbi6uXtBkjdK01HVEQQ601jpIaVqHXSAQ3cUD4sFg/voHA10XUCc1RqR784IAE2oa/jQQXpKKzHo+QsA5GuxJCFDsEbMpDyR8BQFSJpHIJGEUhAgwd4wt6aPnVHvfvSPXPxXeTpP58743xjOpsq8eJ6e/fYQBo2ab2O34M9+e3dGwA5XNaMEzvqsJju88LoypUed2nMpnZkPVXeEYueImmhXE1T//V7wkDSECJEBw5SNQWhoDgVXAF3Q807ZxvFH+0F1ssePYm3IUCpoUJkItgo1HMcxsa5mLQCmx7E3eB77MUOhvuwQR5TQ8XIR3Z8eJPnCN4t2S6WJgdPYYTCfe4Q7KW1kzfvM/ZKWAPHIgGLQdAlgWsERdiScJdfIJbtqfkqw/GNrol1D4bwOcEjBABLHRodPbo3Z0af76qq+FrC0L/zDclWg9ykf7isNNautIYEEIrAN5pBIeHAjCL4GC7vDShBFZJ1WIkXJEEAJionZ+KGfFI2oFU5Q7lOvdM746r8crqEunRh0ApjqJQmHSA8RBGFKQUiIZC9a+DFJy4xhmJjB2zAWZJEKqxxzCWZoxvoYtWCGLqEZlmEdmA+cEe4nzYka0Xv9U2hsrYN5LwK+OYkBozmJFQA5FQZTSxWzANiCiBywAyJCJEnF7WRUQDA5uU86JIHVmyi2/Igg8lUeNeRv1i5C43U80LFFrUaDAPjKIwbCezwyacSQmc/OTQEAC3SoAUUTyN3oZ8Ci8Q/DAdhIsb6KPqDoTI4p9K02LgoDQYYUBGYiP90cFtDbAKAiyIggKCBDIgnHTMzMfkAMgxdPxMeqRPeVs+FW4ZO54Z/ceyE93DIr+9bo8HJjO6QEeAqQOBcxpmEj2AhM6I7bbTBmHDuVb5dY58fj+YMQqp990rLKGA28DzYgr0mCPKjIsIEEO1jnM0jok+T7yqsfMiSQHC3NuK/cH38oCJcEEKYAxxB6hK2pL4cOVDoIMm4FqVdGuw9GrFuSFgF5LIGFuDIDFiyQj3dxuLrmuit+bxloixYsHVmwREWi2IdX8zBow8FiABIOh6QV+6YDY4wkkEgAi9IyM0UEFQMMY9N5ReOA25OQ+2qHGABiCAWhABpdBwgLEPGheH19XsTu4nkt+zC0PQBJXUcN8BcsYCvPI2MaB2u3DtqT4LmQEzrMBQc1DSChZkJIEFXrY62asrYlfnsHNau00YHeioimvT/E8ESfDJSM0gJSRXJB0fGZiwkfuH2qde5DVUDukG+Zl19pLgV+wo3EFOBiudtvDgrkYTEH9E/rpg4GW2q+bVZiuw9TxOhADwAy56fqghy077etsr1dpjEoaetn/8hqFTsw8MNrZw2Ebfh//aofAPSNhyBdVldfKZ/ZZnJIYlBEzNBbWlqJmFBDz6IYkSKAmdUs4djmv0xYhzoPJ898eqGCi6P7Vj6oQ3UdERCwwgzGHYTIV9Hj4CbjAHDYbQOnfZbWYyf7f2JrNgPU0DLy8WOmGLJrkaIaKOZbcxhwyIA9fOWYoCI/ZjXMcz2cNGIIX53wXnB/AxEoiGtlAsLATV1yEpFvQdQI1ZVYa5qOQSF9AAFMAYbj40QzTtrAOROatrzJtbuUgOLQgyGUFAAaZWFKMBOHHaeYethfhxx896C34WBqxvbMyAtwlZrb+y4ap2jaeOeJEZDLAPKx1ksmM5yqwODBDlTyIdIwdem0/iJouCxN96WySQFIJPw3C2ABZoagWBEANtYS0zSHF9UxSiAmOJueUHS7OKZs9cR1SKPMqpWIeKi/x1sXUWXRpnlQh2LMNvge6CC9QVV2O0Cqh9sUeQf17fZKPc6oZMCyAhxIwZsC5WBA2V05zhulCOm8vwZYh1jSQXXIh+uOmkCiEccPbc79gVtUjfz1oH1mtlPBJqHHsSKZJkTEvrgGEBFrA5Lt+ZhccUy2aNI6xAyTQ8gwGWnIjogwMRkOIAkxmLYgBZXUHYwHTRD105I8/EAE1DTgGTbC8xi7Kt1w9JyqmDdccG4Mg8dz5pKo/GgBOIzzm0Zf8xAOtnaMHJoqS42lLRTFQt2mmrK4AwhYAwiQg97SJGKK/JIn2Rg4QNh0TsURmeNhG56wDjFrbGlQ5dCMu+ZB0ExfSMFVQ9rpYIkx5sb0rl0SAb65VYD2tOSZAWZCnsVvyYy8t6diCKIqh0kC8YEfkMeGwB0mVnLVTROVxfXlNkcgGA3aISM4dYF8CI5ANVTckpIt4ux4Kh6T1qEeUBQgAyJQTI46cwHZA5AiBpsQdjkeJp0cQH0QCO2T1SwB/z8HwGwMGQbW1Yhur7GN502QUR/sTHs+Y+OQg5Pm3gLZJu1ZvuC+6ypAERZnBidZ+Vrsrt5I/3U0EFeGp36fuOaLRWVBAfRJZEO5A/B+M6xjmcM6xISklbDTXFpKFFRcp5ogJAlaSNR6Lz+OXrMJ61A3B3JgmkEM4pTo6hdiRAqCIGMIQmn9Wg5hbvxsl8vcp1Dhdhr/4FtPAQgNQDBgsLWLn1sdpCCqXASH3QN++zkbAQBWWDlGJ6yQWU+lKfvJYv7R5nvWvxj14wQBnRb/4HcKANipav6MvMTjb7R40JiFEAyDtlMMKxAAEvB5SFSwRr+tipQpw90zjgGSjGwz78wRAC6ZZqq0tR9bDm5FpEgeB6RxwjqUlVj5mTo3Z0DANCNiEKO0oBjEoBhEmDIQtHEb6xu3Bl6LMH2yAbOq+0GBgFacGjxfRYzCje0GvpwimgqMYyCMUyAA0mHD0HIE8gAdMBPlGE4X1+J5PLRDLBp1eH+VU/BZPqaaEWb4vF5d6l5VNG1tPy3kswxVmwD3b0StQAywg/KHslRvgNJCxRBBWUlSeiLhgzaLHk4mnryUz29gLVdLs5wqJBFTBEwbRAakIIyBygxWb+PKG2b4zjrm0gYocZMtr3Yzg6VpEupKBgHWh/Q8NehjSenb58OEg/EKAQCw3Z7kMMwK7DgHjBu7iww1V8oDVytQkhQAMapmD1/2P5BUVodAXlUCkXn4mg0eKhH0BggZKV8+kwSSVcFf+JClzjwxoJJ5osMBIg4qxzqvYxwEc9wBDw7ZbB7Bjvn8IH/d6xrOnE2yLhf7RMQHuebh85JAIqBEPzaTzQSECA4QV9DKIBz+Ey7IwQr47DoBiUAaU9pCey6mWYVWDNVvNyBJrPHUV651D0/yue+8jmOtuR5O+ewBth+1Rf+z3bzl/phyzF/3PoMUZHjfW348dAh9ZH7fEPbXKU8gJyDBioi5yhv5VJLT5JP1JSMiT8XnudIVkSKeuEv0czSvQx7g30GOMO6Tw/JfWN5Ni3VcYpvZrRqeJkCewTP0QIIo1GIroQByddxvsvZt/GzB1mca4djTZC2l6jhS1T9HOvTzJQKm3JW0nJj0V4darYd67/vimCu3fSgHpsG2mp/n8fy6ZF1WCSSSPOVfA8IUQGjPyeMAoz3QoTEisN8QzyNIFTFwRWsq69AyRA/Eniq02VU9TPHO1I8FoR1rzVKQn8vpESk+XqT5xJ8sSVTIcUz02zzQodGy+6WfsPQTgMyAFWwHzlj5QFVAOmijeCi68pGacchLMDMsh1VMGxBznvMOE1FyIomPwQF+oEOjhY65sc/WYVcoGI9oqG5iI2vAJDtPTNBH8vcZZ4POUYDDltozqHikLoNJ4Ml2C7CTDQQe6NAYOTg6+t6kCfMYYxuaKxcjKEoDuu+d6Aq2W0NESmLfV8SB6pQFcWnA1of6NOnhqg90aLR4urGJm6L+AQcB1Fyjb6t0Ig8V8EXT0vi1jLgugLgAeiQBRB4LyyE/ud782AAAEv5JREFU5CxKA7YUJYBOZw7Dwn4weaBDY4XvQ2TvKgPT+ARNC+RGfC5BgJ9E40csEhGMgwWMg2ZmDwM0DMNgoLQgX/mWaVsl0YTfjWPv6yBhX/g8k2hmyEa6q/6J7crH+3EWu8WDH0Yd6vL3KSskADWHxdNonHdvnRg4i4rBtgqMGxc5vH2TRCFcMGyJ9dcAoDWjFk4O8oh5BIHH8DdZPuojesbqOj3dyFMPL227rlsBiAgR8mkikrGAIh0wBcKzryAWEr7GN7kZDMeuQxc+zufPmuo8zCVRtOu++7+BSFR54aro6NHEHmg8LLu48QCsdykrYg/6eep30T5dHRuokEDj7t04DWt+3jzCWI1c/avww1OPLbZTZUomQUP+leE+BdYBxTD7lo9xV8klq4gY8GSoVOaB28EP6NxiEkRzSGeV3WZTTiyDerw6lM7YZ57sX+mlv1JrP6ULT7CMuKUCo2uYPidw+RX1zMdNVlBRUHrCpDNoJXzx261bm3j+U8wlpyeQ98AOKkJMnG2qzulBslaHF//cZ9FkerJSIIcrXycQpyfj9AMMJ+MEdhvd69Q+AwYn8+iuQ+fI7oAIaUoQzNswhpY/xhTbq1+X7LD8KZCT8Tz0lpTTWLuOzm9DSmiNJGlYixKrr1pAtlPVTlumNJf/6kanHccRpWmS3dWtWZnMqB+8tsHOLv3WArNtzUrPOGXYtmJZbFkitNPkyqtrix9Y0EYvnkwhcOWv1jCFJz+ylN3VaRIb7ev54ZXovn1Ll/Lc2XaiCKC4LOKtgmZVjXECeeAbzn0gWXt1mGr7KHKsOmS//DmmBvQriT1UCtdeS3IDOELE+aYlQbGSzAAMM27dxdpGCpH/iy8xKSSMvIfLrybtOXS7NpkHc9ya4e4mnic+c6p//MuvqW5FAnHuk+FDdmDmTgfZbWAH2dsUK87egiLkBTPj3KehZnDjOhkDpWC2wAxbkilw9Tt4+ovSlEgfoY3XOX+bkhOc36HOWc5vUnddt+ZksYnOGSxVNIGr18ClhLDnzi4DrCJqzUoIunHHZJtGO+Ate+FjS+nDqvu2XfvJLRIyu4OQJyx1HEnNlh230wRA963MMqTIO+2Epik9kay/2c16ttg0EKxLEKHY0gQ8/d8v/+D1tViF2V+2m2lhY2FpOkY0ANxO5ykhyiaXQT1Gn/rMaSyfGahZMiOZkytvUN4DYCG43QIJLD7MAJSChCeDkhQFTA4JJiHXblIyY9MZpCmWT7M2kGQXT1jVeAUKQ5deDlYp7SDtVH9w6Jym9euQkV+C2DKlj1B8ghc6xCUAGyfIMyjlI3omBamg5qojeBwPgyKoeag55m0ArEimp6AU1e3sWmPtNQugczJNW426QnPEggNAyWycqMQf3II0s4VnK/fzX7yzFagErIMpOZlJNt7swiFtxSCkJ1oEJErRFCXzsTZm8dGF0DN9NzObOiSfADAbo+FAICJKWsOcNUeUY7NDZF/89HDROz3B+V375GPmmkA6y0SctDieVhDUbuvsLoiQznHR04qofdIA3J4Hl/bJs+badbXQ1nGCzsMM5OkcVteR1A6rw0vfrZiHGkYIAAkq7qL9KNQ8s0Y8BzULRAwHnUO1ACEpQnqa05NhF0nIM1azCAy9J0izXnxM3ngdpAjgeDYgC5MTyDa4Rn6vfg9+5PS5s4v1BSw+2kri+MZtbp9MsyyPZ1KA44jSE3F6ItZGJ0mc5zpWMWAJku6EiHDxkRYg80IvnIwVKRXp5bOd1nTcvZul8wkR0QegYhmrMDSodpXyn2aJQ1GyVDEiopmEyhxsERGmSEXxmUTlt40Wk3Gqjws/9MzH7HOfOQBWZTCi2X+b3Vs6AFi/TU9/KWCf22dw4YtDOzT96CFEUf2noW12Q5SaEBIMfiIB6Bxf/QKsw3InffojHewnFQXVbpNwkChyrJgsz693Cbz8oYTYSgGaj6ml4ECtGNOKt83qKzcuvlEcEKL/ruGHrryOq9cVUBWcm9LEeu4r+23jH6Mupa1S+PldXPrKkObJMT9jEBtSn1T6kfIH2L3/id62cFIC2V198buruzYLEsqkU0SC5SC0UjUoBsalyXk3FlEALlysEsRbnAhOEsrv6CTieEZhSwPADLFjAkhSPJ+0E85uT2bq9HHpUL2s3DeR1bM0mzCbRzpU1UJ6+EsAABS9fZ4NVUPKpejbHBLexPWRjWiUzOrkhBc/xJOqz+vHqIFEkHZoGWAGLIgBNRtjrgqDtw0kpY8k6mauchieQGn5QZ56lBx71qwpBATm14Gc9VDCuilhsGugLSDhmdCIQOxIuwCoNQ7aE7Rtad40fUy6QOtUms7FSTRi5vU9yH29W+8VYYeD96ze0/EtA+SkQT3qL9iVAb7Y6ofQJzDchF/ZySrX6jH8WhBH3N0CcsSEVswQvuOYpG9UERJuIyt0NiEmkP11aG+X6hdTBjqTjkMkACvs7koZXECo7d1dEMZJeSxbKKJZ+HGDzmam2rwEigZvVnMvWDmhb/j35ufmzf97777VhU9fePZzz779H97e6m0BiFV86RuXfvUf/OqP/88f+w0ufePS+x563/vT99/+D7cBLJ5aXP7w8iee/MTqvwle5wtffOETn/jE9evXnQt39Kknnlr8jcVP/Hf9bS5+/eJHP/LRlX+94n99/gvPL/7Govv/XP53ud/+hT9+4c7/fScvxo48u/SNS8XfFfUGL37lxaV/uHTz5k0fRl/41IWFX1t4/3/9/u7fBqabpJX83u/+3u888Tvrb6y7dxyApTNLv//53//hX//Qb/D4Y4//o3/4jxZ/c3HjpxsAJMk//uIf/+iNH/XP+M1LHz774R++/sP6mpP/Kum+5Y/vXvjSH0//yvQHf/ODN//9TbwD+Z/JP/2f/3Sxs/ijf/Mjr0cfPPPBC5+78MPrP3RwDu6fPPZPPvjfdD76O+d+9MYq4PAO8A4ufu1/+ehHz11//YfuHeuAf/4nL6a/mpr/ZMx/MngHTz/19K+f+vVfP9W++bMb/pjP//7zyd9Pun/7773e/fOvvCh/RX6w88Gbt27e4+MHFn5t4aj+0EJ7IY7jVqvlf22323kvf/JjT9YbdE53zn/yfGsubKBmVPtke/F0P32ydGYpu5M160nJfPL0+acXO/1tOp3O1Vev1r/meX7hf7jQvR2e98rrK3Ecd2/2iY4e/8jjzd1jFXc6naUzS80N0hOpNoFaZOHUQnoyTdM+HTYRXfj0BS65NsPLH1rudDqywoq1Wq1nv/Bs92fhpCRo6XT/+ABubNy48eaN/lf4QGf57HL962Jn8fzHz7dPtv2v6XxKETWRAstnl5dOL/VPN9e68LsXhk6x9uZa961ufYVLp5cW2gvxdEB3pGl67iPn2u12vf3S6aXha/jk+fTk/mPB9pYJ+NR6W6dzY6/DGJPM7jUD6+r3r5577NxQTVJva6UG8eNNME1EJIjEwC7NNXf1+mpTpdon2+y482gjZyOw91UBIEFJq79N+5E2BOqnvnuDPSSO4jRNm49zoHHMH43oySf6754/XVOtjTFqZhemfk+nuKmUsYpbrVbzGtixlBPw+Y6qQ/lmToI2frbhf81uZ+lcuvL6Sr1Bt9u99so1U4W73W43fThdea2/wUJ7IbubNb+t3tIrr650u30lyLLsqY8/Vf+apumlP7/UPlXdDofaJnk599i5TqevMfFMfOW7V5qnWL2+euPmjWQmqX9d7Cyura/VGzDz5f/jMkQ/xWqMufa9a/VTLHrFpT+/VL/E7Lh5wQBMzxgTvnWSJCuvr3S73dqu3Lp9a+XVlaIIzct5nvub09z92veu1Qbe9MzVa1eHTqF7Ot/qL9+rb6wqpbK7WX3MtfW1ohoelSTJtVevdW9362+U3c6uXrua3z3AzNM9Zf889QN5IHvIgfLUkuTQqvFA3kuy9xPeLz/EzPsG5vvr0F+/9tfpw0d1ux7I/nLw+s/R9zrwwRc6C9YcWYceyH2Se3sUx/kAN362UYeue8jfe/+p92/93dYeW1z4vQvx3598M8ABpdgsbv/tzfV/92a73YYDHsLwf98B3gEeQnYn+9afXZz9L+PZmcT/1X8y/w+S+L+YvXjxovm74s1/u/bjn6wX/3Hz+99fWfrNRQgBYOXVlXK7vPN/defTPrN2CDYc8BA2frLxvnfeF/1KNBSBsIN4CAAuf+fSnb99u33qFDuId/DylZe3/uPdND2Jh/Dydy7/+Mfri50P8jth45XXVsr/p9zY2Pj+te8vnV4sNu/+6Z99a/o/n3r5f/8uc7n6wx++9dbbp37DT5DE5T+/tHj6g/fnVu+Wv/yXf/njN3+89zYLv7Yg9AEGB7+Lokt95btXAHDJ1mhTst7WyWzCjtNW0r2d5b38wu9e6PxWh0vObmfZ3fzSNy8nSj33lReMMXrLZEUuBbUfTrtvdz09T/dn3c4HOtmdLDmRmp7pvtVdOr24er177V+93D7VWXtzrbid5T2TttNzj51rP9rO81zn+ZWfbuRat0+2i17RmmnJSNpSG+bn/uC5LMsylxFRXuQ++rOl3vjJeue3z9zKMji+/J1LAGIVP/nJ8+2T7W63m73d7Xygnd3J1t/cuPCp8y9+7atPf/L86t+stmYSXeQATM+D0IkNk3o3/FGHq9eu7r8Z8BDcsZWFJiTLHzmXpKktdTwTs+PF9gLARMRsSXpy1nCLW3Np7AfwCMCh84FOMp8ufWAp75mNjRsAmS1tcg1B6z/ZAGB6Ju+FyPbGxg04rL6+EkcxZBjt0360bYxZW19jAVIKDunDKRFlt7sQiL3B83wJDrnR8UziO03ZgSIFIJ6N4zhmh3gm0WX/dWWH9Z9sGGOI6Oor19rtztrfrCuKs7u5YS42C200lyzFbrbb+yQrr63skfdvyvs6Z8/kWbaHf752fe3d9Kk9E4oDEZleASIStHp9ZW197cJnnolVDIAEkSK/JZe88urVc088rmZa8MyEEXHJXBqKlB/ZQURsjDY6faQN4Nr3rnU6HRlJpZTpmdZcy2eziMhrZ7FZtOZaRVEQkfIHcaCIiqJQkaKITM/4jf0n9bX7U8PxtVevLp99vNVqVbycDICNoUgRUbGZtU6kxWahZhSXDIG8yNuPtAFc/F8vPvdHz70Ltx14/NzjN27e2Hezp5546n2d3z5jNrM91rN3WYceyLsh11659swXnjnIlgfKD331619tvlu/DEJRzb1yDFLhziSq4SyVDN1lP1LIDyyv/1s1c4aGxoBgrEjW/SexJADYgZrGgpIgrWYSmlVcUWlDyCzLV9bzbMzXXL0+Foc54gtV8Lmxsvr6IQ73iyEqAvMY/NfRxIOSPEaMPD91JdSgopYVmpEqGFp4RgJe56rBQgR4miKKBTQzgNjPDXKsBKURyYRbc0SzMWYUyA+eJhaQPb3x2vpab7S3dSjAzwMc4ygRxPcfNdVXi0qBasZqDHVV9ynR649qJbOAdsyOAJLTgAhzF+EYJcP7iA4qitNEJaNmrh0WMfYQ7yogP5D7INSwLjRApMeoUIt+0Wo+IAk02QcCM5ofXNRsISA/xYEJZAFdMrZtIDpiDWfZaHDebsW7sf/3ADl8YId+ToQbP7EHVlPNL9MUAXbMFX8MB00Kn1CVaCCBmAiCZUQ0E2Nasp/56ODB+VxyJyU1OIDi3jCrD+EwAwB/aYQPQnR8DxIOKvzsejvkz7IDe4h+NVzBc5zZgHaFDYTlIPQbZ0PvhwiOlOfeZ8faQTN0j+HA29W5CwPDXBoSFBPHqGC1RwA9P7BD76JIVNNm++IGSXYaYkV/JC1XCHyg4kcDwUF7CqIS8MOpHEjAGA222LYAIVLweS8CCTozr8JlHMH/ewjHCT1/T4poDA4/ZgnNQK6vRhURCmzdWSKCQy0HmT09lwf3D+LjtbC+kUAcBy+LBHRpqmXRO1lhUYsVwR217UIcigLnl0T2mEA9oePbQIrY4FEcJIXd7erWPMOBcSGw6IlBxfJDzTzr3g4Y4BaxYxXIKADvzpecA5fX85c3tN1zNtJBRLDDpHpEfkFkz/mYE5J6ok3/jOTn21WMiyQARxaQoh4dRNTocIUn7nRojrCF74b25CFMmAIMcgF1OmXOFQjMG1vm6k/zla7W8GNGj/rwBU1LK44tJ/seFEIY+HXfzmgHy97hxA4kGI5sZVf6jlP1sLixug10VTuOiUDADjMoacXZ7bxwfOvNbDUzmYGEtWLsnNrDioCfoTyZo/0iiI98j7XPFeiPQ+zPr4WlEeMWGzF/g666EgvI2phVRkUCyJipZAigV5ib0GyHdsPkkqhi34TsL2Ofaylx/1b4PiWNFY0z7jISPgVjh/3XahfX+CS0zO7mxDkWEcfBwvzel/t5S/bSmxHbHWIBsrt+OBZ56EFc9kCOKA/qZQ/kqPLQxKc3PJBfNnlQ63ggR5WH3gWgzAP5xZIHdfsHclR5EJc9kKOKiOOYS/7lwtw/kMkJRfT/Ay6Xp/NbCqCMAAAAAElFTkSuQmCC', 9000.00, 1000.00, 0.00, 'http://localhost/spiritweb/localData/epub/100001.epub', '', 0.00, 1, 'admin', '2021-05-18 04:23:51.000000');

-- ----------------------------
-- Table structure for tkategori
-- ----------------------------
DROP TABLE IF EXISTS `tkategori`;
CREATE TABLE `tkategori`  (
  `id` int(11) NOT NULL AUTO_INCREMENT,
  `NamaKategori` varchar(255) CHARACTER SET utf8mb4 COLLATE utf8mb4_general_ci NOT NULL,
  PRIMARY KEY (`id`) USING BTREE
) ENGINE = InnoDB AUTO_INCREMENT = 3 CHARACTER SET = utf8mb4 COLLATE = utf8mb4_general_ci ROW_FORMAT = Dynamic;

-- ----------------------------
-- Records of tkategori
-- ----------------------------
INSERT INTO `tkategori` VALUES (1, 'Junior');
INSERT INTO `tkategori` VALUES (2, 'go back 2');

-- ----------------------------
-- Table structure for userrole
-- ----------------------------
DROP TABLE IF EXISTS `userrole`;
CREATE TABLE `userrole`  (
  `userid` int(11) NOT NULL,
  `roleid` int(11) NULL DEFAULT NULL,
  PRIMARY KEY (`userid`) USING BTREE
) ENGINE = InnoDB CHARACTER SET = latin1 COLLATE = latin1_swedish_ci ROW_FORMAT = Dynamic;

-- ----------------------------
-- Records of userrole
-- ----------------------------
INSERT INTO `userrole` VALUES (14, 2);
INSERT INTO `userrole` VALUES (43, 2);

-- ----------------------------
-- Table structure for users
-- ----------------------------
DROP TABLE IF EXISTS `users`;
CREATE TABLE `users`  (
  `id` int(11) NOT NULL AUTO_INCREMENT,
  `username` varchar(75) CHARACTER SET latin1 COLLATE latin1_swedish_ci NOT NULL,
  `nama` varchar(75) CHARACTER SET latin1 COLLATE latin1_swedish_ci NOT NULL,
  `password` varchar(255) CHARACTER SET latin1 COLLATE latin1_swedish_ci NOT NULL,
  `createdby` varchar(255) CHARACTER SET latin1 COLLATE latin1_swedish_ci NOT NULL,
  `createdon` datetime(0) NOT NULL,
  `HakAkses` int(255) NOT NULL,
  `token` varchar(255) CHARACTER SET latin1 COLLATE latin1_swedish_ci NOT NULL,
  `verified` bit(1) NOT NULL,
  `ip` varchar(255) CHARACTER SET latin1 COLLATE latin1_swedish_ci NOT NULL,
  `browser` varchar(255) CHARACTER SET latin1 COLLATE latin1_swedish_ci NOT NULL,
  `email` varchar(255) CHARACTER SET latin1 COLLATE latin1_swedish_ci NOT NULL,
  `phone` varchar(255) CHARACTER SET latin1 COLLATE latin1_swedish_ci NOT NULL,
  `RecordOwnerID` int(11) NOT NULL,
  `CompanyName` varchar(50) CHARACTER SET latin1 COLLATE latin1_swedish_ci NOT NULL,
  `CompanyAddress` varchar(255) CHARACTER SET latin1 COLLATE latin1_swedish_ci NOT NULL,
  `CompanyPhone` varchar(15) CHARACTER SET latin1 COLLATE latin1_swedish_ci NOT NULL,
  `IPPublic` varchar(15) CHARACTER SET latin1 COLLATE latin1_swedish_ci NOT NULL,
  `Nations` varchar(50) CHARACTER SET latin1 COLLATE latin1_swedish_ci NOT NULL,
  `Provinsi` varchar(50) CHARACTER SET latin1 COLLATE latin1_swedish_ci NOT NULL,
  `Kota` varchar(50) CHARACTER SET latin1 COLLATE latin1_swedish_ci NOT NULL,
  `Kelurahan` varchar(50) CHARACTER SET latin1 COLLATE latin1_swedish_ci NOT NULL,
  `Kecamatan` varchar(50) CHARACTER SET latin1 COLLATE latin1_swedish_ci NOT NULL,
  `KodePOS` varchar(10) CHARACTER SET latin1 COLLATE latin1_swedish_ci NOT NULL,
  `Location` varchar(255) CHARACTER SET latin1 COLLATE latin1_swedish_ci NOT NULL,
  `HardwareID` text CHARACTER SET latin1 COLLATE latin1_swedish_ci NOT NULL,
  `ImageProfile` text CHARACTER SET latin1 COLLATE latin1_swedish_ci NULL,
  PRIMARY KEY (`id`) USING BTREE
) ENGINE = InnoDB AUTO_INCREMENT = 46 CHARACTER SET = latin1 COLLATE = latin1_swedish_ci ROW_FORMAT = Dynamic;

-- ----------------------------
-- Records of users
-- ----------------------------
INSERT INTO `users` VALUES (14, 'admin', 'admin', 'a9bdd47d7321d4089b3b00561c9c621848bd6f6e2f745a53d54913d613789c23945b66de6ded1eb336a7d526f9349a9d964d6f6c3a40e2ac90b4b16c0121f7895Xg53McbkyQ/NmW60Sf4cu3wJsi/8cyZXxeXV7g6b04=', 'mnl', '0000-00-00 00:00:00', 1, '', b'1', '', '', '', '', 0, '', '', '', '', '', '', '', '', '', '', '', '', NULL);
INSERT INTO `users` VALUES (43, 'operator', 'Operator', '216a8e9520609ef5d94daf2f606bd425ff68ba564f9340e3ced8216c114825998bca4566e0e26d21553848b0641d5f954932cf105c8b253c7f7260a53610e6b4AMc30ZoMECNLImxck8z7ONNigRNBdVWsWU+/Bv03HLY=', '', '2020-04-26 10:11:27', 0, '', b'0', '', '', '', '', 0, '', '', '', '', '', '', '', '', '', '', '', '', NULL);
INSERT INTO `users` VALUES (44, 'adji142', '', '1691476a18aa7f470a9f8fc3eeb677c45b548b4b9d0cac12bc2d77c3ea6c8f4190f0a3cff8fc6b96dbd8e50dfaab57e7dd2a6806832bd1488b4cf5438d49fa92oi0g8vZcx31EfvWDBAe/7O6sGYV95W2jxbnwsDzFCzc=', '', '2020-05-07 10:07:59', 0, '', b'0', '', '', 'prasetyoajiw@gmail.com', '081325058258', 0, '', '', '', '', '', '', '', '', '', '', '', '', 'http://apps.siapaisa.com/storeimage/scaled_e43d864a-1024-4066-9ec8-d2c952a9f4fe5452118784484563293.jpg');
INSERT INTO `users` VALUES (45, 'bayu04', '', 'b8508f774492123c1401169515544a1affabb249b4b327bbf519c3db50e3026a3af97609b35b2df909e9ba6483706c1148d0eefc7634662eed220f83b43a207doXTp1Fc6pK7+SQEh703yCVjFfhJIdIlhM69Ug55EXw0=', '', '2020-06-02 05:08:44', 0, '', b'0', '', '', 'bayuchris@yahoo.com', '', 0, '', '', '', '', '', '', '', '', '', '', '', '', NULL);

SET FOREIGN_KEY_CHECKS = 1;
